"","p_val","avg_log2FC","pct.1","pct.2","p_val_adj"
"GSTA1",0.00000000000000000000000000000000000000000000000000000000000000000000000000000000000000000000000000000000000000000000675721881136647,4.02224479860077,0.789,0.095,0.000000000000000000000000000000000000000000000000000000000000000000000000000000000000000000000000000000000000000172167178094806
"APOH",0.00000000000000000000000000000000000000000000000000000000000000000000000000000000000000000000000000000053406572579022,3.71057700479441,0.977,0.317,0.000000000000000000000000000000000000000000000000000000000000000000000000000000000000000000000000013607460627409
"RAMP1",0.0000000000000000000000000000000000000000000000000000000000000000000000000000000000000000000000000000227170561722348,4.5039512044535,0.515,0.027,0.000000000000000000000000000000000000000000000000000000000000000000000000000000000000000000000000578807874212369
"PRAP1",0.000000000000000000000000000000000000000000000000000000000000000000000000000000000153858667343712,2.67617118849591,0.901,0.22,0.00000000000000000000000000000000000000000000000000000000000000000000000000000392016498525045
"HPD",0.00000000000000000000000000000000000000000000000000000000000000000000000000000000974811402899945,2.99038194269896,0.661,0.093,0.000000000000000000000000000000000000000000000000000000000000000000000000000248372197344877
"APOE",0.000000000000000000000000000000000000000000000000000000000000000000000000000021938303713037,2.90914572120215,0.994,0.702,0.00000000000000000000000000000000000000000000000000000000000000000000000055896604030447
"DCXR",0.0000000000000000000000000000000000000000000000000000000000000000000000000000771003794408434,2.53115737249733,0.924,0.28,0.00000000000000000000000000000000000000000000000000000000000000000000000196444056777325
"SERPINC1",0.000000000000000000000000000000000000000000000000000000000000000000000000000558932716287957,2.96884059747068,0.667,0.102,0.0000000000000000000000000000000000000000000000000000000000000000000000142410466783009
"TM7SF2",0.000000000000000000000000000000000000000000000000000000000000000000000000103805452962884,3.88052247785839,0.409,0.026,0.00000000000000000000000000000000000000000000000000000000000000000000264485913604132
"TTR",0.000000000000000000000000000000000000000000000000000000000000000000000376332013197554,2.49859611097955,0.982,0.575,0.00000000000000000000000000000000000000000000000000000000000000000958856336426048
"VTN",0.000000000000000000000000000000000000000000000000000000000000000000497199607261117,2.6757481384043,0.947,0.333,0.000000000000000000000000000000000000000000000000000000000000012668148793406
"CES1",0.000000000000000000000000000000000000000000000000000000000000000000954227275738344,2.99962072662099,0.649,0.114,0.0000000000000000000000000000000000000000000000000000000000000243127567585373
"RBP4",0.0000000000000000000000000000000000000000000000000000000000000157951694724781,2.44622596087434,0.959,0.425,0.00000000000000000000000000000000000000000000000000000000040244512298927
"MGST1",0.000000000000000000000000000000000000000000000000000000000000060667480988063,3.08493353707651,0.602,0.106,0.00000000000000000000000000000000000000000000000000000000154574674809486
"TMEM176B",0.000000000000000000000000000000000000000000000000000000000000134655920413717,2.85115864770996,0.614,0.107,0.00000000000000000000000000000000000000000000000000000000343089819622111
"APOA1",0.00000000000000000000000000000000000000000000000000000000000502608388275026,1.93289849587119,0.988,0.707,0.000000000000000000000000000000000000000000000000000000128059591248594
"CYP2E1",0.00000000000000000000000000000000000000000000000000000000000742648815714467,2.37277826989929,0.76,0.183,0.000000000000000000000000000000000000000000000000000000189219491755889
"APOC1",0.0000000000000000000000000000000000000000000000000000000000392016397325703,2.30787592023059,0.994,0.717,0.000000000000000000000000000000000000000000000000000000998818578746159
"BAAT",0.000000000000000000000000000000000000000000000000000000000185466608026498,3.26939825214221,0.421,0.044,0.00000000000000000000000000000000000000000000000000000472550370590713
"SERPINA6",0.0000000000000000000000000000000000000000000000000000000818022340249069,3.04181915536642,0.404,0.042,0.0000000000000000000000000000000000000000000000000020842391207206
"CYP2C9",0.000000000000000000000000000000000000000000000000000000106696136464857,2.66033248301745,0.433,0.049,0.0000000000000000000000000000000000000000000000000027185108609881
"AHSG",0.00000000000000000000000000000000000000000000000000000183564208230796,2.60376819509813,0.766,0.201,0.0000000000000000000000000000000000000000000000000467703246151246
"RPL17",0.0000000000000000000000000000000000000000000000000000021122607818973,-1.98272628071215,0.807,0.93,0.0000000000000000000000000000000000000000000000000538182924619612
"RARRES2",0.0000000000000000000000000000000000000000000000000000390484923627963,2.44986769909017,0.76,0.204,0.000000000000000000000000000000000000000000000000994916536911686
"MTRNR2L8",0.00000000000000000000000000000000000000000000000000139082706940874,4.34669499836525,0.246,0.01,0.0000000000000000000000000000000000000000000000354368829014652
"SULT2A1",0.00000000000000000000000000000000000000000000000000190529447233506,3.23933372009152,0.368,0.038,0.000000000000000000000000000000000000000000000048544997860625
"AZGP1",0.00000000000000000000000000000000000000000000000000220547366681808,2.51265826047168,0.561,0.107,0.0000000000000000000000000000000000000000000000561932635568578
"AMBP",0.0000000000000000000000000000000000000000000000000309097341129927,2.21327033992044,0.942,0.446,0.000000000000000000000000000000000000000000000787549115464941
"HULC",0.0000000000000000000000000000000000000000000000000640626647688713,3.2144713014988,0.339,0.031,0.00000000000000000000000000000000000000000000163225263564607
"GAMT",0.0000000000000000000000000000000000000000000000000866133448632766,2.35822854178354,0.538,0.099,0.00000000000000000000000000000000000000000000220682141377142
"APOA2",0.000000000000000000000000000000000000000000000000177525658599429,2.49091002237488,1,0.731,0.00000000000000000000000000000000000000000000452317625545486
"ANG",0.0000000000000000000000000000000000000000000000019754415524283,2.16680923839032,0.655,0.157,0.0000000000000000000000000000000000000000000503322753143208
"ALB",0.00000000000000000000000000000000000000000000349016882931022,1.84115009086968,1,0.918,0.0000000000000000000000000000000000000000889260116019951
"APOM",0.0000000000000000000000000000000000000000000187302171411119,3.25887910981599,0.38,0.051,0.000000000000000000000000000000000000000477227202538391
"HPX",0.0000000000000000000000000000000000000000000385082468672251,1.90347611010337,0.684,0.171,0.000000000000000000000000000000000000000981151621930029
"CYP2A6",0.0000000000000000000000000000000000000000000880188606653832,3.71705316363874,0.234,0.013,0.0000000000000000000000000000000000000022426325508933
"SDC2",0.000000000000000000000000000000000000000000183833875700528,3.0002414277314,0.357,0.046,0.00000000000000000000000000000000000000468390331897375
"ANGPTL3",0.000000000000000000000000000000000000000000474020330634347,2.90015870828898,0.386,0.055,0.0000000000000000000000000000000000000120775640042325
"ITIH1",0.000000000000000000000000000000000000000000898628762835599,2.14218837988599,0.485,0.091,0.0000000000000000000000000000000000000228961622482882
"G6PC",0.00000000000000000000000000000000000000000109636177445197,2.720534445824,0.287,0.026,0.0000000000000000000000000000000000000279342016512616
"RPL36A",0.0000000000000000000000000000000000000000051660705879303,-1.5067570815215,0.86,0.942,0.000000000000000000000000000000000000131626312509876
"ADH1B",0.0000000000000000000000000000000000000000448746724252388,2.49168457338643,0.48,0.096,0.00000000000000000000000000000000000114336177872266
"CYB5A",0.00000000000000000000000000000000000000248408597951362,1.647743244686,0.86,0.406,0.0000000000000000000000000000000000632920266720276
"APOC3",0.00000000000000000000000000000000000000751076871158538,1.49787026667593,0.982,0.723,0.000000000000000000000000000000000191366876002484
"PPP1R16A",0.0000000000000000000000000000000000000222304683229637,3.08458926384491,0.316,0.041,0.000000000000000000000000000000000566410102400793
"SCD",0.0000000000000000000000000000000000000619457797565803,2.76138950077851,0.327,0.045,0.00000000000000000000000000000000157831652241791
"AQP9",0.000000000000000000000000000000000000163749215532599,2.91538392789985,0.251,0.022,0.00000000000000000000000000000000417216626255509
"PEBP1",0.000000000000000000000000000000000000383230735551492,1.69860812091967,0.871,0.421,0.00000000000000000000000000000000976433591111646
"ADH1A",0.000000000000000000000000000000000000643101575766867,2.66351057486479,0.275,0.03,0.000000000000000000000000000000016385585048964
"KNG1",0.00000000000000000000000000000000000109298427401557,2.08778902359556,0.561,0.144,0.0000000000000000000000000000000278481463176427
"GGH",0.00000000000000000000000000000000000763783763859641,2.86613786277278,0.316,0.045,0.000000000000000000000000000000194604465193798
"GATM",0.0000000000000000000000000000000000115472826696173,2.67041381074151,0.409,0.081,0.000000000000000000000000000000294213215139179
"FXYD1",0.0000000000000000000000000000000000124723834958456,2.21315206773773,0.38,0.066,0.000000000000000000000000000000317783859090651
"LGALS4",0.000000000000000000000000000000000247230656635936,3.31899589945264,0.234,0.022,0.00000000000000000000000000000629918990042702
"AKR7A3",0.000000000000000000000000000000000292973668342722,3.37580706517272,0.193,0.012,0.0000000000000000000000000000074646760957042
"ADH1C",0.000000000000000000000000000000000461896270483929,2.77392677252,0.298,0.041,0.00000000000000000000000000001176865507566
"APOB",0.000000000000000000000000000000000484921858057926,2.4044549554852,0.456,0.104,0.0000000000000000000000000000123553240214579
"FTCD",0.000000000000000000000000000000000607067767848249,2.11185096665139,0.345,0.056,0.0000000000000000000000000000154674796570055
"MTRNR2L12",0.000000000000000000000000000000000939371295300215,3.08640263594765,0.222,0.019,0.0000000000000000000000000000239342412329542
"FGA",0.00000000000000000000000000000000183775151053501,1.83273011949473,0.661,0.217,0.0000000000000000000000000000468240707369216
"A1BG",0.00000000000000000000000000000000449530061751926,1.80116260080186,0.637,0.204,0.000000000000000000000000000114535764433773
"ALDH1L1",0.00000000000000000000000000000000801764277755562,2.98595726456859,0.205,0.016,0.00000000000000000000000000020428152032934
"TF",0.0000000000000000000000000000000119985654287701,2.25525082951037,0.614,0.195,0.000000000000000000000000000305711448559633
"DPYS",0.0000000000000000000000000000000211291845025003,3.3804006427717,0.199,0.015,0.000000000000000000000000000538350491939205
"EBP",0.0000000000000000000000000000000225046460772251,2.38241228745912,0.433,0.103,0.000000000000000000000000000573395877401619
"UGT2B4",0.0000000000000000000000000000000344084395496331,2.87597844180757,0.234,0.024,0.000000000000000000000000000876692631285103
"CYP3A5",0.000000000000000000000000000000060865075613899,2.97739861048051,0.251,0.03,0.00000000000000000000000000155078126156653
"F2",0.0000000000000000000000000000000946119336034541,2.06123580773008,0.433,0.098,0.00000000000000000000000000241061745628241
"GC",0.000000000000000000000000000000618225352421132,1.84876142281905,0.637,0.208,0.000000000000000000000000015751763754338
"AMN",0.000000000000000000000000000000653184274765412,3.24296529752873,0.146,0.006,0.0000000000000000000000000166424821367479
"FGG",0.00000000000000000000000000000123695940065197,1.26677390611413,0.702,0.232,0.0000000000000000000000000315164885692117
"FMO5",0.0000000000000000000000000000015924046312546,3.56812598363642,0.17,0.01,0.0000000000000000000000000405728775997358
"CCL16",0.00000000000000000000000000000218791613335536,2.70333252103336,0.222,0.023,0.0000000000000000000000000557459151617613
"CYP17A1",0.00000000000000000000000000000263650589793515,4.81771918883901,0.117,0.002,0.0000000000000000000000000671755337734897
"PON1",0.00000000000000000000000000000450466537835164,2.14018122142894,0.275,0.038,0.000000000000000000000000114774369175021
"ACOX2",0.00000000000000000000000000000656863468371779,4.02516539631977,0.146,0.006,0.000000000000000000000000167362243106445
"SLC22A7",0.00000000000000000000000000000669927991722398,2.80644831342774,0.199,0.018,0.00000000000000000000000017069095301095
"TM4SF4",0.00000000000000000000000000000783722463333357,2.87607872786879,0.31,0.054,0.000000000000000000000000199684646432706
"NBEAL1",0.0000000000000000000000000000182821318065178,-2.02488075278875,0.579,0.796,0.000000000000000000000000465810436298267
"CYP8B1",0.0000000000000000000000000000189275844027785,2.74725632024197,0.187,0.015,0.000000000000000000000000482255922998392
"PAH",0.0000000000000000000000000000196546638343669,2.1494676960003,0.275,0.04,0.000000000000000000000000500781179835833
"APOC2",0.0000000000000000000000000000455269568922863,3.69778031331052,0.257,0.036,0.00000000000000000000000115998133465856
"CDO1",0.0000000000000000000000000000490769095341213,2.42461390285573,0.199,0.018,0.00000000000000000000000125043057801988
"HP",0.0000000000000000000000000000542352864544725,1.47974340663171,0.854,0.422,0.00000000000000000000000138186086357351
"NDUFA4L2",0.0000000000000000000000000000786269267842071,3.77948317886578,0.129,0.004,0.00000000000000000000000200333546753481
"UGT2B15",0.00000000000000000000000000011457069978701,3.26335807229581,0.199,0.019,0.00000000000000000000000291914685987322
"GABARAP",0.000000000000000000000000000169592349999785,-2.18841360119782,0.304,0.689,0.00000000000000000000000432104348564452
"AGT",0.000000000000000000000000000978431914916276,2.5281090345283,0.398,0.096,0.0000000000000000000000249294667601518
"DIO1",0.00000000000000000000000000116603066591204,4.29167355309144,0.129,0.005,0.0000000000000000000000297092953367729
"SLC39A5",0.00000000000000000000000000160143052722618,3.29654306410975,0.129,0.005,0.0000000000000000000000408028484031959
"AGXT",0.00000000000000000000000000712015200812839,1.80950485136277,0.538,0.172,0.000000000000000000000181414353015103
"AKR1C2",0.00000000000000000000000000739111520073029,3.33729757766786,0.211,0.025,0.000000000000000000000188318224199407
"MST1",0.00000000000000000000000000801287521563346,2.01086870632625,0.205,0.022,0.000000000000000000000204160047619125
"IGLC7",0.00000000000000000000000000858493461115354,3.5338111172639,0.135,0.006,0.000000000000000000000218735548957581
"SERPINF1",0.00000000000000000000000000894734921130462,2.16583900024801,0.287,0.05,0.00000000000000000000022796951055483
"GLYAT",0.00000000000000000000000000950563464550965,3.47433959467981,0.135,0.006,0.00000000000000000000024219406513294
"APOA5",0.0000000000000000000000000145900417006407,1.58283814922175,0.368,0.08,0.000000000000000000000371739672490625
"HPR",0.0000000000000000000000000353188984198765,2.78210536633476,0.216,0.027,0.000000000000000000000899890212840032
"FN1",0.0000000000000000000000000369907726799385,2.02864248615025,0.433,0.119,0.000000000000000000000942487897112154
"SERPINA4",0.0000000000000000000000000435768628488002,2.04714103013818,0.216,0.026,0.00000000000000000000111029488852458
"TMEM176A",0.0000000000000000000000000490721857709043,2.11421551001172,0.439,0.119,0.00000000000000000000125031022125687
"RP11-119D9.1",0.0000000000000000000000000724802945573875,4.33539298987502,0.117,0.004,0.00000000000000000000184672542502768
"CYP3A4",0.000000000000000000000000110337441656276,2.58933733687945,0.228,0.032,0.00000000000000000000281128767596025
"SLC27A5",0.00000000000000000000000016661637590793,2.21035085746979,0.333,0.073,0.00000000000000000000424521864175815
"TMEM205",0.00000000000000000000000024433610189305,1.28837139380258,0.649,0.25,0.00000000000000000000622543954013301
"C5",0.000000000000000000000000524321963174613,2.45762369841293,0.181,0.018,0.000000000000000000013359199299726
"SPP2",0.00000000000000000000000053734768678035,2.30615929654266,0.187,0.02,0.0000000000000000000136910817114765
"ECHDC3",0.00000000000000000000000103770567202588,3.1226144417607,0.146,0.01,0.0000000000000000000264397028175475
"ADH6",0.00000000000000000000000106090488012208,3.08196127459155,0.146,0.01,0.0000000000000000000270307954406304
"STARD10",0.00000000000000000000000129262829773574,1.56901008090976,0.327,0.069,0.000000000000000000032934876398009
"ACSM2B",0.00000000000000000000000130278298984692,2.20028215790674,0.257,0.043,0.0000000000000000000331936077983096
"ALDH2",0.00000000000000000000000137550009359725,1.51858413372277,0.556,0.198,0.0000000000000000000350463668847643
"ORM1",0.00000000000000000000000409509104384638,1.15490577667054,0.749,0.313,0.000000000000000000104338824706162
"HGD",0.00000000000000000000000482301757201927,2.55637920664235,0.193,0.023,0.000000000000000000122885664717479
"FTH1",0.00000000000000000000000577041299227536,0.465735806402767,1,0.978,0.000000000000000000147024352630184
"FUOM",0.00000000000000000000000673808615985838,1.73407797026019,0.409,0.115,0.000000000000000000171679697267032
"PPP1R1A",0.00000000000000000000000999316784709115,3.45429435873032,0.123,0.006,0.000000000000000000254615923576035
"SEC14L2",0.000000000000000000000015236480640856,2.62799699449645,0.152,0.013,0.000000000000000000388210290248369
"ASPDH",0.0000000000000000000000166627726785042,2.40748879082868,0.158,0.014,0.000000000000000000424550785075609
"SLC2A2",0.0000000000000000000000239856357117455,2.71574804094214,0.175,0.019,0.000000000000000000611130012299565
"DNPH1",0.0000000000000000000000409707009571258,1.53422937019575,0.509,0.179,0.00000000000000000104389248968661
"PROC",0.0000000000000000000000440727590328649,2.3703356360311,0.216,0.032,0.00000000000000000112292982739837
"C3",0.0000000000000000000000443714385077348,1.37494492423667,0.661,0.265,0.00000000000000000113053988173857
"IGKC",0.000000000000000000000052125328335844,-1.41418881805992,0.784,0.82,0.00000000000000000132810124066897
"HSD17B6",0.0000000000000000000000573585160733027,2.00689976405461,0.368,0.098,0.00000000000000000146143763103168
"RDH16",0.0000000000000000000000640276838147031,1.90253205259919,0.222,0.034,0.00000000000000000163136135591482
"ORM2",0.0000000000000000000000811642850515374,1.31568689145525,0.439,0.126,0.00000000000000000206798481882812
"CYP4F2",0.000000000000000000000126361499043264,2.2550896571782,0.105,0.004,0.00000000000000000321956463412331
"UPB1",0.000000000000000000000194414779177474,2.48087070720502,0.14,0.011,0.00000000000000000495349415866287
"IGHG3",0.000000000000000000000198140588937631,-3.36298213218746,0.158,0.523,0.00000000000000000504842406554191
"FMO3",0.000000000000000000000350123208843904,2.83305173056752,0.164,0.018,0.00000000000000000892078923813382
"SLC10A1",0.000000000000000000000378812212942741,2.13038009464193,0.146,0.013,0.00000000000000000965175637356809
"TMEM56",0.000000000000000000000583496858261816,2.56950195839951,0.164,0.018,0.0000000000000000148669164516528
"MASP2",0.000000000000000000000600068595305814,2.01118632941854,0.269,0.054,0.0000000000000000152891477397968
"ITIH2",0.000000000000000000000646509573119999,2.61749523818249,0.246,0.046,0.0000000000000000164724174135245
"HIST1H2AC",0.000000000000000000000723876196089893,1.71035043007648,0.287,0.061,0.0000000000000000184436416001744
"REEP6",0.00000000000000000000111373934734233,1.93848274223155,0.193,0.026,0.0000000000000000283769648309352
"MLXIPL",0.00000000000000000000129934502109954,2.28915802336163,0.187,0.025,0.0000000000000000331060117925952
"RBP5",0.00000000000000000000133718207263964,1.64983830153971,0.222,0.036,0.0000000000000000340700620287853
"PDZK1",0.00000000000000000000143173904967953,4.05384694042672,0.105,0.005,0.0000000000000000364792792467847
"CDHR5",0.00000000000000000000145598521262418,2.24796185070233,0.181,0.023,0.0000000000000000370970472324515
"ALDH5A1",0.00000000000000000000169527058769218,2.81018822086408,0.158,0.017,0.000000000000000043193799303809
"SLC27A2",0.00000000000000000000199441818937233,2.77021955442521,0.129,0.01,0.0000000000000000508157810470177
"CYP4F3",0.00000000000000000000249116192166284,2.17155347810048,0.152,0.015,0.0000000000000000634723146020476
"CYP27A1",0.0000000000000000000025678434562749,1.88836632823581,0.31,0.075,0.0000000000000000654260834224282
"LINC01485",0.00000000000000000000286468314162586,3.24354376023512,0.135,0.011,0.0000000000000000729892617654854
"OSGIN1",0.00000000000000000000492645663676531,2.32770806195416,0.216,0.036,0.000000000000000125521188648143
"TDO2",0.0000000000000000000063287815999962,1.81589115730715,0.257,0.051,0.000000000000000161251026386303
"TTC36",0.00000000000000000000717730148820871,2.07658743544845,0.193,0.028,0.00000000000000018287046461807
"GJB1",0.00000000000000000000744578141228957,2.65520088437284,0.146,0.014,0.000000000000000189711064603726
"SLC51A",0.00000000000000000000752236646045292,3.12161926831539,0.111,0.006,0.00000000000000019166237504588
"CES2",0.00000000000000000000936597030817921,1.6582140374596,0.345,0.091,0.000000000000000238635557482098
"C8B",0.0000000000000000000119494947801364,1.98228982251819,0.17,0.021,0.000000000000000304461177503095
"EPHX1",0.0000000000000000000200954760450918,1.53676756516905,0.696,0.339,0.000000000000000512012634152894
"ASGR1",0.0000000000000000000248172005587136,1.69925219430254,0.357,0.1,0.000000000000000632317453035465
"QPRT",0.0000000000000000000417405131257058,2.31297120885168,0.216,0.038,0.00000000000000106350653392986
"SLC22A1",0.0000000000000000000540509744556171,2.13345148270515,0.175,0.024,0.00000000000000137716477815467
"AADAC",0.0000000000000000000574146555369714,1.98801568990351,0.222,0.04,0.00000000000000146286800842649
"CBR1",0.0000000000000000000699317560707956,1.64989569570162,0.386,0.118,0.0000000000000017817912129278
"JUND",0.0000000000000000000716144679224255,-1.36237991035318,0.819,0.843,0.00000000000000182466502819548
"FGB",0.0000000000000000000949432064768338,0.905462136545824,0.731,0.327,0.00000000000000241905795782325
"DDT",0.000000000000000000124825663876209,1.12154391950556,0.795,0.439,0.00000000000000318043308990194
"PCYT2",0.000000000000000000148754661456742,1.90880205109185,0.228,0.043,0.00000000000000379012001925633
"C6",0.000000000000000000195928909291106,2.22719539623446,0.117,0.009,0.0000000000000049920726798281
"FASN",0.000000000000000000316874322627264,1.9058014554362,0.199,0.033,0.00000000000000807364086622005
"SDS",0.000000000000000000382967302869248,1.97877554071697,0.257,0.057,0.00000000000000975762390980557
"BCHE",0.000000000000000000493544239906081,2.59593663618306,0.17,0.024,0.000000000000012575013688567
"HAO1",0.000000000000000000540047677820677,2.24622699332527,0.158,0.02,0.000000000000013759874783193
"SQLE",0.000000000000000000628085451122573,1.96244992256184,0.234,0.047,0.000000000000016002989209152
"ACSM2A",0.000000000000000000885310796469132,2.45559407254329,0.164,0.022,0.000000000000022556833783237
"GNMT",0.000000000000000000889116779951913,2.10066213335382,0.205,0.036,0.0000000000000226538064363948
"ADI1",0.00000000000000000100091936181227,1.16417974346875,0.696,0.337,0.0000000000000255024244196148
"SLCO1B1",0.00000000000000000134373581765135,2.16488942446603,0.117,0.01,0.0000000000000342370448979388
"GPX2",0.00000000000000000224252634857367,1.62669000891857,0.193,0.032,0.0000000000000571373288353085
"AC090498.1",0.00000000000000000322761257689369,-1.42593892276461,0.778,0.786,0.0000000000000822363408466744
"CLEC3B",0.00000000000000000331409206339555,-2.51219026324753,0.251,0.541,0.0000000000000844397516832553
"MGLL",0.00000000000000000379806087960438,1.7661678585338,0.164,0.023,0.0000000000000967707931514401
"AKR1C1",0.000000000000000005772622417765,1.96614997073613,0.216,0.042,0.000000000000147080646582234
"C1S",0.00000000000000000648657682087399,1.39482375055533,0.368,0.114,0.000000000000165271490819048
"PTGR1",0.0000000000000000145672147198376,1.49391329031818,0.333,0.099,0.000000000000371158063846742
"PCBD1",0.0000000000000000155791398192454,1.72874893954554,0.322,0.094,0.000000000000396940903454553
"MT2A",0.0000000000000000180887101701171,-1.64227049198856,0.953,0.954,0.000000000000460882246424413
"C14orf1",0.0000000000000000207123534004957,1.56149508636244,0.322,0.092,0.00000000000052773005229123
"EVA1A",0.0000000000000000245947204921051,2.69383644213978,0.111,0.01,0.000000000000626648883418347
"HLF",0.000000000000000031069411881515,2.74959469345825,0.135,0.016,0.00000000000079161754532912
"SORBS2",0.0000000000000000335585648608863,1.35267858600853,0.222,0.046,0.000000000000855038674090523
"HAGH",0.0000000000000000358505789338873,1.24845731609604,0.439,0.159,0.000000000000913436900656515
"SHMT1",0.0000000000000000379103263140986,2.65883135934302,0.129,0.014,0.000000000000965917204156918
"HLA-DQB1",0.0000000000000000457246083656566,0.903599554919176,0.684,0.329,0.00000000000116501729654857
"ARG1",0.0000000000000000479677625410358,2.19708136103738,0.175,0.03,0.00000000000122217062178305
"PLVAP",0.0000000000000000544605495196715,1.28951499390564,0.421,0.147,0.00000000000138760034121171
"PXMP2",0.0000000000000000604995039193862,1.56602548963821,0.368,0.123,0.00000000000154146686036204
"MYO1B",0.0000000000000000729311819444474,2.23706051453883,0.146,0.02,0.00000000000185821358476258
"ITIH3",0.0000000000000000753770838125958,1.52192774040838,0.24,0.054,0.00000000000192053271846113
"CLU",0.0000000000000000796084374708072,0.950661424972727,0.772,0.384,0.0000000000020283433783187
"MMAB",0.0000000000000000984297699004195,1.20184742486817,0.31,0.086,0.00000000000250789210729279
"BPHL",0.0000000000000000987736466094368,2.040672141158,0.187,0.034,0.00000000000251665374196184
"MRPL12",0.000000000000000107793792952102,1.20497119975544,0.444,0.167,0.0000000000027464780506266
"C4BPA",0.000000000000000123390772972825,1.35804457336595,0.257,0.062,0.00000000000314387350457461
"HNF4A",0.000000000000000137160128413151,2.93098579018713,0.117,0.012,0.00000000000349470291183868
"C4BPB",0.000000000000000138800070375546,1.21949736438033,0.211,0.042,0.00000000000353648699309853
"GLYCTK",0.00000000000000013927359204942,1.89937678396723,0.193,0.037,0.00000000000354855185182716
"GCHFR",0.000000000000000151791035804333,1.378837538888,0.222,0.048,0.00000000000386748380125861
"ABCC3",0.000000000000000152933113627532,1.66248298636355,0.111,0.01,0.00000000000389658280211588
"SORD",0.000000000000000550771029943614,1.53517583988433,0.222,0.05,0.0000000000140330950719333
"TFR2",0.000000000000000589646430934982,1.6009270620423,0.17,0.029,0.0000000000150236014137924
"HRSP12",0.000000000000000666201546110524,1.26811691754719,0.38,0.129,0.00000000001697414919335
"TMEM97",0.000000000000000682069976361343,2.17394626187268,0.158,0.026,0.0000000000173784609277107
"PIPOX",0.000000000000000820688266832187,1.90589107146282,0.117,0.013,0.0000000000209103163506173
"CYC1",0.000000000000000896021084306186,0.999896391668585,0.55,0.244,0.0000000000228297212070373
"RPS29",0.00000000000000103980880230373,-0.437019155553623,1,0.995,0.0000000000264932884738966
"TRIM47",0.00000000000000104941179044114,1.43882141836937,0.211,0.045,0.0000000000267379630086497
"C2",0.00000000000000113816278782802,1.46719071325792,0.415,0.159,0.0000000000289992496710702
"SERPINA5",0.00000000000000151808465802231,1.70865381377059,0.175,0.032,0.0000000000386792790017505
"MRPS18B",0.00000000000000196023581549125,0.892318160003724,0.497,0.198,0.0000000000499448483429016
"CHCHD10",0.00000000000000200275292243047,1.07905312488374,0.637,0.321,0.000000000051028141710606
"ECH1",0.00000000000000204228539982492,0.939477560127726,0.673,0.353,0.0000000000520353897021391
"ETNK2",0.00000000000000252959075519347,2.26590216027575,0.105,0.01,0.0000000000644514428515743
"PGM1",0.00000000000000268948881988709,1.54169341039815,0.17,0.03,0.0000000000685254856419032
"TST",0.00000000000000275118076880801,1.49540083999136,0.251,0.065,0.0000000000700973348084594
"MSMO1",0.00000000000000316642744412677,1.53865340722495,0.246,0.063,0.000000000080677404848906
"ECHS1",0.00000000000000348761695138311,0.993082580564244,0.591,0.29,0.0000000000888609923042903
"F10",0.00000000000000384414228047227,1.87862182655504,0.152,0.025,0.000000000097944901164153
"TTC39C",0.00000000000000435573110581809,1.44522951368727,0.175,0.033,0.000000000110979672845139
"CUTA",0.00000000000000438783239909908,0.828606770663997,0.842,0.514,0.000000000111797581696645
"TAT",0.00000000000000463152278597746,1.54411527372811,0.298,0.09,0.00000000011800656906392
"STRA13",0.00000000000000466190362453897,1.1235385313271,0.398,0.144,0.000000000118780642449628
"PHYH",0.00000000000000641655638675597,1.21944290582766,0.392,0.144,0.000000000163487440178155
"FABP1",0.00000000000000715550280461423,1.23352153887213,0.596,0.269,0.000000000182315055958766
"KLC4",0.00000000000000897659909969384,1.59138935642648,0.146,0.023,0.000000000228714768461099
"ADH5",0.000000000000010775323072968,0.92392196481065,0.427,0.159,0.000000000274544456576152
"SMIM19",0.0000000000000109181806221982,0.959226676650978,0.48,0.196,0.000000000278184324072988
"CFHR3",0.0000000000000119414502039492,1.13223319939699,0.187,0.038,0.000000000304256209746422
"HSD17B13",0.0000000000000126956081148553,1.80532118538858,0.117,0.014,0.000000000323471399158398
"MPC2",0.0000000000000135396104807924,1.12909809569915,0.509,0.225,0.000000000344975735440109
"SOD1",0.0000000000000159422981683002,0.676861891358572,0.971,0.725,0.000000000406193815030121
"KRT8",0.0000000000000176342226683255,1.53656539029217,0.31,0.101,0.000000000449302359366265
"CP",0.0000000000000201612169219885,2.36795598511484,0.187,0.04,0.000000000513687645955344
"GPT",0.0000000000000202640245708662,1.25664961378212,0.17,0.032,0.000000000516307082041099
"GPAA1",0.0000000000000203387885627581,1.02066713530249,0.351,0.119,0.000000000518211993790512
"FABP4",0.00000000000002387842878362,2.75777084032715,0.199,0.046,0.000000000608398486977854
"C8A",0.0000000000000251500048259642,1.82748348629167,0.129,0.018,0.000000000640796972960742
"SERPIND1",0.0000000000000272378355276333,2.31964279485653,0.175,0.036,0.000000000693992811408568
"CISD3",0.0000000000000294591169596473,1.11568345097473,0.462,0.196,0.000000000750588841014854
"GRHPR",0.0000000000000341651879615557,0.932086021518104,0.532,0.239,0.000000000870494824072478
"COL15A1",0.0000000000000354729020993915,1.84083264455999,0.117,0.015,0.000000000903814072590396
"EEF1G",0.0000000000000500579833569249,-2.78387624842218,0.152,0.42,0.00000000127542735795109
"HLA-C",0.0000000000000544731793379559,0.465488722565994,1,0.978,0.00000000138792213635178
"IGHG1",0.0000000000000583657003752376,-2.4397723700889,0.164,0.441,0.00000000148709967986068
"PHGDH",0.0000000000000734653590637155,2.01913463794572,0.123,0.018,0.00000000187182388358441
"SLC38A4",0.0000000000000793288563554846,1.40018016135013,0.129,0.019,0.00000000202121993108139
"AC010084.1",0.000000000000080185101197881,1.96346228454589,0.193,0.045,0.00000000204303619342081
"FTL",0.0000000000000931597143426058,0.399589293829383,1,0.999,0.00000000237361636173525
"F12",0.0000000000000954173657513429,1.6936380309472,0.205,0.05,0.00000000243113906197847
"FDPS",0.000000000000106646914543829,0.855130074502879,0.673,0.361,0.00000000271725673566222
"NIT2",0.000000000000139164567465062,1.40214832769115,0.234,0.063,0.00000000354577401444232
"STOM",0.000000000000160020381030787,-0.981787428780475,0.807,0.805,0.00000000407715928828341
"RPS27",0.000000000000169155931896309,-0.411811283581956,1,0.998,0.00000000430992398878605
"COBLL1",0.000000000000172039627925616,2.33364714382579,0.105,0.013,0.00000000438339767991677
"PID1",0.000000000000178957680912406,2.40726499734785,0.105,0.013,0.00000000455966275196719
"SLC25A18",0.00000000000017937270086076,2.0850270678786,0.111,0.014,0.00000000457023704523129
"CDKN1A",0.000000000000200239281109195,-1.38328828283324,0.62,0.738,0.00000000510189664338118
"KHK",0.000000000000211420261153009,1.33831381489763,0.216,0.055,0.00000000538677683391751
"DSP",0.000000000000274897743159158,2.02666468200258,0.14,0.025,0.00000000700411959795219
"AKR1C4",0.000000000000297289885184568,1.81117333613861,0.164,0.034,0.00000000757464898461762
"RGS5",0.000000000000304329465834761,2.08290592328935,0.14,0.025,0.00000000775401046000387
"MT-CO1",0.000000000000308892479967153,0.539285988772369,1,0.999,0.00000000787027149708309
"EHHADH",0.000000000000358491956356103,1.47493813351001,0.158,0.031,0.00000000913401655599714
"PCK2",0.000000000000433383633646512,1.62443433580267,0.193,0.046,0.0000000110421816016795
"SOCS3",0.000000000000454589363458805,-0.99073889878087,0.76,0.841,0.0000000115824823915669
"ASL",0.000000000000460563587261813,0.896561640375804,0.357,0.129,0.0000000117346996398437
"AOX1",0.00000000000051182996178355,2.20826248564767,0.105,0.014,0.0000000130409155962831
"MRPS18A",0.000000000000518378630992227,0.902974386110798,0.292,0.093,0.000000013207769139051
"HSD17B8",0.000000000000541296053101026,1.57065464144601,0.24,0.07,0.000000013791682136961
"IGF1",0.000000000000561454861728763,1.94755866736751,0.105,0.014,0.0000000143053084219872
"FAH",0.000000000000580235301506976,1.32200619310652,0.17,0.036,0.0000000147838152470962
"TPD52",0.000000000000783344685566288,1.53726704660102,0.17,0.037,0.0000000199588392435435
"SERPINA1",0.00000000000080282159179176,1.56708230929779,0.947,0.623,0.0000000204550913372623
"HMGCS2",0.000000000000837346781516331,1.44814239582569,0.263,0.082,0.0000000213347586462546
"TPM1",0.000000000000848056454204994,1.27996085094371,0.327,0.119,0.000000021607630396689
"PFDN6",0.000000000000851914392880957,0.860126998991437,0.339,0.122,0.0000000217059268162139
"TUBB",0.000000000000859673871305092,0.626332994158858,0.789,0.442,0.0000000219036305669824
"HLA-A",0.000000000000926365455904431,0.3767637379306,1,0.985,0.000000023602865450989
"C8G",0.000000000000944599118584035,1.12101907299502,0.246,0.071,0.0000000240674409424026
"HSD17B11",0.000000000000994953198233694,0.776662160249486,0.608,0.307,0.0000000253504125377963
"LEAP2",0.00000000000105771228560347,1.23637888356513,0.269,0.084,0.0000000269494513248907
"THAP7",0.00000000000107471417500737,1.25859921827312,0.211,0.055,0.0000000273826424650129
"F5",0.00000000000128843690077972,1.73014768644814,0.129,0.022,0.0000000328280837949666
"ACTA2",0.00000000000130005129334146,1.43232259646765,0.269,0.085,0.0000000331240069030471
"ID1",0.00000000000135592706487486,0.676019938969942,0.912,0.639,0.0000000345476656859465
"MAT1A",0.00000000000137600148519217,1.12500075408752,0.187,0.045,0.0000000350591418412112
"CFHR1",0.00000000000147973699629642,1.40728132369472,0.322,0.115,0.0000000377022189286365
"ADH4",0.00000000000155711232973892,2.07423917975857,0.187,0.046,0.0000000396736650494179
"HIST1H1C",0.00000000000176371459518914,1.22242262357477,0.234,0.067,0.0000000449376841708241
"ETFB",0.0000000000020729357520935,0.763745212883396,0.69,0.405,0.0000000528163300275902
"MRPS11",0.00000000000221829938061148,0.957271945308443,0.363,0.138,0.0000000565200499185999
"SLCO2B1",0.00000000000239821133170913,1.85264477618839,0.164,0.036,0.0000000611040265206168
"IL6ST",0.00000000000269684508375621,-0.982441808080954,0.819,0.825,0.0000000687129158890246
"GADD45GIP1",0.00000000000272044859888611,0.627817040372384,0.743,0.392,0.0000000693143098510192
"CALD1",0.00000000000278145992083557,0.704151831067861,0.591,0.297,0.0000000708688173229695
"C17orf89",0.00000000000296137158629389,0.588712288564507,0.503,0.222,0.000000075452786647182
"RGN",0.00000000000313446856767335,1.30431642216832,0.175,0.041,0.0000000798631246357492
"ALKBH7",0.00000000000316091664606915,0.59715154973584,0.643,0.317,0.0000000805369952251958
"GALK1",0.00000000000347978063524292,1.18777607867914,0.292,0.099,0.0000000886613308053545
"NQO2",0.00000000000399224559055698,1.13733125906915,0.269,0.086,0.000000101718425401801
"MTHFD1",0.00000000000464877067362816,1.4221178427024,0.175,0.042,0.000000118446027993372
"AFM",0.00000000000473215016707582,1.06663091564337,0.152,0.031,0.000000120570454106925
"ZMAT5",0.0000000000050069435877403,1.22187356256893,0.187,0.046,0.000000127571915672035
"NTHL1",0.00000000000507310762272749,1.01726011084629,0.322,0.116,0.000000129257709119474
"TMEM161A",0.00000000000531493972465544,1.25053553351569,0.187,0.046,0.000000135419349244496
"GPRC5C",0.00000000000537634443882096,1.10708415825602,0.275,0.09,0.000000136983879956719
"RPL8",0.00000000000644409218617733,0.376242501971313,1,0.958,0.000000164189024811612
"THY1",0.00000000000712359952671063,2.80592613550919,0.129,0.024,0.00000018150219234106
"GPT2",0.00000000000783646143250115,1.67351207352837,0.129,0.023,0.000000199665200838697
"DHRS3",0.00000000000849543314927527,0.768879919899183,0.404,0.167,0.000000216455141210385
"MRPL54",0.00000000000869241027124556,0.707565453625886,0.596,0.296,0.000000221473921301066
"TKFC",0.00000000000870627555463481,1.46082524357491,0.117,0.019,0.00000022182719485654
"UXS1",0.00000000000962642543542664,1.41543230638372,0.216,0.062,0.000000245271693669235
"HSD17B10",0.0000000000103111810437818,0.875114969020128,0.474,0.216,0.000000262718581814518
"NEAT1",0.0000000000108194010057532,-0.686328105519385,1,0.945,0.000000275667518225587
"FGGY",0.0000000000108556000155018,1.79684022247932,0.17,0.041,0.000000276589832794971
"ACADSB",0.0000000000115084765668871,1.66210875506579,0.164,0.038,0.000000293224474447716
"PLG",0.0000000000133749827471223,1.12627241336687,0.257,0.083,0.000000340781185413929
"ST3GAL6",0.0000000000148994306962981,1.02188049749774,0.327,0.122,0.000000379622594710979
"HPN",0.000000000014909466454445,1.2931524565484,0.152,0.033,0.000000379878295792805
"HMGCS1",0.0000000000163312893395906,1.07960208239993,0.275,0.092,0.000000416104921083429
"TMEM14A",0.0000000000167944479714615,1.194566313321,0.287,0.102,0.000000427905739864868
"SCP2",0.0000000000168722066384487,0.64275916641843,0.749,0.433,0.000000429886952941035
"LITAF",0.000000000018276754246712,-1.43025130366463,0.567,0.674,0.000000465673421451974
"SLC38A3",0.0000000000192062196479369,1.63436469249928,0.105,0.016,0.000000489355270409785
"AMDHD1",0.0000000000201565017854009,1.27212790066471,0.17,0.04,0.000000513567508990228
"ACAA1",0.000000000020425268095378,0.973284997395159,0.404,0.177,0.000000520415405802137
"ALDH7A1",0.0000000000220485285011458,1.19216462022331,0.205,0.057,0.000000561774457680695
"KRCC1",0.0000000000230008236297698,0.794482096425189,0.363,0.143,0.000000586037985262903
"APCS",0.0000000000231695869879976,1.0063638093025,0.234,0.071,0.000000590337906867191
"SURF1",0.0000000000273005953646302,0.778175374062599,0.363,0.143,0.000000695591869295412
"GBP7",0.0000000000274219851656019,2.28070067694987,0.111,0.018,0.000000698684760034372
"ALDH1A1",0.0000000000356416609288315,0.824194379699705,0.614,0.337,0.000000908113878805699
"ADAMTS4",0.0000000000365220003221773,-1.73241119074853,0.351,0.554,0.000000930544046208756
"QDPR",0.0000000000379053430227195,0.852912573324797,0.257,0.084,0.00000096579023487587
"PMM1",0.0000000000394633768529312,1.39098588243869,0.135,0.027,0.00000100548737883583
"ABHD14B",0.0000000000396253016941473,0.961962479824623,0.327,0.126,0.00000100961306186518
"AKR1A1",0.0000000000405999830397518,0.773501317743582,0.544,0.272,0.00000103444696786984
"TUBB2A",0.0000000000436833459645267,1.03714149822453,0.211,0.061,0.00000111300797183018
"HNMT",0.0000000000469292800870858,0.90323718779228,0.281,0.097,0.00000119571112733886
"A1CF",0.0000000000506510054585445,2.03613403500041,0.105,0.017,0.00000129053696807826
"AK4",0.0000000000543626422180041,1.78435075097883,0.105,0.017,0.00000138510576107253
"UGT2B7",0.0000000000557899870950868,1.14002084160562,0.135,0.027,0.00000142147308119572
"RPL41",0.0000000000634069171465892,-0.390889770633836,1,0.999,0.00000161554484197795
"KANSL1-AS1",0.0000000000640450921368172,1.89879788295485,0.111,0.019,0.00000163180490255397
"CCL2",0.0000000000658317642783957,-2.89406560319283,0.164,0.399,0.00000167732752204924
"ID3",0.0000000000674925858890135,0.505869694242045,0.906,0.649,0.00000171964359586618
"TSTD1",0.0000000000746658627977131,1.27100828589116,0.193,0.054,0.00000190241151822293
"AGPAT2",0.0000000000750844882741239,1.22100762213499,0.228,0.072,0.0000019130776767364
"PON3",0.0000000000861414037359461,2.07570691515658,0.123,0.024,0.00000219479682578817
"DHCR7",0.0000000000991380172154542,1.36150986483583,0.164,0.041,0.00000252593754063256
"MEA1",0.000000000100130770264062,0.990389957723116,0.386,0.168,0.00000255123189555803
"SEC61B",0.000000000117910210936648,0.568063963612855,0.848,0.554,0.00000300423426445485
"ALAS1",0.000000000123693917029697,0.9227299138722,0.193,0.054,0.00000315159731199964
"SELENBP1",0.000000000124194410871946,1.25679676774093,0.228,0.073,0.00000316434939460632
"DHRS7B",0.000000000125872413410445,1.06147512409469,0.281,0.103,0.00000320710322128472
"CYP4A11",0.000000000147802899668932,0.899961419669455,0.146,0.033,0.00000376587008066472
"HSD17B4",0.000000000152412507356629,1.06773910629299,0.263,0.092,0.00000388331827493956
"NRBP2",0.000000000165414692084573,1.26703659827491,0.152,0.036,0.00000421460093962282
"FOSL2",0.000000000167693296442523,-1.54550912969065,0.368,0.55,0.00000427265750005905
"ANAPC11",0.000000000195877028781079,0.588234553042063,0.784,0.498,0.00000499075081631311
"TIMMDC1",0.000000000212693840437396,0.719687312978966,0.374,0.156,0.00000541922636050441
"KRT18",0.000000000213462695666594,1.64039193013995,0.269,0.099,0.00000543881602288916
"TRUB2",0.000000000237599222222365,1.27699856559942,0.152,0.037,0.00000605379058300364
"ACADS",0.000000000255514287501539,0.966031464704387,0.251,0.087,0.00000651024853125172
"SIK1",0.000000000259087275217668,-3.01623401748718,0.099,0.317,0.00000660128468527097
"NAMPT",0.000000000282332246456689,-1.07049431207573,0.749,0.749,0.00000719354330746998
"YIF1A",0.000000000290816989052444,0.698616187703795,0.404,0.176,0.00000740972606406723
"CPB2",0.000000000321469823101621,1.39084867456134,0.193,0.057,0.0000081907296228062
"FBXW5",0.000000000331187602782399,0.679944050499113,0.386,0.164,0.00000843832893129275
"MDH2",0.000000000340134794110443,0.695236285033355,0.526,0.268,0.00000866629441913997
"MAOA",0.000000000341580406013463,1.43600899107881,0.158,0.04,0.00000870312716481703
"GUK1",0.00000000036713098090771,0.469629497086368,0.942,0.678,0.00000935413026254754
"GCSH",0.000000000375344460377273,0.982721134623427,0.287,0.107,0.00000956340150595254
"NME1",0.000000000378885808499017,0.840069167055255,0.374,0.161,0.00000965363151474647
"MRPL23",0.00000000037928039426928,0.726321950736059,0.433,0.2,0.00000966368516558699
"MRPL27",0.000000000383066911199171,0.557299419897561,0.503,0.236,0.00000976016183044368
"MTHFS",0.000000000427500214765478,1.12945944273136,0.211,0.066,0.0000108922779720096
"MRPL51",0.000000000452510384050116,0.566788352128322,0.725,0.417,0.0000115295120752129
"NDUFS3",0.000000000452775588751086,0.683660909437064,0.474,0.225,0.0000115362692257889
"TRAPPC6A",0.000000000469094323797159,0.805250441903084,0.392,0.173,0.0000119520542760278
"C12orf10",0.000000000473503012021668,0.772968263469376,0.31,0.12,0.0000120643832433001
"HLA-DRB5",0.000000000494639792535917,0.63344126309584,0.69,0.393,0.0000126029272740226
"RNF14",0.000000000504418868008504,1.25212747983901,0.216,0.07,0.0000128520883379887
"PSMD4",0.00000000051185977534885,0.613044615191706,0.532,0.267,0.0000130416752161134
"SLC9A3R1",0.000000000542235651136914,1.17801710769218,0.193,0.058,0.0000138156221553174
"SMUG1",0.00000000054309215312613,1.43175808762196,0.152,0.038,0.0000138374449695007
"ACOT13",0.00000000055846681157669,1.12322026443947,0.251,0.09,0.0000142291758921625
"SAYSD1",0.000000000625701727464282,1.37099276078723,0.123,0.026,0.0000159422543140624
"CFB",0.00000000062572336325533,1.427089556535,0.263,0.098,0.0000159428055723825
"PRKCDBP",0.000000000626571532865823,0.971572035100038,0.216,0.07,0.0000159644160858883
"GSN",0.000000000692872027335585,1.05541059944121,0.585,0.337,0.0000176536863844834
"ECI1",0.000000000758927764322589,1.04484180635862,0.246,0.087,0.0000193367205071752
"DBI",0.000000000794609487112931,0.897781270923096,0.784,0.506,0.0000202458551221504
"ACSL1",0.000000000851551608095817,1.35186609536136,0.228,0.079,0.0000216966834226733
"RPL30",0.000000000928838361101514,0.334639737142522,1,0.938,0.0000236658726025055
"RNF5",0.00000000106265327932065,0.561493285046976,0.415,0.188,0.000027075342903811
"MLEC",0.00000000106783836060514,0.719290527302109,0.333,0.136,0.0000272074535898584
"PYM1",0.00000000108140891188429,1.04992720829424,0.211,0.067,0.0000275532176658998
"RASSF4",0.00000000109163491367294,1.40707342940717,0.135,0.031,0.0000278137659654729
"CPS1",0.00000000114255074599285,1.83053883313357,0.187,0.058,0.0000291110504571518
"RAB4A",0.00000000114532787857712,0.599818503035276,0.386,0.17,0.0000291818090182665
"VPS25",0.00000000118082107518762,0.768813195047822,0.287,0.111,0.0000300861401747053
"FAM213A",0.00000000124114116574263,0.675471811731672,0.673,0.398,0.0000316230357619566
"CDK5RAP3",0.00000000124493545537369,0.963488595285336,0.281,0.107,0.0000317197104674663
"PPIB",0.00000000127030294064991,0.587937744778026,0.942,0.706,0.000032366048624819
"MSRB2",0.00000000128385985804699,0.789949250638371,0.357,0.154,0.0000327114653231793
"ARL16",0.00000000129063533157196,0.761020013900713,0.263,0.095,0.000032884097613122
"MRPL28",0.00000000129514949976339,0.757976449563431,0.368,0.158,0.0000329991141044715
"TMEM219",0.00000000131718144852017,0.554750461428048,0.795,0.475,0.0000335604661268454
"TRAPPC1",0.00000000135568422727514,0.518887302347658,0.702,0.393,0.0000345414784267433
"RAP1B",0.00000000136112107632474,-1.22306777157626,0.491,0.605,0.0000346800039036781
"C7orf55",0.00000000141128777685264,1.01742880058862,0.304,0.123,0.0000359582012664285
"TMEM141",0.00000000145399754190308,0.796279279687308,0.439,0.212,0.0000370464033701487
"DRAP1",0.00000000151450487612587,0.557093163908775,0.591,0.313,0.0000385880697388111
"CFI",0.00000000155885104061652,0.859166775479865,0.363,0.159,0.0000397179656638683
"COA3",0.00000000164513719071998,0.698350596622779,0.497,0.254,0.0000419164504823543
"PMPCA",0.00000000170295763397332,1.00831323415672,0.193,0.059,0.0000433896575560063
"MRPL41",0.00000000200844268250605,0.763688914919121,0.567,0.31,0.0000511731111075716
"SHARPIN",0.00000000213583345129926,0.779452421243431,0.345,0.147,0.0000544189005056538
"RNF115",0.00000000216940679511589,0.612963793097355,0.643,0.364,0.0000552743157327578
"DDAH1",0.00000000220301899374588,1.38383072260816,0.135,0.032,0.0000561307209416513
"CLPTM1",0.00000000223615586571664,0.77236482976331,0.322,0.131,0.0000569750153025942
"TEX264",0.00000000227819869220976,0.812909981764515,0.386,0.179,0.0000580462244788126
"HSD17B7",0.00000000230329573353487,1.41646025482666,0.146,0.038,0.0000586856719947349
"ZFP36",0.0000000023061501835503,-0.740401594413612,0.906,0.907,0.0000587584005266782
"LINC00869",0.00000000239396250716331,1.16755005988082,0.111,0.022,0.0000609957707200141
"COX6A1",0.00000000246290671590332,0.462012632450853,0.912,0.703,0.0000627524002145006
"TRIAP1",0.00000000250194495630447,0.806825426222174,0.287,0.112,0.0000637470555416815
"GLOD4",0.00000000260487657990676,0.731019072873575,0.345,0.149,0.0000663696503794443
"DECR1",0.00000000274173070557421,0.617298294652828,0.491,0.248,0.0000698565566473254
"EFNB2",0.00000000287331598642525,-1.53839178807485,0.386,0.542,0.0000732092180181289
"ETFDH",0.00000000303137095055441,0.971197919185087,0.205,0.067,0.0000772363004491759
"OAZ2",0.00000000309825678907963,0.625936119073048,0.55,0.292,0.0000789404847289599
"AKR7A2",0.00000000317774094812261,0.645631759868246,0.392,0.18,0.000080965661617216
"RCL1",0.00000000335659898040919,1.20818334954289,0.181,0.055,0.0000855227854218457
"STXBP3",0.00000000340662473175442,0.857725020799347,0.298,0.119,0.0000867973915403709
"CRY2",0.00000000341133719697431,1.05484546234878,0.146,0.038,0.0000869174604417085
"NDUFV1",0.0000000034715339374474,0.576469155507596,0.45,0.213,0.0000884512131922223
"POR",0.0000000036165044520038,0.618404473000034,0.351,0.147,0.0000921449169326047
"TXNRD2",0.00000000370943515339105,1.41586338071843,0.129,0.03,0.0000945126982732505
"POLD2",0.00000000375840939448544,0.971974295978993,0.211,0.07,0.0000957605129620945
"ATP5G1",0.00000000381560178713873,0.552559299291212,0.626,0.356,0.0000972177179345077
"C19orf24",0.0000000038752606813412,0.5817333002985,0.38,0.169,0.0000987377668998924
"POLDIP2",0.00000000387756515574757,0.898198554303202,0.257,0.096,0.0000987964826032922
"VKORC1",0.00000000391776346909357,0.651867002979067,0.585,0.323,0.0000998206954290351
"NDUFB10",0.00000000397194048948032,0.508439944330489,0.749,0.457,0.000101201071731469
"EXOSC5",0.00000000405654981589529,1.4648660677189,0.14,0.036,0.000103356832759196
"NSL1",0.000000004066363816411,0.704258799367614,0.345,0.148,0.000103606883678336
"ARHGEF26",0.0000000041750258754381,1.23697266815507,0.105,0.021,0.000106375484280287
"STOML2",0.00000000420708620968573,0.735718537034771,0.415,0.196,0.000107192349536583
"IGFBP2",0.00000000424387074726552,1.08364089873551,0.129,0.03,0.000108129582769578
"BCAM",0.00000000436050858389367,0.848746773448392,0.38,0.175,0.000111101398209027
"ECHDC2",0.00000000437718824765478,1.07094059017982,0.205,0.068,0.000111526379361996
"ALG3",0.00000000474983446225464,0.921965870319005,0.216,0.074,0.000121021032263786
"CYHR1",0.00000000476837353155385,0.705961360229542,0.211,0.069,0.00012149338921046
"ICAM1",0.00000000479334080085161,-1.35040100068755,0.427,0.581,0.000122129530264898
"HSD11B1",0.00000000483191880337292,0.962688635670728,0.111,0.023,0.000123112459191139
"NEDD4L",0.00000000487857769172961,1.04791449730957,0.123,0.028,0.000124301281007579
"SAT1",0.00000000498187954456807,-0.755742265426641,0.947,0.925,0.00012693330891605
"TCEA3",0.00000000503926473934353,1.01043938865504,0.111,0.023,0.000128395426293734
"RABEPK",0.00000000544366152667528,1.03776409395544,0.117,0.026,0.000138699052038159
"CFH",0.00000000544644565768606,0.973566687202594,0.339,0.152,0.000138769988912183
"CDA",0.00000000552242410433696,1.25873964173395,0.14,0.036,0.000140705843754401
"HRG",0.00000000554129317933576,0.5242504400672,0.351,0.15,0.000141186608916296
"IGLC2",0.00000000572251696176152,-1.68671048417914,0.427,0.536,0.000145804009668722
"AHCY",0.00000000592704722824,1.01825860145585,0.234,0.085,0.000151015236328327
"POP5",0.00000000602708526534288,0.774009100983997,0.228,0.08,0.000153564105475671
"FO538757.2",0.00000000604644795561852,0.945912829896252,0.187,0.058,0.000154057447461204
"C11orf96",0.00000000626635280642365,-2.0122839546269,0.304,0.474,0.000159660403154868
"MEAF6",0.00000000642556224510928,0.569404382643687,0.433,0.211,0.000163716900443139
"TRAPPC4",0.00000000661005900547707,0.705430064678363,0.485,0.252,0.00016841769340055
"TSPO",0.00000000663026475844393,0.441495001406238,0.69,0.397,0.000168932515780393
"C17orf58",0.00000000688976985197959,1.62883205864286,0.123,0.029,0.000175544446058588
"ECI2",0.00000000705748056461258,1.02926175557612,0.363,0.175,0.000179817547305764
"PRKAB2",0.00000000733691771332639,1.12902898851494,0.105,0.022,0.000186937326417843
"RPS26",0.00000000734567287520519,0.290641805271511,1,0.877,0.000187160399187353
"PSMC5",0.0000000073968462637676,0.57603838482826,0.532,0.284,0.000188464245954535
"P4HB",0.00000000788589074258425,0.587008362882477,0.795,0.522,0.000200924610230304
"C1QA",0.00000000793100016155730,0.553208399547746,0.836,0.528,0.000202073953116318
"METTL23",0.00000000793489773726713,0.849360237669899,0.263,0.103,0.000202173259447829
"SELO",0.00000000808942809677793,1.28408840999906,0.111,0.024,0.000206110538477805
"CPM",0.00000000825926558160182,0.733789518201628,0.386,0.179,0.000210437827753633
"TMEM14C",0.00000000845414079355265,0.365075482888655,0.696,0.388,0.000215403053278928
"C1orf131",0.00000000851290225450923,0.961421891125027,0.187,0.059,0.000216900236542641
"VPS28",0.00000000852872438655444,0.512618208445933,0.719,0.45,0.00021730336864502
"MRPS26",0.00000000955759206168527,0.829221401428422,0.287,0.116,0.000243517888139679
"TIMM8A",0.0000000100195926692042,1.81586804155358,0.123,0.03,0.000255289201618654
"ARL6IP4",0.0000000103654320064957,0.450469941858875,0.836,0.551,0.000264100842093503
"SNRNP70",0.0000000105140962235047,0.440424480025733,0.515,0.261,0.000267888657678675
"TCEA2",0.0000000107374388423547,0.61272271162588,0.322,0.138,0.000273579204264356
"APOL3",0.0000000109758560324041,0.772820002799702,0.374,0.175,0.000279653835849623
"SNAPC5",0.0000000117020134857608,0.912257886336189,0.193,0.063,0.0002981556016037
"ETS1",0.0000000120247040572176,-1.58615346451054,0.357,0.497,0.000306377434673848
"PDGFB",0.0000000121192478727905,1.61092824199461,0.117,0.027,0.00030878631655083
"KIF5B",0.000000012188190643696,0.431032955216809,0.673,0.368,0.00031054290941073
"HDHD3",0.0000000125171138641823,1.00713972805754,0.152,0.042,0.0003189235441455
"SEC13",0.0000000128029214735847,0.637007531727115,0.327,0.141,0.000326205636225465
"CIAPIN1",0.0000000133609856123481,0.887215609573016,0.199,0.067,0.000340424552417018
"FBXO9",0.000000013414168102311,0.988965032854122,0.205,0.07,0.000341779589078783
"CTC-425F1.4",0.0000000134166171209925,1.54696671298431,0.105,0.022,0.000341841987625769
"PRELID1",0.0000000135323000295705,0.502551178062579,0.655,0.378,0.000344789472453426
"DHRS4",0.000000013865601932025,0.918834360861454,0.216,0.076,0.000353281671626065
"SCARB1",0.0000000140855397460394,0.695757805421767,0.222,0.08,0.000358885467189337
"PCK1",0.0000000142644092827483,1.12896887885869,0.287,0.119,0.000363442884115143
"CLDN15",0.0000000145803429390895,1.37387876070205,0.111,0.025,0.000371492557745061
"MTCH1",0.000000015198234097336,0.573467015754487,0.532,0.29,0.000387235806566024
"BLVRB",0.0000000159437608319201,0.568052185283829,0.55,0.301,0.000406231082236492
"FIS1",0.0000000163691776395587,0.543789097320261,0.784,0.528,0.000417070277078316
"SERPINF2",0.0000000164961510786097,0.984700401724253,0.199,0.067,0.000420305433331897
"TMEM129",0.0000000166808701139886,0.833302453682507,0.146,0.04,0.000425011889634314
"SCGB3A1",0.0000000168492191203956,0.652666438027396,0.327,0.146,0.000429301253968559
"HPGD",0.0000000169851652584449,1.11542554735456,0.152,0.043,0.000432765025619918
"EPHX2",0.0000000170239829152826,1.09034940669309,0.117,0.027,0.000433754060698487
"ACP5",0.0000000174090195410068,-0.885595755841368,0.544,0.688,0.000443564408885312
"NDUFB9",0.0000000178004867373321,0.581914135101437,0.778,0.523,0.000453538601580486
"MTDH",0.0000000179116775214825,0.582275705448726,0.643,0.413,0.000456371631569853
"MPST",0.0000000183501875026361,0.713514091224541,0.386,0.186,0.000467544427379665
"KLHDC3",0.0000000188037355520566,0.579629365350659,0.24,0.087,0.000479100378130849
"DCTN2",0.0000000192085474201668,0.514799475966381,0.404,0.19,0.000489414579718429
"C10orf54",0.0000000195322456183068,0.984487806411177,0.275,0.114,0.00049766208610884
"PSMB10",0.0000000197431195831884,0.748960432333359,0.526,0.296,0.000503034943860058
"MRPL20",0.0000000207163780407098,0.503191181019692,0.626,0.361,0.000527832596099244
"ID2",0.0000000207946340518253,0.46462938762628,0.942,0.724,0.000529826481006456
"HLA-DRB1",0.0000000222601653632823,0.507535520884572,0.965,0.768,0.00056716675329107
"ALDOC",0.0000000230983327021925,1.04485502867183,0.129,0.033,0.000588522418919163
"COMMD9",0.0000000232183950774511,0.748833649855548,0.228,0.084,0.000591581488178378
"NDUFA5",0.0000000232893908944981,0.566624796018778,0.556,0.3,0.000593390390600917
"STAP2",0.0000000236206920313938,0.686200676427408,0.175,0.054,0.000601831612267884
"TRAFD1",0.0000000246272267402494,1.61241439956592,0.111,0.026,0.000627477110114814
"VPS72",0.0000000248541594947447,0.873375889835307,0.222,0.081,0.000633259129766601
"MFSD3",0.0000000250186388496829,1.54474085745591,0.129,0.034,0.000637449899251072
"CAT",0.0000000252161960360663,0.877989332776883,0.415,0.214,0.000642483458802934
"PDGFD",0.0000000257665199029749,1.27648406779532,0.123,0.03,0.000656505160607896
"NDUFA6",0.0000000257986760644709,0.467361544261562,0.649,0.365,0.000657324467446655
"PGLS",0.0000000258451898866964,0.486211452272558,0.626,0.352,0.000658509593123138
"GALE",0.0000000276870213479816,0.574188705758622,0.199,0.067,0.000705437616925224
"LYSMD2",0.0000000281547146593892,0.681118516556352,0.298,0.127,0.000717353974806576
"PLXNB2",0.0000000282633025314208,1.47783932796136,0.152,0.045,0.00072012068519807
"CPTP",0.000000029993846318828,0.71123995593976,0.187,0.062,0.000764213210357419
"EBPL",0.0000000307253488942163,0.601062314813453,0.368,0.174,0.000782851164475738
"MRPL14",0.0000000311570625903291,0.655237142365679,0.374,0.183,0.000793850797738995
"MRPS34",0.0000000320172636400341,0.527847708777835,0.409,0.196,0.000815767860284428
"CMBL",0.0000000326875167829685,1.21996992622282,0.146,0.042,0.000832845240113256
"TPI1",0.0000000327483628736734,0.449290838791108,0.924,0.657,0.000834395537658325
"GSTK1",0.0000000327536909792569,0.461393100786836,0.749,0.478,0.000834531292460486
"PRDX4",0.0000000327824795577089,0.429953084329089,0.591,0.325,0.000835264796650866
"SHROOM1",0.0000000342385734718225,0.757563605615027,0.105,0.023,0.000872364613488566
"CD151",0.0000000345249033398352,0.460794737365109,0.813,0.524,0.000879660012195662
"ASNA1",0.0000000358676434831679,0.57756441182695,0.433,0.217,0.000913871688307635
"CYB5D2",0.0000000365957894535717,0.75082035643363,0.263,0.106,0.000932424119487553
"TMEM208",0.0000000371379055716344,0.589337977245392,0.392,0.19,0.000946236696059672
"MRPS7",0.0000000378291831830744,0.524911614022508,0.392,0.188,0.000963849758321554
"C1orf35",0.0000000390814761680019,1.06052156709776,0.193,0.067,0.000995756931284521
"TECR",0.0000000405914432839053,0.473894853855947,0.567,0.317,0.00103422938343062
"ZNF397",0.0000000421611000454222,1.1048462058012,0.17,0.054,0.00107422266805731
"DUSP23",0.0000000430012445712827,0.696226989571851,0.374,0.183,0.00109562871043171
"SLC25A39",0.0000000442252280737539,0.654422317027804,0.351,0.163,0.00112681458609118
"ACAT2",0.0000000472144960394016,1.42447160678612,0.129,0.034,0.00120297814458791
"TMEM128",0.0000000478462032776489,1.2218208815986,0.211,0.078,0.00121907341331122
"CMTM8",0.0000000517832072928188,0.554364911911399,0.439,0.215,0.00131938433861373
"TMUB1",0.0000000526123502906365,0.982201834912712,0.193,0.067,0.00134051007305513
"NDRG2",0.0000000532252114024505,0.576757946086506,0.485,0.266,0.00135612516132304
"COPZ1",0.0000000532935853108763,0.413863984602381,0.497,0.256,0.00135786726013582
"IGSF8",0.0000000535701825813687,1.50581316450749,0.135,0.038,0.00136491468199069
"PRKAG1",0.0000000561557180340043,0.978883521773157,0.199,0.071,0.0014307915397884
"IGHG4",0.0000000579662887159909,-1.90274273648321,0.298,0.441,0.00147692307019473
"MVB12A",0.0000000580980644351902,0.666193759980068,0.357,0.167,0.00148028058374421
"GMPR2",0.0000000597031408846055,0.998522930937364,0.17,0.054,0.00152117632659886
"TMEM5",0.0000000614181886333136,1.2264705332572,0.158,0.049,0.0015648740281882
"AIG1",0.0000000619233764393187,0.415619335055433,0.351,0.159,0.0015777457082974
"UBE2D3",0.0000000629328559839343,-0.737435118061549,0.795,0.779,0.00160346623761466
"BTD",0.0000000641736610755292,0.659129736627515,0.228,0.087,0.00163508071054341
"UBE2V2",0.0000000646439351458037,0.575223522508494,0.363,0.17,0.00164706282357993
"SRGN",0.0000000646687495314059,-0.515386018706079,0.959,0.951,0.00164769506931069
"BLOC1S4",0.0000000658906705893984,1.01048644792551,0.187,0.064,0.00167882839594728
"NOL7",0.0000000670938579862634,0.531526276086975,0.392,0.192,0.001709484407632
"UQCRFS1",0.0000000671149862732776,0.3993794671041,0.526,0.272,0.00171002273525684
"ACAA2",0.0000000700650161740301,0.852307069507652,0.316,0.147,0.00178518654709811
"IL32",0.0000000734178273379336,0.602910575734221,0.912,0.68,0.00187061282274321
"PCCA",0.0000000743927547423698,1.24243512759661,0.123,0.032,0.00189545299808084
"CCT3",0.0000000753962560557704,0.478714757849993,0.456,0.232,0.00192102120804497
"TFPI2",0.0000000757156006237239,-1.56970582265865,0.415,0.566,0.00192915778829186
"SLC43A1",0.0000000775463056865576,1.15901921321503,0.135,0.038,0.0019758023225878
"ABCG2",0.0000000809929418729572,0.594906569596935,0.275,0.117,0.00206361916598108
"CCND1",0.000000081598309446925,0.590783856165719,0.544,0.312,0.0020790433263982
"MRS2",0.0000000839532559146527,0.929134464798817,0.164,0.052,0.00213904500744944
"BCKDK",0.0000000849131338443206,0.827190764185953,0.24,0.095,0.00216350173721944
"CA2",0.0000000878218102302972,1.2374137507162,0.152,0.047,0.00223761190285774
"ISOC2",0.0000000886625405828971,0.690774801177138,0.345,0.162,0.00225903287151164
"CD59",0.0000000897447760314887,-0.616936884565685,0.889,0.869,0.0022866071485063
"SLC35B3",0.0000000961151619506225,0.575313062440131,0.193,0.067,0.00244891821133991
"TAPBPL",0.000000097641296202404,0.866043972934562,0.228,0.089,0.00248780258594105
"DEAF1",0.0000000980148114049734,1.25951159921325,0.135,0.038,0.00249731937978732
"CHCHD5",0.000000101466143025665,0.390632652579563,0.333,0.152,0.00258525585815091
"TMED9",0.000000106024917230523,0.453122674183232,0.684,0.405,0.00270140886611651
"USE1",0.000000110358403258758,0.778881922316797,0.304,0.137,0.0028118217566299
"C15orf40",0.000000111238491293696,0.670712956238667,0.216,0.081,0.00283424551967209
"SDC1",0.000000118114398494949,0.836132606773798,0.111,0.027,0.00300943675925279
"MRPL36",0.000000118489707969583,0.593077945299221,0.298,0.13,0.003018999269357
"RBP7",0.000000120985054262308,1.36709896683929,0.333,0.163,0.00308257819754934
"PMVK",0.000000127353206370208,0.515269991881191,0.322,0.144,0.00324483234510652
"IGHM",0.000000128203739724578,-4.17829362475894,0.018,0.171,0.00326650308444253
"TIMM13",0.000000128341202789097,0.45616977964912,0.596,0.348,0.0032700055058634
"AGTRAP",0.000000132213171904124,0.66167894780838,0.351,0.167,0.00336865940694517
"TMEM204",0.000000133700994760366,0.687060473894778,0.485,0.271,0.00340656764549937
"SNF8",0.000000136181565431368,0.504644575433571,0.427,0.216,0.00346977010562583
"CBWD1",0.000000136199710085542,0.711020615805649,0.234,0.092,0.00347023241326951
"DOCK6",0.000000136634678789909,0.574510468458981,0.327,0.151,0.00348131498088809
"SEC23A",0.00000013716448672024,0.658094484208518,0.38,0.188,0.00349481395714498
"CRYL1",0.000000138220704367063,0.503802465900721,0.439,0.222,0.00352172532656841
"DTYMK",0.000000138691378145055,0.716858285678779,0.216,0.083,0.00353371762375786
"DHRS4L2",0.000000141486560333386,0.769228998689719,0.345,0.169,0.00360493607073435
"POLR2C",0.000000142532639811993,0.727692578024438,0.257,0.107,0.00363158912976977
"OCIAD2",0.000000145406721101069,0.590179824003328,0.322,0.147,0.00370481784693414
"FOLR2",0.000000150005892947698,0.966021947687453,0.205,0.077,0.0038220001464144
"MOSPD3",0.000000150230528747344,0.556136841213033,0.175,0.058,0.00382772364195359
"COQ5",0.000000151189794914569,0.76853084509879,0.193,0.07,0.00385216478462831
"TERF1",0.000000151767766692101,0.739570322177164,0.345,0.165,0.00386689092754805
"NIPSNAP1",0.000000154793959315623,1.21442356475225,0.129,0.036,0.00394399528940277
"KCNE3",0.000000155627439113375,1.23239870353339,0.205,0.078,0.00396523152116968
"ARMC1",0.00000015861325705421,0.751649702355239,0.211,0.079,0.00404130717648421
"TPM2",0.000000159168160396228,0.676302416161798,0.158,0.05,0.00405544555873548
"IFI27L1",0.000000162181304415987,0.56954940508293,0.275,0.117,0.00413221745521493
"IL1R1",0.00000016520719455221,-1.43098661066541,0.322,0.476,0.00420931410999577
"DCTPP1",0.000000165360198299922,0.662989576977873,0.222,0.086,0.00421321249248372
"CLDN5",0.000000172509511469095,0.46992608506977,0.825,0.614,0.00439536984272108
"NAP1L4",0.000000176194417995327,0.506338182890775,0.327,0.151,0.00448925757610295
"HEXDC",0.000000176633885523384,1.22965566012485,0.135,0.039,0.00450045476925029
"TXNIP",0.000000176824578458409,0.316761192358932,0.895,0.609,0.00450531343454181
"FKBP2",0.000000177821202195054,0.484683626785599,0.766,0.507,0.00453070641072779
"CCT5",0.000000184917120298958,0.579784909600387,0.404,0.205,0.00471150330809715
"TALDO1",0.000000188070699299824,0.441003844960813,0.497,0.267,0.00479185334746022
"PPP2R1A",0.000000195277253680653,0.457639145065429,0.48,0.251,0.00497546914652937
"RPUSD3",0.000000204495549634689,1.11774271848738,0.164,0.055,0.00521034210914225
"C1QC",0.000000206946943563062,0.730068560501731,0.48,0.28,0.00527280117504326
"TAZ",0.000000212512593510117,1.21946661190694,0.14,0.042,0.00541460837004426
"DHTKD1",0.000000214838040809474,1.04681502371365,0.14,0.042,0.0054738584417846
"LSM4",0.000000215236723157579,0.551908052176091,0.392,0.2,0.00548401646933196
"ZFYVE19",0.000000219889591388044,0.742455713457595,0.14,0.042,0.00560256689897596
"C21orf33",0.000000222652298393359,1.26981859011373,0.117,0.031,0.00567295791076439
"RAB13",0.000000229050337265714,0.458822127905684,0.579,0.341,0.00583597354319313
"C1QB",0.000000229126402856835,0.397187855730379,0.754,0.492,0.0058379116183893
"SLC33A1",0.00000023295348007855,0.723025071849475,0.175,0.06,0.00593542171892139
"SLC25A11",0.000000234822694778418,0.744527031781383,0.304,0.141,0.00598304744025931
"APOL2",0.000000249946222563608,0.655443700134879,0.246,0.102,0.00636837980469816
"MIR4458HG",0.000000263836199893432,0.424641176653417,0.263,0.111,0.00672228253708475
"VWA1",0.000000273929324410092,0.981025647234096,0.187,0.068,0.00697944525664474
"MAGED2",0.000000274388980627045,0.314245660048173,0.433,0.218,0.00699115683739648
"FPGT",0.000000274399780522546,1.42686581750103,0.105,0.026,0.00699143200793395
"RNASE6",0.000000278122312940078,0.866658315108465,0.17,0.058,0.00708627841140026
"RNF13",0.000000281586670584414,0.449222154524455,0.579,0.329,0.00717454677982027
"PSMG4",0.00000028787494687314,0.436457200930058,0.246,0.099,0.00733476577138074
"IMPDH2",0.000000289305576093702,0.569600561979149,0.257,0.107,0.00737121677329144
"GCDH",0.000000295809582229154,1.37052929605396,0.135,0.041,0.00753693234561662
"SEPT7",0.000000297821289167586,0.426644844267793,0.825,0.543,0.00758818862670091
"RBM42",0.00000030182375617902,0.531679574354308,0.368,0.179,0.00769016748368526
"ZNF444",0.000000303049320994868,1.16558838341717,0.146,0.046,0.00772139364962824
"DECR2",0.000000304043334186416,1.63786782070987,0.111,0.03,0.00774672011173571
"DDOST",0.000000309133262454083,0.451085192028187,0.404,0.204,0.00787640639406759
"SMIM14",0.000000324484205698518,0.457723603066928,0.363,0.176,0.00826753307699253
"STARD3",0.000000330486060262666,0.457039353135249,0.38,0.186,0.00842045432943246
"TCTA",0.000000331274496170911,0.928620285780416,0.152,0.05,0.00844054288793863
"SDHD",0.000000335106804908405,0.447431195064166,0.561,0.32,0.00853818628226124
"POLR2J",0.00000033683598649699,0.391128872248366,0.48,0.256,0.0085822440999568
"THRAP3",0.000000339043876362574,0.544096595696371,0.427,0.223,0.00863849892584202
"RAB1A",0.000000348925369416255,0.314597050740316,0.702,0.417,0.00889026948735677
"DDRGK1",0.000000355589636975313,0.567915179465413,0.404,0.209,0.009060068360494
"THAP1",0.000000356980346436583,1.32347974584863,0.14,0.044,0.00909550224685769
"IMP3",0.000000362995311932974,0.589621678195194,0.363,0.177,0.00924875755274024
"PSMB5",0.000000368882150279433,0.479316292480958,0.579,0.332,0.00939874830696966
"DST",0.000000370971222204135,0.648317349209175,0.275,0.12,0.00945197577053916
"RP11-736K20.5",0.000000373077542282325,0.946929810133257,0.193,0.073,0.00950564269981137
"CNPPD1",0.000000377679088600031,0.696229097035852,0.181,0.064,0.0096228854984402
"PIH1D1",0.000000378786286467649,0.476085959059813,0.251,0.105,0.00965109579290923
"GLRX5",0.000000383463881152888,0.675515135924393,0.31,0.145,0.00977027622789443
"PPIG",0.000000384684603004999,0.410038246661315,0.632,0.365,0.00980137899996436
"C19orf70",0.000000390402212724053,0.452343445879017,0.62,0.371,0.00994705797799613
"UGCG",0.000000406177235246819,-1.29426725708629,0.351,0.495,0.0103489897768537
"ABCF1",0.000000419691900552507,0.512059332834428,0.345,0.167,0.0106933299341773
"MRPS35",0.000000433629860332111,0.837060484765935,0.228,0.094,0.0110484552114019
"CPQ",0.000000445762279281196,0.393909635139386,0.404,0.205,0.0113575771138056
"PRDX2",0.000000477336862210692,0.502370573672459,0.661,0.395,0.0121620659122662
"FAM114A1",0.000000483766796106782,0.54461395276662,0.316,0.148,0.0123258941980047
"PNPT1",0.000000522910498210968,-2.55431223162794,0.105,0.267,0.0133232365839172
"ADK",0.000000522955944179792,0.631769178636175,0.187,0.068,0.0133243945017569
"APIP",0.000000528989305252479,0.564626667528325,0.228,0.092,0.0134781185085279
"MPHOSPH8",0.000000533724146260253,0.348687602125472,0.544,0.303,0.013598757522565
"PLEC",0.00000053903084924651,0.606688032658553,0.24,0.099,0.0137339670079518
"HYI",0.000000539252992673623,0.617728029264742,0.234,0.096,0.0137396270003312
"ZNF511",0.000000543546070281014,0.906908477832249,0.158,0.054,0.01384901032469
"RAB14",0.000000547487448467148,0.43812510855372,0.444,0.233,0.0139494326994945
"HINT1",0.000000552420370384055,0.443810494791531,0.93,0.762,0.0140751186170153
"ATP5D",0.000000561782090697218,0.383141528113257,0.836,0.556,0.0143136458888744
"GTF3A",0.000000580812476995827,0.460742879064428,0.38,0.19,0.0147985211013767
"SDHC",0.000000586211572731779,0.406880520136569,0.532,0.296,0.014936084661633
"ASPSCR1",0.000000589733199790912,0.889558725706087,0.17,0.06,0.0150258121974726
"BHLHE40",0.000000589765020633691,-1.3628852930163,0.316,0.469,0.0150266229607258
"HINT2",0.000000589918229720766,0.595225219405481,0.45,0.251,0.0150305265750554
"TMEM14B",0.00000059479013534622,0.416976659577575,0.509,0.284,0.0151546578584863
"ENTPD5",0.000000602485313092422,0.822828495473729,0.158,0.054,0.0153507232922818
"FAM45A",0.000000606958745462398,0.454914791101022,0.316,0.148,0.0154647018756364
"AAMP",0.000000642459173787635,0.376548084563536,0.386,0.194,0.0163692172889351
"C12orf45",0.000000654371585033102,1.11010536628914,0.123,0.036,0.0166727336150584
"RPS3A",0.000000658865291792096,0.276548742367039,1,0.948,0.0167872287695708
"DUSP18",0.000000663541011612051,1.10620679656127,0.111,0.03,0.0169063614348634
"RNF146",0.00000067840246877434,0.628989384989407,0.251,0.107,0.0172850165019014
"MRPS16",0.000000687291616896893,0.47356782627965,0.386,0.195,0.0175115031069159
"CTTN",0.000000695328908078678,0.802508885581339,0.491,0.282,0.0177162852489366
"MRPL13",0.000000705792247846118,0.614806250591682,0.351,0.175,0.0179828806828713
"EXOSC1",0.000000710289794380168,0.688235590432354,0.246,0.105,0.0180974736710123
"FBXL15",0.000000718329536707966,0.663713679523413,0.269,0.12,0.0183023182657823
"LRP1",0.000000734469740811724,1.34307408548955,0.105,0.028,0.0187135545261419
"EIF6",0.000000744859616546208,0.585233554352319,0.485,0.286,0.0189782781699808
"HAMP",0.000000751186113385985,-4.12023123924339,0.029,0.172,0.0191394709829615
"RMND5B",0.000000760416442297952,1.3502272427753,0.117,0.034,0.0193746505333095
"ARSA",0.000000762481211905414,0.670890411938658,0.152,0.05,0.019427258798138
"OS9",0.00000077603376590577,0.366806608286064,0.503,0.276,0.0197725643215131
"NCBP2-AS2",0.000000776514108522308,1.21182421418697,0.152,0.052,0.0197848029710399
"TAF9",0.000000778082054755657,0.528571089973855,0.357,0.176,0.0198247526731194
"IBTK",0.000000782943461119748,0.734822143900771,0.24,0.102,0.0199486164458701
"ALDH4A1",0.000000784227893238652,0.85586450267385,0.14,0.045,0.0199813424918276
"WWP1",0.000000789248067463036,0.494848043541498,0.456,0.253,0.0201092515108907
"GMPS",0.000000799679281284938,1.23766135209889,0.181,0.07,0.0203750284078589
"TMEM9",0.000000808941688234178,0.602884856175964,0.216,0.087,0.0206110252745186
"LRR1",0.000000816320553231868,1.2935722849143,0.105,0.028,0.0207990313757948
"MAP1LC3A",0.000000826418508115244,0.405278695424135,0.626,0.372,0.0210563171682683
"GEMIN6",0.00000084418601016264,1.34138750114243,0.123,0.037,0.0215090153529339
"CYP2D6",0.00000085257032240247,2.10778348294518,0.193,0.076,0.0217226392444925
"TMEM11",0.000000878982139597846,0.628222586317889,0.263,0.117,0.0223955859348135
"BAP1",0.000000935516367906663,1.12517174370142,0.14,0.046,0.0238360215378939
"AKIRIN2",0.000000954258813970964,0.653588267387787,0.374,0.196,0.0243135603211662
"OTUD6B-AS1",0.000000980255980738822,0.339868924851905,0.392,0.201,0.0249759421332445
"ZNF428",0.00000098400085670529,0.442887818442462,0.485,0.27,0.0250713578279941
"METTL7A",0.00000102163693535448,0.562931559276927,0.415,0.232,0.0260302874758968
"PREB",0.00000106342510741912,0.689717366605994,0.117,0.034,0.0270950083119318
"DLC1",0.00000107749273693383,-1.20845055102774,0.456,0.55,0.0274534374443371
"AVPI1",0.00000108126462627107,0.484067517540695,0.468,0.261,0.0275495414127606
"GIMAP7",0.00000110528572574726,0.464803173716065,0.743,0.508,0.0281615750063145
"CCDC124",0.00000110625191922422,0.325697133907349,0.427,0.222,0.0281861926499139
"AURKAIP1",0.00000111136200533861,0.32399811756195,0.626,0.373,0.0283163925340224
"CAV1",0.00000111825013971099,0.511710858920385,0.69,0.474,0.0284918953096964
"MINA",0.00000115281236182853,1.61230456006802,0.105,0.029,0.0293725061670292
"SRA1",0.0000011819211326545,0.351320374081856,0.298,0.139,0.030114168538904
"MRPL34",0.00000121200024032512,0.321751085299752,0.351,0.172,0.0308805541232437
"NR0B2",0.00000122850555863216,0.818885411994925,0.111,0.031,0.0313010931283888
"CD36",0.0000012298092301666,-0.78782465344454,0.836,0.809,0.0313343093754147
"CLDN12",0.00000123603049431192,1.12159561390382,0.105,0.029,0.0314928209645734
"GCFC2",0.00000124793690536797,1.00437191219477,0.17,0.062,0.0317961844118706
"HMGCL",0.00000125390653755236,0.754942815050076,0.216,0.09,0.0319482846702965
"MSRA",0.00000126189332739867,0.436722134546605,0.275,0.124,0.0321517800887907
"PNPLA4",0.0000012760853315457,1.02664326678092,0.111,0.031,0.0325133781624529
"GPS1",0.00000128319663282581,0.685394255886987,0.251,0.11,0.0326945670077689
"ALDOB",0.0000012859415456629,0.693452406958703,0.345,0.179,0.032764504641945
"FOSB",0.00000135229613615487,-0.797291572008156,0.655,0.715,0.0344551532530898
"OXLD1",0.00000136877330986611,1.08552593095536,0.17,0.063,0.0348749751620787
"RRBP1",0.00000140424339055336,0.433876619010861,0.719,0.458,0.0357787173479089
"DDAH2",0.00000140912069256647,0.534528288700907,0.439,0.237,0.035902986125901
"PROX1",0.00000142413506727908,1.23116705864394,0.129,0.041,0.0362855373792037
"ITPA",0.00000143130793541636,0.580022816521863,0.257,0.114,0.0364682948864734
"CTD-2336O2.1",0.00000151984586024758,0.801406488452165,0.146,0.05,0.038724152673248
"NMI",0.00000158022938737293,0.897370668322344,0.269,0.129,0.0402626645608749
"TM4SF1",0.00000159961286610511,-0.667569465128327,0.947,0.895,0.0407565362154922
"GOT1",0.00000164970101680921,1.0294370693386,0.205,0.086,0.0420327322072819
"PA2G4",0.0000016535216514808,0.309850081231972,0.532,0.303,0.0421300781580792
"CD163",0.00000167427084935492,0.34429833131719,0.211,0.087,0.0426587469707139
"ELP5",0.00000169899935098199,0.718756471485253,0.193,0.077,0.0432888044636702
"GNB2",0.00000170203369277276,0.417418720850867,0.655,0.403,0.043366116458157
"SUCLG2",0.00000170922658229228,0.370718007775525,0.345,0.169,0.0435493840902251
"TMCO1",0.00000171943402427028,0.355009408702513,0.573,0.337,0.0438094595043826
"PRPF31",0.0000017352155820882,0.488029464239033,0.275,0.127,0.0442115578160253
"SPARCL1",0.00000174987573018113,0.627900901424007,0.275,0.129,0.044585083729285
"SDF2L1",0.00000177895687279539,0.621827442536512,0.52,0.317,0.0453260421619537
"FAM162A",0.00000179418240310691,0.308863426989101,0.333,0.16,0.0457139734487609
"MSRB1",0.00000185789361071725,0.786824934019754,0.158,0.056,0.0473372713074648
"IL27RA",0.00000187021796006888,0.725346751044121,0.181,0.069,0.047651283404595
"C16orf13",0.00000187131667720445,0.315595280953936,0.427,0.226,0.0476792776184921
"SLC35B1",0.00000190593217314559,0.521027110664945,0.228,0.096,0.0485612458395764
"WBP2",0.00000191316890697598,0.341885400732651,0.392,0.198,0.0487456305808411
"RTCB",0.00000191424124462982,0.586003075727717,0.257,0.115,0.0487729526719232
"STX5",0.00000191572141371511,0.388893095676478,0.298,0.14,0.0488106659000474
"RPL26L1",0.00000192116137281272,0.258211212721337,0.421,0.219,0.0489492706178952
"CST3",0.00000192655788225286,0.295978978556833,0.942,0.768,0.0490867682819205
"PIN1",0.00000195496807535151,0.477013428478255,0.439,0.239,0.049810631591881
"PDLIM3",0.00000198085427133425,-1.81783603071451,0.187,0.346,0.0504701859793253
"NDUFAF3",0.00000198698652590099,0.305428209231489,0.684,0.409,0.0506264296934314
"TP53I3",0.00000199692033763322,1.01130644904977,0.152,0.054,0.0508795332825568
"IGFBP1",0.00000200913584138271,1.43200269889716,0.24,0.109,0.05119077210259
"LXN",0.00000204480040783579,0.875165824185429,0.24,0.108,0.052099469591248
"EFR3A",0.00000205177482033333,0.623243877069452,0.257,0.115,0.0522771706472729
"CCDC97",0.0000020972224932708,1.26601800471997,0.105,0.03,0.0534351319060467
"ACBD5",0.00000214260005229909,0.626505370413014,0.187,0.073,0.0545913067325286
"SDF2",0.00000224065691128551,0.332809915727002,0.398,0.204,0.0570896974426436
"MPHOSPH10",0.00000224867722940133,0.755756074176386,0.222,0.098,0.0572940471279165
"SORL1",0.0000023186517571792,0.544848917100842,0.17,0.063,0.0590769281211689
"BANF1",0.00000233714790809512,0.388154847985281,0.573,0.341,0.0595481915503556
"SLC3A2",0.00000235372316928048,0.437104183639062,0.561,0.334,0.0599705126300975
"PPM1G",0.00000236960965982114,0.490847286755055,0.31,0.153,0.0603752845225829
"HIF1A",0.00000239684892271701,-1.15409093124016,0.62,0.61,0.0610693137019068
"CD34",0.00000243310255261069,0.61157563464243,0.216,0.092,0.0619930199379677
"LMF2",0.00000244826748803546,0.301845947209558,0.298,0.139,0.0623794073276555
"SIVA1",0.00000245443927834331,0.336549106118218,0.614,0.372,0.0625366583729091
"SLC38A6",0.00000246662601550781,0.456373695371519,0.129,0.041,0.0628471642491235
"GALM",0.00000249682080765001,0.700211322212348,0.135,0.044,0.0636164973581147
"ROGDI",0.00000252686196837024,0.665800604438669,0.216,0.091,0.0643819160921053
"RP11-792A8.4",0.00000255104555861228,0.803957353154344,0.117,0.035,0.0649980897878823
"HADHB",0.00000256063898066814,0.473469638676295,0.515,0.298,0.0652425205884436
"PRDX6",0.00000256339000214883,0.348596067119268,0.772,0.529,0.0653126138647501
"PTDSS2",0.00000262022939625087,1.24889604206785,0.14,0.049,0.0667608247870758
"HADH",0.00000263574112723418,0.324390130829777,0.211,0.086,0.0671560481807996
"DCPS",0.00000265330062039158,0.793866811667511,0.152,0.054,0.0676034465069572
"TP53I13",0.00000268452076242807,1.05613675753144,0.123,0.038,0.0683989045059049
"RHOC",0.00000269056175759547,0.338676934404557,0.947,0.761,0.0685528230217751
"MVP",0.00000269621012427228,0.622710399942179,0.281,0.134,0.0686967377563334
"TMEM160",0.00000273526589561699,0.315370687241186,0.48,0.267,0.0696918397544254
"SPR",0.0000027902210095195,0.391485307725504,0.175,0.067,0.0710920411015474
"TOM1",0.00000288131714205378,0.682218543503918,0.193,0.078,0.0734130794623884
"MRPL57",0.00000290682104689953,0.326542633895115,0.591,0.351,0.074062893453953
"CDC40",0.00000292412584691639,0.596139992685827,0.275,0.13,0.0745038024535826
"SETD9",0.00000295218329497314,0.984046780040246,0.111,0.033,0.0752186781726205
"EHMT2",0.00000295628230194145,0.771615842485514,0.123,0.038,0.0753231167711663
"PKM",0.00000295839403423929,0.581050481411768,0.444,0.255,0.0753769215983829
"YIPF2",0.00000298987803706322,0.604375306032361,0.228,0.099,0.0761791025063337
"HDDC3",0.00000301897612333261,0.78206918533962,0.205,0.086,0.0769204926463916
"PDHA1",0.00000306557720899312,0.621961592170213,0.234,0.103,0.0781078417079356
"PHB",0.00000306669566740912,0.410116989918222,0.509,0.292,0.0781363389099169
"PPP1R7",0.00000309967779036541,0.417092985697536,0.316,0.154,0.0789766904207202
"MTX1",0.00000315797182556979,0.378802590139413,0.251,0.113,0.0804619641436928
"GAPDH",0.00000318459253609853,0.250156779934252,1,0.907,0.0811402332272543
"MYLK",0.00000322518303286186,0.292338099043235,0.211,0.087,0.0821744384942873
"IGHA1",0.00000323192174025815,-1.44222242386337,0.561,0.565,0.0823461340200375
"COA4",0.00000325322806403874,0.38409851115563,0.287,0.135,0.0828889978436432
"SLC2A3",0.00000330060258875161,-1.02346636524384,0.462,0.59,0.0840960533588024
"TIAL1",0.00000333922227018189,0.358308219010436,0.363,0.187,0.0850800442219643
"PTMS",0.00000338594638845636,0.358644543404703,0.76,0.501,0.0862705280314796
"MRPL45",0.00000339975286297216,0.523716741084072,0.187,0.074,0.0866223031956677
"SMC6",0.0000034276076014713,0.561572858473905,0.199,0.081,0.0873320140778873
"SLTM",0.00000342764007393847,0.528681869553731,0.38,0.202,0.0873328414438782
"MAF",0.00000346402579585229,-0.82543609391091,0.713,0.715,0.0882599132525205
"FAM229B",0.00000350892385962133,0.557569847345067,0.222,0.096,0.0894038710192919
"FTSJ2",0.00000353199449243489,1.12154961052011,0.105,0.03,0.0899916876727486
"SCRN2",0.0000035892586770844,0.354291658824857,0.251,0.112,0.0914507218334335
"CCNB1IP1",0.00000359307734792312,0.554334814989098,0.146,0.051,0.0915480177477331
"PRCP",0.00000361298116256438,-0.611186701236148,0.865,0.835,0.0920551470409779
"CCDC12",0.00000364852463673455,0.336484886321551,0.386,0.202,0.0929607592193596
"PHLDA3",0.00000365092499289481,0.932047531093415,0.123,0.039,0.0930219178939669
"SLC29A1",0.00000371890172421342,0.817052330110341,0.117,0.036,0.0947538970312338
"EEF1E1",0.00000377012971765605,0.693853538053983,0.205,0.086,0.0960591350761585
"TGM2",0.0000037832210916287,-0.852033282746323,0.591,0.637,0.0963926901936076
"GPR108",0.00000381618776626944,0.477255231036238,0.298,0.145,0.097232648096779
"EIF5AL1",0.00000388122053527785,-2.53164837095985,0.094,0.237,0.0988896180183443
"UBE2I",0.00000391828232199182,0.438837916159598,0.55,0.326,0.0998339152820296
"WASF2",0.00000392113508593026,0.423646063357265,0.497,0.287,0.099906600854417
"ABCA6",0.00000395728225239671,0.833460691697138,0.164,0.062,0.100827594508816
"DRAM2",0.00000399875487031601,0.362984174098153,0.415,0.221,0.101884275340782
"DPY30",0.00000403508153765348,0.443256866880711,0.45,0.256,0.102809842497873
"MALSU1",0.00000405927203998626,0.49118645910173,0.263,0.121,0.10342619230681
"IGFBP7",0.00000406000686383233,0.328887432639918,0.994,0.929,0.103444914883584
"ZBTB16",0.00000421763071293127,0.359893439709101,0.497,0.292,0.107461012934776
"ELMOD3",0.00000424867098539619,0.588711352008959,0.105,0.03,0.10825188803691
"FILIP1",0.00000425137698268027,0.604548453234667,0.485,0.297,0.108320834141711
"RUVBL1",0.0000043865460996763,0.792647237358169,0.211,0.091,0.111764808073652
"TTC3",0.00000440872356216584,0.496730657602674,0.439,0.25,0.112329867640423
"MRPS31",0.00000441871276467534,0.419054766054076,0.234,0.104,0.112584382531163
"CMAS",0.00000451611660428899,0.612003102033317,0.275,0.132,0.115066134960679
"RPS28",0.00000451758437851565,-0.280314776485235,1,0.996,0.1151035323802
"NUPL2",0.00000461250132505797,0.775175591575266,0.146,0.052,0.117521921261152
"SLC39A3",0.0000046225550861661,0.560467171534268,0.205,0.085,0.117778081040426
"IDH3B",0.00000463120443726446,0.44020812769452,0.357,0.185,0.117998457857061
"CIDEB",0.00000469348204923558,0.687701977178599,0.181,0.072,0.119585229132473
"PEX16",0.00000475304883230695,0.571639634105589,0.211,0.089,0.121102931198349
"MRPS5",0.0000048590736253345,0.517923982153855,0.287,0.139,0.123804336899898
"TNFAIP3",0.00000489550201820424,-1.48302262553307,0.409,0.526,0.124732495921826
"MCUR1",0.00000489909396490952,0.397730483800921,0.275,0.13,0.12482401513193
"ATG4C",0.00000491378755032383,0.974454048528029,0.135,0.046,0.125198392994701
"UFC1",0.00000494363212627872,0.283112164577589,0.538,0.308,0.125958802945456
"LINC00969",0.00000495767482272663,0.437106682308884,0.257,0.119,0.126316596808252
"RPL34",0.00000500599515874719,-0.28049902421104,1,0.998,0.12754775064972
"EXOSC4",0.00000501779506759417,0.36991188449726,0.316,0.159,0.127848400527232
"PSMD3",0.00000513838924562774,0.557741991687781,0.246,0.112,0.130921019589349
"HOXB5",0.00000517959839366212,1.43160190789658,0.135,0.047,0.131970987472117
"TDP2",0.00000522039079899087,0.436754930730225,0.251,0.115,0.133010337167488
"ATP5G3",0.00000524037106669371,0.399942229901928,0.737,0.499,0.133519414408289
"UQCRB",0.00000528348856941133,0.271791323647814,0.982,0.842,0.134618005260031
"ISCA2",0.00000529789620088592,0.888411827619224,0.251,0.121,0.134985097302372
"SRPK2",0.00000529962422104829,0.44659087256366,0.275,0.132,0.135029125528089
"HMGB1",0.00000531009005380215,0.257537283308269,0.971,0.849,0.135295784480825
"ATP6V0B",0.00000532206039360182,0.345628769509832,0.655,0.414,0.135600776768581
"NAPRT",0.0000055040630826426,0.534781019234136,0.31,0.157,0.140238023282651
"DYNLRB1",0.00000555930137745236,0.273667070471116,0.719,0.459,0.141645439796109
"GPN3",0.00000562627682951222,0.673358587378324,0.211,0.091,0.143351907339142
"TRIP6",0.00000566018217641259,0.758215170982256,0.117,0.037,0.144215781672816
"MED23",0.00000573167104675935,0.722013695244192,0.146,0.053,0.146037246600382
"DHRS1",0.0000058998041063295,0.735592335751302,0.222,0.099,0.150321108825169
"DUSP5",0.00000590422237851719,-1.134456318326,0.491,0.566,0.15043368198224
"ATPAF1",0.00000602423467703648,1.16580903067763,0.129,0.044,0.153491475336213
"CLPP",0.00000602811437409512,0.58298930097914,0.333,0.177,0.153590326137569
"COG3",0.00000604812433940377,0.55457896716871,0.164,0.062,0.154100160043669
"NUDT16L1",0.00000605404808933555,0.75338049644484,0.211,0.091,0.15425109126818
"JOSD2",0.00000605702467437083,0.398912966636115,0.287,0.138,0.154326931678294
"ERP29",0.00000614787053198498,0.417361848076864,0.626,0.397,0.156641593284445
"NAA20",0.00000618235016183471,0.548088552310946,0.363,0.196,0.157520099773387
"PLD3",0.00000623394058276744,0.457389792102456,0.48,0.276,0.158834572108332
"LAMTOR1",0.00000624962492951133,0.284095435613,0.743,0.461,0.159234193579019
"C2CD4B",0.00000645355382024906,-1.92048914980182,0.099,0.247,0.164430097786126
"METTL5",0.00000656719317458131,0.444516653843718,0.304,0.151,0.167325514895157
"PARK7",0.00000667363344560982,0.400935737180957,0.795,0.54,0.170037506560693
"TIMM17B",0.00000671569804372084,0.535334302451393,0.228,0.103,0.171109270455963
"PARP9",0.00000672341539017647,0.421134505801365,0.281,0.135,0.171305900726306
"SNRPC",0.00000682398568005898,0.472374095910097,0.415,0.236,0.173868331142223
"SRP68",0.00000685584151919586,0.751018262987602,0.17,0.067,0.174679986067591
"MRPL43",0.00000693558913087843,0.463310039415752,0.368,0.198,0.176711875465651
"NDUFB7",0.00000701946057744922,0.359533353853595,0.836,0.563,0.178848836052829
"POP4",0.00000705722903230863,0.380828844083881,0.216,0.094,0.179811138514191
"SLC2A4RG",0.00000707120385554414,0.671994382609695,0.146,0.053,0.180167203035409
"LMAN2",0.00000707283871161061,0.438245843937925,0.567,0.357,0.180208857533127
"EIF3L",0.00000724414097804431,0.319481570617712,0.602,0.366,0.184573467979591
"LSM2",0.00000727806058928831,0.341726889576442,0.386,0.204,0.185437705754477
"RNF7",0.00000729077116921262,0.321184162669423,0.474,0.268,0.185761558620368
"SPRYD4",0.00000733102523128467,1.18576045714282,0.111,0.035,0.186787191867902
"EGLN2",0.00000742428748198757,0.364844457813855,0.444,0.251,0.189163420753561
"KEAP1",0.00000747928570612269,0.639659612046797,0.175,0.071,0.1905647205063
"TRAP1",0.00000748984616186426,0.844206424987513,0.164,0.063,0.190833790358139
"NDUFC2",0.0000075063409551123,0.3904520975678,0.76,0.522,0.191254061195306
"MRPL40",0.00000756198659821325,0.263276189735471,0.304,0.15,0.192671856535875
"GHITM",0.00000772819342436676,0.3054374213512,0.614,0.372,0.196906640259441
"UPF3A",0.00000784097497810893,0.375896559663129,0.398,0.217,0.199780201467238
"LPIN2",0.00000796680858059947,0.403170447117846,0.246,0.113,0.202986315825094
"PTGES2",0.00000797832554487197,0.431305638986999,0.164,0.062,0.203279756557793
"TUBA1B",0.00000797958522988445,0.337319103849361,0.918,0.723,0.203311852072226
"CCT8",0.0000080109927597557,0.410060522448458,0.497,0.296,0.204112084525816
"PSMD8",0.00000810189668405551,0.344613772360344,0.573,0.345,0.20642822561305
"TSTA3",0.000008221226373952,0.381088995372074,0.304,0.151,0.209468626781923
"CRAT",0.00000825634958760042,0.750722249761021,0.123,0.041,0.210363531142471
"CTTNBP2",0.0000082691044005404,0.787630797925772,0.216,0.098,0.210688511021369
"AUP1",0.000008415249032291,0.319222783238579,0.474,0.268,0.214412130093742
"SUCLG1",0.00000845936770565484,0.416774692060363,0.386,0.208,0.21553622977238
"PRDM1",0.00000848527011445429,-1.51371026608533,0.263,0.401,0.216196197246181
"EI24",0.00000850016554790688,0.348771658654117,0.497,0.288,0.216575717995119
"MRPL19",0.00000853454702017895,0.476940393146098,0.251,0.118,0.217451723527139
"PLRG1",0.00000856868682923786,0.656884345941913,0.181,0.075,0.218321571722151
"DDX5",0.00000859750650784094,-0.394244246299463,0.965,0.912,0.219055868313279
"TK2",0.00000865138127281445,0.725559989809288,0.199,0.086,0.22042854345004
"PSMB3",0.00000867332064079484,0.331897799781999,0.766,0.518,0.220987536606812
"LSM3",0.00000872811435047157,0.304933421352564,0.69,0.442,0.222383625535665
"SDHAF3",0.00000892872355108971,0.584715408670106,0.181,0.074,0.227494947358215
"TMUB2",0.00000898754175224847,0.909008674076235,0.187,0.079,0.228993576305539
"NT5C",0.00000899983108989888,0.42527222668391,0.17,0.067,0.229306696339534
"NDUFB8",0.00000912343351088541,0.36307454902481,0.778,0.518,0.232455962423849
"MRPL4",0.0000093865592627529,0.447471546884248,0.211,0.091,0.239160143455681
"CDK2AP2",0.0000095619445504397,0.299226021334093,0.398,0.218,0.243628785200653
"MPLKIP",0.0000097093086085563,0.53060248641212,0.339,0.179,0.247383474037406
"SLC39A1",0.0000097678033106201,0.479529836431109,0.322,0.167,0.248873860551289
"C20orf194",0.00000978044098928259,0.732823417266317,0.187,0.079,0.249195855965931
"ZFAND2B",0.0000097868006756658,0.433099716523444,0.222,0.099,0.249357894415289
"NR2F6",0.0000098066103628181,0.929830138624284,0.111,0.035,0.249862625434242
"RPA2",0.00000999260785225597,0.542638537946068,0.228,0.104,0.25460165546763
"COASY",0.0000100271482445583,0.831573382601385,0.181,0.076,0.2554817101231
"MPG",0.0000100324375307134,0.324792406130225,0.316,0.159,0.255616475845046
"DFFA",0.0000100625318671778,0.796654874326711,0.199,0.087,0.256383249443822
"FOXN3",0.0000101029939592637,0.377964579464232,0.298,0.148,0.25741418308808
"IQGAP2",0.0000103370479381895,0.530761480064781,0.345,0.184,0.263377644417131
"C22orf39",0.0000104115713061054,0.565604461778073,0.269,0.132,0.26527642530826
"AP1S1",0.0000104741120771224,0.460513335251128,0.322,0.169,0.266869901613001
"SSNA1",0.0000106058227314678,0.506671498320383,0.351,0.191,0.270225757375069
"P4HTM",0.0000106737070751145,0.819399858414016,0.14,0.051,0.271955382566841
"PINK1",0.0000108429967887139,0.391885159491738,0.374,0.204,0.276268715179641
"NKG7",0.0000109008582909132,-1.31530839985181,0.211,0.361,0.277742968394178
"KIAA1429",0.0000109054746365553,0.751348800688946,0.146,0.054,0.277860588264792
"PSMC2",0.0000109375677720893,0.490484663847972,0.339,0.178,0.278678289265064
"SMARCB1",0.0000111787413732457,0.726822285945191,0.251,0.121,0.284823151448926
"RANBP1",0.000011204043777942,0.302390221840015,0.591,0.361,0.285467831418183
"FAM3A",0.0000112125319459121,0.571217229042139,0.181,0.075,0.285684101449895
"CHD9",0.0000112709531182721,0.436188942914642,0.421,0.244,0.287172614500454
"FAF2",0.0000116197049707203,0.428111002551311,0.158,0.06,0.296058462948983
"COQ10A",0.0000116442623318338,0.762460552337497,0.123,0.042,0.296684159952792
"RPLP0",0.0000116773665950036,0.293806956271082,0.953,0.808,0.297527623474097
"DPM3",0.000011762881660852,0.295244695556947,0.427,0.238,0.299706461836848
"NUCB2",0.0000120023319220595,0.302599641037581,0.678,0.431,0.305807415042155
"SLC38A10",0.0000120945528052384,0.385033835418672,0.228,0.102,0.308157110924668
"NDUFAB1",0.0000121073641935471,0.31237943165068,0.602,0.364,0.308483532287386
"POMGNT1",0.0000121788808376175,0.671299731794709,0.129,0.045,0.310305704861656
"UQCRC1",0.0000126512994562981,0.307532825674011,0.415,0.233,0.322342458847019
"TTC38",0.0000126772688867583,0.805421559004987,0.135,0.048,0.323004133965716
"DDX46",0.0000127081667589596,0.341589348970178,0.415,0.234,0.323791380851532
"SQRDL",0.0000128770927809752,0.597307585939908,0.228,0.105,0.328095446966467
"DNAJC11",0.0000136887910793156,0.806896064867591,0.123,0.042,0.348776707909882
"PFKFB3",0.0000137618255152557,-2.28846860921839,0.111,0.246,0.350637552303199
"THBD",0.0000138581906218338,-1.45780071537273,0.275,0.405,0.353092838853702
"APOLD1",0.0000139135339010813,-1.24200910185872,0.749,0.704,0.354502930265649
"RAB2A",0.000014156175109813,0.315246609968178,0.673,0.431,0.360685185622926
"NDUFA12",0.0000142483504242608,0.342151200798015,0.608,0.389,0.36303372045974
"KIF1B",0.000014264221274632,0.574666022184504,0.181,0.076,0.363438093856349
"FUCA1",0.0000143451081190413,0.325453747332006,0.246,0.115,0.365499009765054
"MRPS15",0.0000143849273793727,0.493395007841353,0.357,0.195,0.366513564699037
"S100A10",0.0000144996795293025,0.345136170108509,0.924,0.804,0.369437334727097
"MYDGF",0.000014506199916278,0.402091967973184,0.725,0.486,0.369603467666848
"S100A16",0.0000147415800918156,0.346311377592623,0.912,0.72,0.375600719159369
"KLHDC2",0.0000150479069011035,0.369146808038095,0.304,0.153,0.383405619933215
"RPS21",0.0000151355044405476,-0.437093407381124,0.959,0.885,0.385637517640713
"CSNK2B",0.0000152960198299291,0.300636190998679,0.585,0.353,0.389727289246764
"FBXO21",0.0000153336975777851,0.583818579847422,0.251,0.123,0.390687280584386
"UQCRQ",0.0000156462266314334,0.296869205511123,0.93,0.74,0.398650208342292
"SLC38A2",0.000015990462391781,-0.806205751752091,0.69,0.691,0.407420991280188
"GPX4",0.0000160183713193382,0.334502465898631,0.901,0.7,0.408132082845419
"MRPS10",0.0000166694726362371,0.279273733491946,0.257,0.121,0.424721493298685
"TCEA1",0.000016736213006167,0.501846289565851,0.404,0.234,0.42642197118413
"FAAP20",0.0000168523368568506,0.377548393417867,0.48,0.286,0.429380690775696
"GSTA4",0.0000171534385814681,0.543819164634521,0.263,0.13,0.437052461617226
"FEM1B",0.0000171856652511511,0.872190755120339,0.181,0.078,0.437873564934079
"BNIP3",0.0000172441630521956,0.415625133308284,0.327,0.175,0.439364030406891
"COPS6",0.0000173714158255482,0.325554447610881,0.526,0.314,0.442606303819143
"TIMP2",0.0000174212534188695,-0.746879360823944,0.649,0.665,0.443876115859377
"AAMDC",0.0000175491583509743,0.324569448506477,0.462,0.268,0.447135005624474
"ZNHIT1",0.0000175589720344383,0.352627751414619,0.737,0.504,0.447385048465452
"CINP",0.0000176556467852328,0.409777166908247,0.269,0.133,0.449848224440946
"NDUFS7",0.0000178244748302213,0.408480302078681,0.579,0.379,0.45414979419921
"BAD",0.0000179119420117339,0.465220751294135,0.38,0.212,0.456378370516969
"ERI3",0.000018473763041353,0.357722693034822,0.222,0.101,0.470693008530633
"ERVK3-1",0.0000185284741267711,-2.49850779600749,0.111,0.243,0.472086992276
"IDH1",0.0000187320427239547,0.401927180220935,0.304,0.157,0.477273716563643
"IFT20",0.0000187461589446295,0.370464141496396,0.316,0.163,0.477633383750216
"SLF2",0.0000187906771702083,0.878728409585786,0.14,0.053,0.478767663619736
"C20orf27",0.0000189375799263633,0.534941655374759,0.187,0.08,0.48251059894381
"CCNDBP1",0.0000189631516076421,0.42470051376746,0.333,0.179,0.483162139811114
"ARID5A",0.0000192800589359604,-1.73265443216144,0.281,0.389,0.491236621629336
"PLOD3",0.0000193236785648053,0.459836163959931,0.216,0.099,0.492348006152673
"CRYZ",0.0000194112507608659,0.713274184926933,0.135,0.05,0.494579258136101
"APOA1BP",0.0000194889137961322,0.455636237428048,0.351,0.192,0.496558034611652
"MPPE1",0.0000196181615840609,0.508364393681631,0.158,0.062,0.499851139000288
"MAML2",0.0000196523422347979,0.7405213423523,0.164,0.067,0.500722027800417
"PSMF1",0.0000197094269214078,0.385856951619531,0.345,0.184,0.50217648853055
"HSD17B12",0.0000198026453691677,0.368963271024521,0.421,0.239,0.504551601361025
"SKA2",0.000019802854440078,0.483037005916682,0.251,0.123,0.504556928278747
"SNRNP25",0.0000199934721103885,0.928945729274138,0.187,0.083,0.509413675900588
"DHX30",0.0000200996299409455,0.432441094761769,0.234,0.109,0.512118471265349
"SUCLA2",0.0000201327245439654,0.872287109084945,0.146,0.057,0.512961688655693
"HCFC1R1",0.0000202279913032512,0.456568452771008,0.257,0.125,0.515388990415537
"HS1BP3",0.000020304635075975,0.606424240102833,0.146,0.056,0.517341797100768
"ATP6V0D1",0.0000203356859700533,0.290987856060802,0.526,0.309,0.518132942830987
"GUSB",0.0000205426307432473,0.408482700109657,0.351,0.193,0.523405688707197
"DALRD3",0.0000207627660400383,0.885977569991598,0.111,0.037,0.529014515934136
"PCID2",0.0000207759987921657,0.665805289329014,0.175,0.074,0.529351673225589
"SMC3",0.0000208822095953108,0.355186698964403,0.327,0.172,0.532057818278924
"FAM173A",0.0000209344031118481,0.335667421397097,0.234,0.107,0.533387656886778
"NKTR",0.0000209837241253046,0.269528476820458,0.52,0.319,0.534644306988635
"RHBDD3",0.0000211575155560504,0.521214722315142,0.158,0.062,0.539072338852608
"LANCL1",0.0000212876309588421,0.921933254867161,0.129,0.047,0.542387549200338
"PTPRK",0.0000214497036848741,0.27496678545243,0.129,0.046,0.546517000186907
"COX14",0.0000216258703811801,0.276017430063338,0.556,0.344,0.551005551442088
"CCDC174",0.0000218337248928215,0.412555349471753,0.246,0.118,0.556301476544198
"FCGRT",0.0000218496439722804,0.34561774009256,0.977,0.891,0.556707078769731
"ACTR10",0.0000220557811589063,0.510009586421972,0.374,0.216,0.561959248147774
"MRPL16",0.0000222580741786338,0.482314313756211,0.216,0.099,0.56711347199741
"SDHA",0.0000223414332746042,0.496899363960904,0.345,0.189,0.56923737840364
"RMDN1",0.0000225272370090457,0.860881985095603,0.158,0.064,0.573971471753476
"APOL1",0.0000225376989831514,0.377524540503055,0.444,0.261,0.574238032391714
"SMIM20",0.0000225468912417256,0.469976362206863,0.193,0.084,0.574472241947925
"CHMP4A",0.0000227254359667479,0.294885399750373,0.439,0.255,0.579021382996769
"RPS19BP1",0.0000234909906371541,0.340212825135797,0.579,0.361,0.59852695044405
"RHOT1",0.0000235858802369239,0.561273673205722,0.14,0.053,0.600944642556585
"SMAD1",0.0000237605554692955,0.58547285376138,0.123,0.043,0.60539519280218
"PRDX5",0.0000239290844985675,0.356652398984976,0.86,0.619,0.609689143939001
"TMEM2",0.0000240142051354654,-1.19878428372357,0.404,0.49,0.611857932646524
"HIBCH",0.0000247387870209751,0.351898823601535,0.538,0.333,0.630319554507424
"MRPL9",0.0000249432625967599,0.416018436824924,0.292,0.151,0.635529387702846
"MCL1",0.0000249595031074157,-0.56103213811906,0.819,0.784,0.635943179673845
"MAN1C1",0.0000250312825719048,-1.55828030409002,0.193,0.325,0.637772048649563
"SSBP1",0.0000254203990084761,0.2789823126953,0.608,0.373,0.647686346336962
"ASB9",0.0000255884994366418,0.7971381277454,0.211,0.099,0.651969377146197
"SCAMP2",0.0000257204845731831,0.392829767360831,0.281,0.143,0.655332226440133
"NARS",0.0000257566124246515,0.553196761841289,0.339,0.189,0.656252727967696
"CSAD",0.0000259609985344773,0.66571629075872,0.146,0.057,0.661460281659948
"SOX7",0.0000260360444570394,-1.78745953992201,0.146,0.284,0.663372376720908
"LSM10",0.000026088762130539,0.476867065360447,0.216,0.099,0.664715570324004
"RPL37A",0.0000261708219720591,-0.272510061751715,1,0.988,0.666806373026094
"NDUFB3",0.000026497832824821,0.384728529533831,0.561,0.356,0.675138282543615
"USP1",0.0000267044805329385,0.47064535499162,0.205,0.092,0.680403459498741
"FAM96A",0.0000268788962196576,0.466192789101564,0.339,0.187,0.684847396780655
"COMMD3",0.0000268978624471406,0.272761922877068,0.31,0.159,0.685330637290695
"PALMD",0.0000270203708216039,0.668251250687628,0.187,0.083,0.688452028163647
"UBE2J2",0.000027286122991681,0.52420654608462,0.199,0.089,0.69522312770504
"PPIA",0.0000275127345211516,-0.32081337331472,0.965,0.901,0.700996962864423
"ATPIF1",0.0000275645755073791,0.290511716412814,0.784,0.571,0.702317819352513
"MARCKSL1",0.0000276926814296454,0.346366157919405,0.965,0.804,0.705581830145934
"FN3KRP",0.0000280647849612783,0.758471293030103,0.152,0.061,0.71506265602841
"LGALS3",0.0000282462389675571,0.540989969283598,0.298,0.156,0.719685922654388
"AFG3L2",0.0000282780639157992,0.440937563920877,0.211,0.096,0.720496790510647
"MAFB",0.0000283180049729573,0.42726420086303,0.257,0.129,0.721514448705978
"CCNL1",0.0000283774231197173,-0.716000264761771,0.719,0.684,0.723028363667276
"FBXO25",0.0000287728341007564,0.455439551584949,0.146,0.057,0.733103040053173
"DGKZ",0.0000287982270463021,0.362621478799484,0.287,0.147,0.73375002691273
"ZCCHC17",0.0000287987552916591,0.438568362544581,0.228,0.107,0.733763486076183
"DEXI",0.0000288058420530426,0.559959471816525,0.199,0.09,0.733944049669471
"SMIM7",0.0000288584694956921,0.331970029692286,0.427,0.246,0.73528494428074
"SNX2",0.0000288816096344873,0.302445346486608,0.673,0.43,0.735874531877103
"LRPAP1",0.0000291666982981371,0.457551561116168,0.421,0.248,0.743138305938234
"SDR39U1",0.0000297944160632566,0.424870613057711,0.205,0.093,0.759131926875714
"VDAC2",0.0000299034253562448,0.298995676594729,0.655,0.414,0.76190937465176
"CDC42BPA",0.0000302349216489092,0.493149070469126,0.275,0.139,0.770355568692556
"RER1",0.0000302400153007398,0.419283892123102,0.421,0.251,0.77048534984755
"NDUFB4",0.0000302504928565659,0.339420713193959,0.83,0.558,0.770752307492442
"EIF3H",0.00003039939890606,0.378723165406227,0.632,0.414,0.774546284727502
"MRPL42",0.0000304255744540319,0.442216299412515,0.281,0.143,0.775213211514279
"TLK1",0.0000305271898633238,0.678630364186363,0.199,0.09,0.777802270527626
"UVRAG",0.0000310840484330915,0.579710002841742,0.181,0.079,0.791990470026739
"RCBTB2",0.0000312024454020979,0.506747151054221,0.251,0.126,0.795007106400053
"PBDC1",0.0000312324562119915,0.398626862826246,0.275,0.139,0.795771751825332
"SMCO4",0.0000313413074924135,0.25465329133302,0.24,0.114,0.798545173599204
"ZNF524",0.0000315688202792562,0.553848530645953,0.228,0.109,0.804341971895169
"COPB2",0.0000316895214280877,0.397364726010134,0.292,0.151,0.807417316466245
"DHRSX",0.0000316912044082527,0.685973848813796,0.17,0.072,0.807460197117871
"NT5C3B",0.0000317086891771593,0.528848224225696,0.17,0.071,0.807905691544841
"TNFSF10",0.000031855019865821,0.421226316353168,0.62,0.408,0.811634051161253
"GSTO1",0.0000318939499762047,0.333005324189093,0.93,0.764,0.81262595144372
"NDUFB1",0.000031998030669984,-0.652660443727092,0.807,0.748,0.815277823440523
"COX6C",0.0000323054980178178,0.285604026123693,0.982,0.829,0.82311178399598
"TMEM120A",0.0000323222345352786,0.351001258050706,0.246,0.119,0.823538213724365
"ACOX1",0.0000325603007091161,0.528318145134228,0.199,0.09,0.82960390176757
"AK2",0.0000326953206150867,0.298647507329014,0.363,0.198,0.833044073951794
"ABCD3",0.0000329560214963711,0.51929947911577,0.14,0.054,0.83968647170604
"CAMK1",0.0000330322392355131,0.573256913301156,0.222,0.105,0.841628423481638
"RNH1",0.0000334164648932911,0.338463456345993,0.579,0.369,0.851418109016165
"WDR60",0.0000335154475970059,0.617899895944394,0.216,0.102,0.853940089324112
"IARS2",0.0000336060805170364,0.716109396932801,0.234,0.116,0.85624932549357
"FXN",0.0000336678017902018,0.909378176399888,0.146,0.058,0.857821921812553
"MLH3",0.0000337576138618299,0.662878060317898,0.117,0.041,0.860110243585564
"MFSD10",0.0000338294316666228,0.426118383827069,0.263,0.132,0.861940089433881
"YBX1",0.0000342770580280686,0.309208211966915,0.942,0.781,0.87334516149716
"EIF2A",0.0000346235802372595,0.434509487504373,0.38,0.222,0.882174200865135
"CHCHD1",0.0000353991125838956,0.409189034209766,0.333,0.179,0.901933989525075
"TSEN34",0.0000358555013171011,0.537077615539565,0.327,0.179,0.913562318058419
"PLP2",0.0000358676583479478,0.642256215900636,0.17,0.072,0.913872067047363
"TMEM134",0.0000358678902285591,0.538764199277194,0.292,0.155,0.913877975133457
"ANAPC15",0.0000360806735524917,0.780062925869689,0.164,0.069,0.919299481443937
"RING1",0.0000364903822496555,0.557460863969273,0.228,0.111,0.929738449338973
"MAF1",0.0000365789347729631,0.317672712834876,0.398,0.227,0.931994679080327
"PPCS",0.0000366177966012551,0.486041055120593,0.327,0.179,0.932984839603378
"COPS8",0.0000367788381583707,0.272780995140149,0.333,0.18,0.937088017437128
"TRIB1",0.0000370435322713586,-1.67852859374055,0.263,0.374,0.943832158741945
"RPS15A",0.0000373535393220491,-0.257770523494552,1,0.99,0.95173082838649
"NDUFB5",0.0000374003224485725,0.303403804720523,0.661,0.426,0.95292281566718
"SMS",0.0000375454804868343,0.282576340111124,0.368,0.207,0.956621297324051
"ACAT1",0.0000378338844758939,0.285943305852773,0.52,0.312,0.9639695425613
"ARHGAP29",0.0000379576612672359,0.334968875419724,0.69,0.466,0.967123251427903
"EMC6",0.0000382441045488718,0.466092613159081,0.292,0.156,0.974421539800704
"PEX2",0.0000383304125144299,0.459989264126371,0.175,0.075,0.97662058045516
"ESAM",0.0000383489969552475,0.39593612727999,0.591,0.407,0.977094093422751
"FAM13A",0.0000385529540356516,0.663450393560296,0.129,0.048,0.982290715874366
"MLX",0.0000386170170773473,0.404674619601302,0.175,0.075,0.983922978113732
"HSPH1",0.000038623363360746,-0.992094666039522,0.55,0.603,0.984084675068449
"LYL1",0.0000392547515407434,0.636557962695941,0.164,0.069,1
"WDR83OS",0.0000395075406907017,0.32322464025584,0.766,0.526,1
"POLR2G",0.0000397111554361006,0.25268904807672,0.497,0.297,1
"MITD1",0.0000397158769982307,0.447498990007789,0.228,0.11,1
"P3H1",0.0000400832833506707,0.523318408962671,0.135,0.051,1
"TADA3",0.0000406360232585957,0.707231271858052,0.17,0.072,1
"POLR2E",0.0000412318422281259,0.322596918341174,0.45,0.269,1
"XRCC6",0.0000412508792723116,0.343806163459315,0.474,0.284,1
"APOPT1",0.0000414177156554362,0.549682335255796,0.234,0.115,1
"TATDN1",0.0000415140770765003,0.30004303835519,0.211,0.097,1
"KIAA1143",0.0000415430530059626,0.647811346888088,0.246,0.127,1
"STX10",0.0000417142372877868,0.454839672303311,0.211,0.098,1
"IGBP1",0.0000420319939760824,0.258786204325986,0.322,0.171,1
"RABAC1",0.0000425432169786141,0.305096522798747,0.754,0.513,1
"ATRAID",0.0000427228921392241,0.314865216010536,0.614,0.39,1
"RWDD1",0.0000429675812898764,0.268194432326413,0.632,0.405,1
"LONP1",0.0000430255412098212,0.865051125138913,0.14,0.055,1
"IL18",0.0000432024784034515,1.29997485385252,0.117,0.042,1
"FBXO28",0.0000433493312473951,0.930828667263861,0.146,0.059,1
"MRPL15",0.0000438869555472522,0.430364565325537,0.246,0.121,1
"TOLLIP",0.0000438984054899298,0.651341257843498,0.257,0.133,1
"TAF12",0.0000439501384137194,0.433785263423602,0.246,0.121,1
"PSME2",0.0000449169892756764,0.348722512016569,0.801,0.59,1
"ATF1",0.000045175240506387,0.667233427680723,0.193,0.089,1
"HMG20B",0.000046749891491224,0.302101591819337,0.246,0.121,1
"KLHL12",0.0000477237475480984,0.522324899457759,0.105,0.035,1
"PUF60",0.0000482152952461162,0.380553025410269,0.392,0.228,1
"PTTG1IP",0.0000484877411385106,0.254176491454447,0.491,0.294,1
"ATG3",0.0000486908852982651,0.353166259296151,0.374,0.211,1
"CFDP1",0.0000491219323394026,0.346254329723998,0.55,0.343,1
"ERCC4",0.0000492073642240619,0.614451353119057,0.135,0.052,1
"CYB5R1",0.0000494530402406806,0.584636873375559,0.257,0.132,1
"ARHGAP18",0.0000495211680903347,0.872831184366999,0.181,0.083,1
"CXXC1",0.0000507341897276663,0.73263160772173,0.129,0.049,1
"MRPS12",0.0000509044947751751,0.373766766652637,0.228,0.11,1
"WBSCR22",0.0000513269479938083,0.286380257160482,0.345,0.192,1
"HIGD2A",0.000052724452023252,0.334960048772497,0.602,0.38,1
"CNPY4",0.0000533754883331898,0.885833756730745,0.123,0.046,1
"SMIM3",0.0000538012206406392,0.508829215615859,0.304,0.165,1
"RPL37",0.0000539661592568682,-0.300863418606876,0.994,0.967,1
"PROSC",0.0000540058872957438,0.673491997258222,0.24,0.122,1
"ARL5B",0.0000546627541816114,-1.79826063042078,0.257,0.358,1
"ITGAE",0.0000547632198184926,0.62064601087604,0.199,0.094,1
"SLC35C2",0.0000564030548538921,0.763078109498246,0.152,0.063,1
"SPAG7",0.0000564708903117418,0.334129425364665,0.374,0.217,1
"GSTZ1",0.000056672877562893,0.715952128302036,0.111,0.039,1
"SF3B2",0.0000571166550412341,0.364840021731731,0.415,0.244,1
"PDIA5",0.0000573679099093568,0.427861877176828,0.327,0.183,1
"RPP38",0.0000573860099737702,1.35228217612591,0.105,0.037,1
"MTCH2",0.0000574206494768704,0.321643208564629,0.298,0.158,1
"PLEKHF2",0.0000575409081385675,0.36235804051185,0.187,0.083,1
"DDA1",0.0000576486413043524,0.519787786519124,0.222,0.107,1
"CDC123",0.000057927712455594,0.403581035324767,0.275,0.143,1
"EBAG9",0.000057946865752978,0.439519769363612,0.228,0.111,1
"FAM199X",0.0000581059877363148,0.648525773947745,0.146,0.059,1
"SNHG25",0.0000583306606642078,-1.94490511388039,0.175,0.294,1
"CDK5",0.0000586475378783443,0.639327596723189,0.111,0.039,1
"EIF2B4",0.0000588447971664688,0.58623171874333,0.164,0.071,1
"PHYHD1",0.0000592765002173436,0.581977454713954,0.193,0.089,1
"DESI1",0.0000595185446835733,0.765586628146793,0.175,0.079,1
"RNASET2",0.0000599469044228494,0.604865962860845,0.357,0.211,1
"ST3GAL1",0.000060112360254447,0.454614221910654,0.211,0.099,1
"TSR3",0.0000606739309984194,0.380011286256888,0.269,0.139,1
"ICT1",0.0000606921048745989,0.772697321045122,0.123,0.046,1
"MPP1",0.0000611797642050644,0.736182785593244,0.158,0.067,1
"PSMB8",0.0000629395862089476,0.365688013709455,0.643,0.425,1
"ERGIC2",0.0000630497772452559,0.305675957817944,0.322,0.178,1
"MIEN1",0.0000637393608214153,0.266149982722356,0.427,0.252,1
"CHD1L",0.0000639457002447023,0.617634544290171,0.111,0.039,1
"SAA1",0.0000640258616599516,-0.36873765687287,0.31,0.156,1
"MFGE8",0.000064090808012231,0.589938148471857,0.135,0.053,1
"UROS",0.0000643728754964326,0.276992910310282,0.216,0.102,1
"RP11-294J22.6",0.0000660707013517132,0.529175896569681,0.193,0.09,1
"UQCC2",0.0000661191706082306,0.252598043009145,0.456,0.274,1
"RAB32",0.0000665289275834888,0.344990071457315,0.216,0.103,1
"AGGF1",0.000067304002261042,0.399665262161815,0.24,0.119,1
"RGCC",0.0000674872584940499,0.926198446969135,0.357,0.222,1
"PIGBOS1",0.0000676718505066748,0.515108587481122,0.146,0.059,1
"EMC7",0.0000679306633504802,0.287562778579193,0.415,0.243,1
"CD63",0.000067966004900797,0.278658417892148,0.982,0.89,1
"DARS",0.0000681841816597488,0.289945140449017,0.398,0.227,1
"HDAC1",0.0000682381572555558,0.510441310514786,0.322,0.183,1
"UBL7",0.0000685628127734918,0.837701972770115,0.175,0.079,1
"PPP4R3A",0.0000686053854113207,0.534677589595533,0.269,0.14,1
"ATP5B",0.0000686922254822571,0.287400231096703,0.813,0.576,1
"APLP2",0.0000706013162067255,0.309162305221055,0.532,0.333,1
"PNKD",0.0000708010964452294,0.293437355855932,0.485,0.3,1
"DHCR24",0.0000713578968126805,0.257294566924826,0.48,0.294,1
"EEF1B2",0.0000718400567585666,0.274112583532306,0.807,0.564,1
"MRPL55",0.0000719801373366166,0.331796734639842,0.392,0.224,1
"WBP5",0.0000722277149754785,-0.74195432532092,0.766,0.701,1
"POLR2I",0.0000723078907515623,0.275108467098625,0.515,0.327,1
"SOD2",0.000072978135632342,-0.828890972085528,0.567,0.619,1
"SNRPD3",0.0000733784207383081,0.273669816515368,0.503,0.304,1
"DPM1",0.0000734278024102637,0.271842142028486,0.439,0.26,1
"IPO11",0.0000739992741212664,0.426254594155685,0.368,0.215,1
"PABPC1",0.0000741022432582097,-0.501252648752007,0.86,0.79,1
"TTC17",0.0000742649171172144,0.308923695101261,0.292,0.155,1
"COX7A2L",0.0000744062669517427,0.288695880263755,0.626,0.394,1
"NME4",0.000074790499207222,0.262029539594708,0.304,0.163,1
"TMEM223",0.0000749433591208659,0.626031422350658,0.199,0.095,1
"COA5",0.0000752739953022791,0.323898979486277,0.234,0.114,1
"HACD3",0.0000755521536295862,0.271787504995684,0.427,0.255,1
"LSR",0.0000760312468036701,0.437864239194761,0.199,0.093,1
"ANXA4",0.0000760851122158564,0.283115763232038,0.24,0.119,1
"PAK1IP1",0.0000766187145799889,0.635973004392956,0.17,0.075,1
"C11orf74",0.0000766265945625879,0.367326250317585,0.199,0.093,1
"TSFM",0.000077332680896533,0.70780797388954,0.123,0.046,1
"GABPB1-AS1",0.0000774274277187993,0.365114925171771,0.158,0.067,1
"AASDH",0.0000776027900543928,0.678382463772315,0.14,0.058,1
"H3F3B",0.0000776058390579081,-0.349721082965549,1,0.953,1
"CRYZL1",0.0000776272358232709,0.808666531952764,0.175,0.08,1
"ZNF24",0.0000782003226556848,0.446916328386282,0.304,0.165,1
"AASDHPPT",0.0000788481394315855,0.512533417994884,0.187,0.087,1
"C7orf50",0.0000798632873389185,0.466691664909197,0.263,0.139,1
"EDF1",0.0000798907534661027,0.263096638890483,0.912,0.688,1
"PPP1CA",0.0000800012772501985,0.317297222487784,0.526,0.332,1
"MRPS22",0.0000804253303005715,0.588922627017965,0.211,0.103,1
"HLA-DQA1",0.0000806053988942249,0.365929612160748,0.409,0.244,1
"DNAJC3",0.0000820168463962076,0.278022806275162,0.532,0.332,1
"MRPL24",0.0000824857474905678,0.517279215547129,0.269,0.144,1
"BEX4",0.0000836362027246295,0.311901432902249,0.404,0.24,1
"CAV2",0.0000836845780510258,0.325598236391807,0.509,0.315,1
"CRLS1",0.0000836889569277201,0.348823691524861,0.228,0.113,1
"DDX3X",0.000085086117648482,-0.81136766673128,0.614,0.638,1
"TACO1",0.0000851144490125172,0.616890836774342,0.111,0.04,1
"GPATCH3",0.0000855131733040726,0.733161069655097,0.105,0.037,1
"TRIM24",0.0000866893675207013,0.585933096661933,0.129,0.05,1
"SAP30L",0.0000867013841696264,0.601110108656334,0.105,0.037,1
"ABHD14A",0.0000867659149960406,0.543829224847719,0.158,0.068,1
"C11orf54",0.0000870671544672242,0.254282062053687,0.199,0.092,1
"AKAP12",0.0000872312654531728,-0.541965290906699,0.871,0.853,1
"POP7",0.0000874074556407577,0.695272508994121,0.181,0.084,1
"SDHAF2",0.0000884223163253237,0.573764729612549,0.24,0.123,1
"COQ2",0.0000887695110538748,0.818086966839526,0.175,0.08,1
"DKK3",0.0000900268601683327,1.09947824956678,0.117,0.044,1
"SURF6",0.0000904682209496917,0.461655622303618,0.152,0.064,1
"MPC1",0.0000906819175367427,0.308148190821572,0.322,0.179,1
"ZNF544",0.0000911879241304671,1.01963335101363,0.105,0.038,1
"FAM160B2",0.0000916014976436618,0.699181560308735,0.129,0.05,1
"ASCC3",0.0000918841432166201,0.631190395952417,0.164,0.072,1
"SSRP1",0.0000927539218671491,0.393061502285466,0.234,0.118,1
"SLC39A7",0.0000930706185364117,0.26760039333917,0.304,0.165,1
"DUSP12",0.0000934464048969035,0.885753497123556,0.158,0.071,1
"ZDHHC12",0.0000941527863239987,0.462333237060547,0.187,0.087,1
"AKR1C3",0.0000943767500943876,0.371996476246425,0.374,0.227,1
"TPMT",0.0000948484028974269,0.497356098458263,0.175,0.079,1
"MDH1",0.0000962002670298615,0.340933875459595,0.351,0.197,1
"CCS",0.0000981359662331205,0.446890803957847,0.275,0.15,1
"IMPDH1",0.0000984346800815155,0.393848914123066,0.135,0.054,1
"PSMB6",0.0000985539046255118,0.301615977407655,0.673,0.45,1
"ORMDL1",0.0000992833224539471,0.291035043438306,0.345,0.191,1
"CSRP1",0.0000996179222483535,0.503174289610193,0.327,0.189,1
"JADE1",0.000100069217480555,0.504096913668913,0.158,0.068,1
"ZNF638",0.000100519760177066,0.291885596630388,0.257,0.131,1
"HSPBP1",0.00010166082638734,0.510493808123759,0.158,0.068,1
"UQCC3",0.000102552584329334,0.261051244264412,0.281,0.148,1
"LINC00667",0.000104311918038237,0.873659561647873,0.164,0.074,1
"ZNF32",0.000104315377823854,0.595572032150965,0.164,0.072,1
"MRPL11",0.000106143171678435,0.329581222830824,0.322,0.181,1
"LYPLA1",0.000106255640529868,0.34199098471761,0.468,0.291,1
"PER2",0.00010653485834427,0.372653296958375,0.146,0.061,1
"IFT43",0.000107145455400773,0.494351966978752,0.287,0.156,1
"FILIP1L",0.000107156162829941,0.794478769381398,0.146,0.062,1
"RPS4Y1",0.000107163435114861,0.301247469482606,0.889,0.65,1
"HADHA",0.000107322848978004,0.338311845018055,0.427,0.261,1
"KLHDC8B",0.000109726201353323,0.381341384938561,0.234,0.118,1
"CLTB",0.000110422211177581,0.299839864224014,0.433,0.257,1
"WASH1",0.000110653279526068,0.272892344331435,0.187,0.087,1
"NKIRAS2",0.000111632647120986,0.586670071664051,0.17,0.076,1
"FKBP8",0.000111689200230482,0.276156346740487,0.567,0.374,1
"RARG",0.000113453241690645,0.536728421153803,0.129,0.051,1
"PSMA4",0.0001134706658464,0.276054281859106,0.731,0.496,1
"PCDH12",0.000113745237686973,0.420178729974161,0.31,0.172,1
"CXCR4",0.000113840232654511,-1.03158437664985,0.532,0.572,1
"CPT1A",0.000113847608299137,0.298292300686042,0.199,0.094,1
"LETMD1",0.000114013868499919,0.273267718798934,0.187,0.087,1
"ALDH6A1",0.00011420840572289,0.424740272827946,0.444,0.278,1
"MGST3",0.000114739158418509,0.310635367463865,0.737,0.496,1
"GOLGA4",0.000114908900383691,0.279836093238699,0.503,0.308,1
"SMARCA4",0.000115729968854206,0.566414808281883,0.187,0.088,1
"THEM6",0.00011594173299222,0.618658346506899,0.181,0.084,1
"CARD19",0.000116073648971853,0.371109572340599,0.193,0.092,1
"SMARCC2",0.000116418236250294,0.809255024415939,0.17,0.078,1
"CDH13",0.000118060599130778,0.685824339465697,0.14,0.058,1
"MRPL2",0.000118317946239369,0.585228755014111,0.257,0.138,1
"CD320",0.000118659800279277,-0.413622414811522,0.374,0.215,1
"MYC",0.000119556280827749,-0.990283291041065,0.374,0.486,1
"MIDN",0.000119884516163899,-0.930356512147141,0.532,0.571,1
"CRKL",0.000119982012108772,0.921296865939344,0.117,0.045,1
"ADPRHL2",0.000120170870938083,0.692980122548216,0.146,0.062,1
"TPRA1",0.000121729795061391,0.400166207710174,0.146,0.061,1
"KLHDC10",0.000122069216945399,0.480756867823153,0.158,0.069,1
"NSRP1",0.000122963522017468,0.312919261418172,0.409,0.244,1
"NSDHL",0.000123456148967289,1.06577655052251,0.111,0.042,1
"NUDT22",0.000125091910086457,0.349854205408318,0.181,0.083,1
"GMDS",0.000125974726058806,0.600850700528827,0.14,0.058,1
"GSDMD",0.000128186649436742,0.258273900813179,0.626,0.411,1
"C6orf48",0.00013194166782628,0.278309710779401,0.52,0.327,1
"KCTD3",0.000132956836458985,0.770692042352928,0.117,0.045,1
"PPP4C",0.000133366495733277,0.364166815842364,0.491,0.307,1
"BST2",0.000135271337540832,0.293450223457121,0.982,0.901,1
"GRINA",0.000135515118851771,0.327429484346097,0.421,0.253,1
"ARF5",0.000136491169862277,0.310696755778212,0.444,0.271,1
"RNF122",0.000137192638311799,-3.16374968454336,0.076,0.184,1
"ALKBH6",0.000137381221713959,0.845240696445424,0.105,0.038,1
"MPZL2",0.000137975784748715,0.628255739792257,0.111,0.042,1
"UROD",0.000138237430296158,0.446703272117107,0.292,0.164,1
"MRPL46",0.000140723653726285,0.396799710063026,0.146,0.062,1
"TRAPPC3",0.000141374765746061,0.412797073133069,0.298,0.166,1
"ILKAP",0.000142094578885729,0.277791604695696,0.17,0.076,1
"DDX54",0.000142323163812701,0.557834930849121,0.181,0.084,1
"C1orf123",0.000142708553151457,0.268754889066816,0.304,0.164,1
"COL8A1",0.00014350668711402,0.57988882656539,0.117,0.045,1
"SLC25A1",0.000145288487823681,0.424077386281874,0.158,0.07,1
"LIFR",0.000145972192531158,-0.666151349585362,0.784,0.744,1
"KAT2A",0.000146792081296552,0.575470994746877,0.117,0.045,1
"SAE1",0.000148977093000447,0.441143388450856,0.222,0.112,1
"SERINC2",0.000150223718556934,0.682889734579071,0.111,0.042,1
"NDUFS6",0.000150259837512149,0.298570885115553,0.725,0.514,1
"FAM8A1",0.000152052919965653,0.674773009589012,0.181,0.086,1
"FAM126B",0.000153404493936864,0.463384193394607,0.211,0.103,1
"CCDC107",0.000157389496304989,0.272280970913058,0.316,0.176,1
"GPBP1L1",0.000158916384750905,0.404760910818446,0.257,0.135,1
"PTK2",0.000160305949947842,0.42797342151858,0.246,0.131,1
"EXOSC7",0.000163495641873026,0.743124748325249,0.14,0.06,1
"TXNDC12",0.000163929338256492,0.294619442469561,0.421,0.251,1
"PQBP1",0.000163940311160726,0.399447547770785,0.298,0.167,1
"SLC25A4",0.000166419694571515,0.493794227598967,0.275,0.151,1
"MED7",0.00016760267552419,0.753685216138374,0.117,0.046,1
"STAMBP",0.000169455015394494,0.511808784252697,0.158,0.071,1
"FLT1",0.000169465922192767,-0.752649323539445,0.696,0.67,1
"DDX49",0.000171248606997148,0.492055150800838,0.111,0.042,1
"EP400",0.000171451924772386,1.13968690254679,0.105,0.039,1
"LINC00152",0.000171793857692115,-1.88828274610591,0.281,0.369,1
"COMMD4",0.000172195593077494,0.49413068906347,0.269,0.147,1
"NDUFV2",0.000172944037214546,0.317199110551917,0.561,0.369,1
"PPP2R3C",0.000177677203410331,0.262225376169777,0.287,0.156,1
"BCAP29",0.00017886058932996,0.527685720914596,0.439,0.284,1
"ING4",0.000178896805412736,0.654562258087692,0.14,0.06,1
"C1R",0.000180594702018432,0.362951432508434,0.216,0.109,1
"ZNF146",0.000180834003547894,0.737556821183182,0.14,0.06,1
"TUBA1A",0.000182039317549719,0.642682886700175,0.421,0.277,1
"ELP6",0.00018230338647387,0.424855638287391,0.175,0.082,1
"FAM195A",0.000183046777381552,0.511688956129677,0.158,0.071,1
"VAMP5",0.000183613261947867,0.322958523511806,0.965,0.848,1
"ENO1",0.000183936889517792,0.344142185236486,0.637,0.446,1
"LEPR",0.000185146072532346,0.426902619645107,0.17,0.079,1
"EIF4E2",0.000186748518256723,0.305730855345245,0.304,0.171,1
"FKBP3",0.000187216320289967,0.313463999326809,0.386,0.23,1
"PDLIM2",0.000187939830197403,0.292724217185561,0.363,0.214,1
"ARL14EP",0.00018911994245781,0.555034823803513,0.14,0.06,1
"COPE",0.000189132960162,0.264655802855978,0.69,0.461,1
"ZNF532",0.000190559103625026,1.06750807461066,0.111,0.043,1
"CLEC14A",0.000191036700130005,0.570151031155164,0.485,0.339,1
"SNUPN",0.000191830817935289,0.840694655076813,0.123,0.05,1
"ATP6V1H",0.00019302157514079,0.364194819165956,0.216,0.11,1
"EZR",0.000193102420320353,-1.40748581690278,0.269,0.366,1
"INTS8",0.000196139458943995,0.837103658877279,0.117,0.046,1
"WDR13",0.000196818669404795,0.31362831509761,0.304,0.171,1
"REST",0.000197501523310511,0.494519287611531,0.234,0.125,1
"PDLIM7",0.000199075991169449,0.495934167885291,0.251,0.135,1
"ABCB7",0.000201313800736412,1.05952308816142,0.123,0.05,1
"NDUFA9",0.000202379235180941,0.347195284262724,0.31,0.174,1
"ATOX1",0.000206297332697648,0.250399091362568,0.86,0.674,1
"SURF2",0.000206828438668278,0.403705015860238,0.175,0.083,1
"TGFBR2",0.000207705527535358,-0.671135991344323,0.784,0.738,1
"CYP4V2",0.000208615820573408,0.544306867550106,0.164,0.075,1
"RPP25L",0.000208827079028699,0.636992572003812,0.158,0.071,1
"ARPC5",0.000209302019514984,0.298256492485203,0.719,0.486,1
"GFOD1",0.000213244257317577,0.314914868007784,0.216,0.108,1
"TMEM199",0.000213317490385703,0.461105231101729,0.17,0.079,1
"AP3D1",0.000215393920324137,0.39676010056131,0.222,0.114,1
"SLC37A4",0.000216036359586142,0.528362394943527,0.199,0.099,1
"C10orf11",0.000217459362833547,0.275718670407152,0.345,0.201,1
"MAU2",0.000218710154946914,1.0539005178009,0.117,0.047,1
"FBXO6",0.000220038457960091,0.926502360924767,0.111,0.043,1
"SPCS1",0.000220114632542405,0.282324015658905,0.661,0.457,1
"CCDC82",0.000223023892269128,0.527329063509269,0.246,0.131,1
"ZCCHC7",0.000225552533645903,0.597690825041571,0.152,0.068,1
"TNFSF12",0.000230006837604216,0.437655433052724,0.187,0.091,1
"ZNF91",0.000230668845041165,0.397168892348582,0.129,0.053,1
"UFD1L",0.000230712747233501,0.27744552501779,0.357,0.212,1
"EGR1",0.000230742482073261,-0.830728573835409,0.766,0.748,1
"TOR2A",0.000231095267450255,0.70891216650849,0.111,0.043,1
"CYP2C8",0.000231144790801139,-0.401812659102387,0.181,0.083,1
"DRG2",0.000232273845368435,0.506660834344458,0.152,0.068,1
"DCAF6",0.00023277304907337,0.261045078800474,0.205,0.102,1
"SUCO",0.00023462122692761,0.466958047199273,0.152,0.068,1
"UNC93B1",0.000237365262892239,0.718015006405368,0.123,0.05,1
"DUT",0.000237578724249078,0.252244805033432,0.491,0.311,1
"C2orf76",0.00023778953880001,0.326531749869642,0.234,0.123,1
"ZNF644",0.000238816525585194,0.352138396282054,0.246,0.131,1
"FAHD2A",0.000239019956125758,0.500850259909497,0.146,0.064,1
"NEK9",0.000241699584946525,0.58497177537326,0.164,0.075,1
"ABHD13",0.000245054212583069,0.571661861959107,0.17,0.08,1
"LMAN1",0.000246399717461726,0.318980672015858,0.462,0.296,1
"RAB4B",0.000247251170511318,0.379621165629073,0.222,0.115,1
"GBA2",0.000249301786686494,0.555469621923315,0.117,0.046,1
"COMTD1",0.000249754172749765,0.365579197671895,0.175,0.083,1
"C8orf4",0.000254875751194417,0.274961113813206,0.848,0.66,1
"HSF1",0.000255189426920124,0.414796462588547,0.275,0.154,1
"BRD8",0.000256132913825429,0.545502865762604,0.129,0.054,1
"CBY1",0.000257513422791349,0.621682147888427,0.181,0.088,1
"PPP1R11",0.000258530608255487,0.383927048304216,0.287,0.16,1
"INMT",0.000259998631037348,-1.25409642044446,0.164,0.293,1
"MCM3AP",0.000266396431666518,0.556584172383735,0.111,0.043,1
"CARD10",0.000266935553172302,0.374745901305594,0.111,0.043,1
"CYB561D2",0.000267740796136448,0.299863207007649,0.14,0.061,1
"ABCA5",0.00026920304204996,0.480587876981438,0.129,0.054,1
"MT1M",0.000269494541433217,-1.98710537314653,0.135,0.247,1
"IFIH1",0.000269960532261214,0.878735030901109,0.175,0.087,1
"PSMB9",0.000270250092062838,0.359333071334796,0.754,0.568,1
"GNLY",0.000272277730479804,-2.29884311416324,0.053,0.151,1
"SCCPDH",0.000272316550176714,0.578950597183744,0.246,0.134,1
"PHF3",0.000272896781248573,0.384641433667956,0.292,0.167,1
"LINC01116",0.000274555851505013,-3.23092025920376,0.041,0.135,1
"BLVRA",0.000277781236675654,0.376947062553188,0.251,0.137,1
"SLC20A2",0.000278236763998454,0.411192511566883,0.117,0.046,1
"CCDC58",0.000279654229522039,0.445956540308201,0.14,0.061,1
"FAM127B",0.000281565617460508,0.344815831949113,0.222,0.115,1
"TM7SF3",0.000281774973505202,0.565522931558846,0.146,0.065,1
"CTSH",0.000281996181261172,0.390418236900393,0.251,0.135,1
"LDLR",0.000282301135249737,-1.65400306698452,0.17,0.278,1
"REPIN1",0.000283246449254726,0.600801886888324,0.158,0.073,1
"CASP8AP2",0.000284063345521533,0.436256238844457,0.14,0.061,1
"IL16",0.000285613190598326,0.498360546297512,0.146,0.065,1
"TOMM22",0.000285996198862714,0.262282831872667,0.433,0.268,1
"ATP1B1",0.000287779297671377,0.275794514961067,0.427,0.264,1
"DNAJC17",0.000289594805433244,0.320437681341076,0.123,0.05,1
"UCHL3",0.000289775670770792,0.418299079023156,0.17,0.079,1
"KDM6B",0.000291042028087702,-1.03167357129043,0.363,0.45,1
"ITPR2",0.000293056179722189,0.619233016314565,0.175,0.085,1
"BTBD3",0.000293296001868035,0.626009749762351,0.193,0.098,1
"NET1",0.00029410640396805,0.253050260226547,0.135,0.057,1
"PLEKHJ1",0.000294669410629436,0.437678171480254,0.175,0.084,1
"TMEM234",0.000299238950797835,0.719691414520661,0.123,0.051,1
"ZC3H13",0.000300991491098023,0.373141907100746,0.281,0.159,1
"PDRG1",0.000301090307189029,0.758688884190375,0.135,0.058,1
"ZADH2",0.000301343193518346,0.574174470295616,0.129,0.054,1
"EHMT1",0.000302557308940774,0.472776572373764,0.175,0.084,1
"ERGIC3",0.000302820519587156,0.257816668282746,0.538,0.345,1
"ELAC2",0.000302989720656702,0.637000563392681,0.117,0.047,1
"NDUFB11",0.000303196809824362,0.257106375782306,0.784,0.555,1
"NGLY1",0.000304421118215915,0.373844973867977,0.17,0.08,1
"MT-ATP6",0.000308602544587661,-0.315876349317052,1,0.996,1
"SNRNP40",0.00030875795483532,0.461211309305199,0.246,0.135,1
"CTTNBP2NL",0.000310781572445719,0.261637566702351,0.357,0.214,1
"PARP10",0.000312176355780091,0.288967716248374,0.199,0.098,1
"GGT5",0.000312185644979839,0.478692887186684,0.123,0.05,1
"TIMP1",0.000319241348689835,-0.383330820047155,0.959,0.971,1
"VPS4B",0.000324678501553158,0.371062485066293,0.246,0.131,1
"SMYD2",0.000325419421754598,0.329452224425606,0.24,0.127,1
"SCNM1",0.000328955777263553,0.554228035760582,0.175,0.085,1
"HDAC3",0.000329055066309779,0.63181032134806,0.123,0.051,1
"GGCX",0.000329465662797518,0.291253489491913,0.199,0.099,1
"CYB561A3",0.000333900664554917,0.400069869169748,0.135,0.058,1
"ANKRD49",0.000334967269350654,0.812011257411135,0.117,0.048,1
"ATXN2",0.000335426567224119,0.272857671228793,0.263,0.142,1
"COPS7A",0.000336588793169346,0.768469431069273,0.17,0.083,1
"FAM174A",0.000336686416448672,0.325698006832941,0.304,0.177,1
"WBSCR16",0.000336837178873855,0.71490916170753,0.117,0.047,1
"RNF170",0.000340083593612181,0.435432149157926,0.117,0.047,1
"CBX5",0.000340098216967966,0.6078990679914,0.164,0.077,1
"CNEP1R1",0.000342113828924579,0.674141310599433,0.105,0.041,1
"ERCC1",0.000342216500882847,0.397662664956876,0.298,0.17,1
"URM1",0.000344265210029642,0.25342950812487,0.269,0.148,1
"WDR34",0.000346001024362948,0.349048044183628,0.117,0.047,1
"PPP1R14A",0.000346076822106772,0.384882168045386,0.515,0.348,1
"RGS1",0.000346617249276897,-1.35605539132217,0.287,0.38,1
"TP53INP1",0.00034665774416903,0.356120063747817,0.24,0.13,1
"FAM104B",0.000346659850128926,0.790634482130597,0.117,0.048,1
"NME3",0.000346804046580714,0.339774487607149,0.439,0.277,1
"ARFRP1",0.00034838640792219,0.300638031115198,0.234,0.123,1
"CRACR2B",0.000350375258464402,0.455477950761543,0.304,0.177,1
"MGAT4B",0.000350512870589654,0.609870774895301,0.158,0.074,1
"SHMT2",0.000350708553432854,0.304629650474634,0.17,0.081,1
"ADAMTS1",0.00035115858923732,-1.32116182951754,0.199,0.312,1
"PPIL1",0.000353474562912099,0.580946700420605,0.105,0.041,1
"LEMD2",0.000353735166237215,0.97596122888802,0.117,0.049,1
"LYRM4",0.000354197826406425,0.251227806128645,0.322,0.184,1
"IARS",0.000357114207922639,0.498663704156198,0.158,0.073,1
"ALG8",0.00036027443993733,0.51646802194781,0.175,0.085,1
"CLCN3",0.000360526204153141,0.356576987603635,0.205,0.105,1
"LINC-PINT",0.000361292261280691,0.302029082018378,0.24,0.128,1
"FGL1",0.000361888906190208,1.12622272734998,0.251,0.14,1
"ITGA10",0.000365445698853443,0.344776276237094,0.146,0.066,1
"ECHDC1",0.00036742127262799,0.735420336067115,0.228,0.125,1
"ACADVL",0.000369491970872072,0.343911773059423,0.415,0.268,1
"DTWD1",0.000369777316214016,0.376729826105393,0.193,0.096,1
"PARP1",0.000370544764465285,0.547756505477517,0.269,0.155,1
"MED8",0.000371259578392223,0.38774091499494,0.152,0.069,1
"YLPM1",0.000372199421765732,0.683955322252864,0.152,0.071,1
"TUBG1",0.000372691123753636,0.338333408288161,0.105,0.041,1
"SGK1",0.000374257408162741,-0.669196143504965,0.766,0.736,1
"CAPZB",0.000374512950906668,0.272363176276376,0.667,0.474,1
"VDAC3",0.000375059656147422,0.292602310201232,0.468,0.292,1
"OGFOD3",0.000375214398692534,0.447465036124955,0.123,0.051,1
"DNASE1L1",0.000378923618473309,0.881896372552597,0.105,0.042,1
"AKAP8L",0.000379083602041441,0.319112558392328,0.164,0.077,1
"IVD",0.000380707348376533,0.486457130062486,0.14,0.062,1
"NFKBIL1",0.000388463014643547,0.414383353578514,0.17,0.081,1
"NDUFAF6",0.000391002290003723,0.578450934662903,0.129,0.055,1
"AKIP1",0.00039342828805873,0.305412345097706,0.181,0.087,1
"RAB8A",0.000393671207839371,0.437325447601773,0.24,0.133,1
"YIPF3",0.000394749838287473,0.411840347390601,0.444,0.284,1
"SERPINB9",0.00039757898771318,-1.23659426713606,0.287,0.385,1
"DAPK3",0.000398654108006015,0.679630801488891,0.164,0.079,1
"RRP1",0.000403156337299681,0.597143265503415,0.111,0.045,1
"CHMP6",0.000404150878996562,0.596696914398285,0.17,0.083,1
"C6orf89",0.000412371553364446,0.358032002167708,0.187,0.093,1
"PEF1",0.000414409387136128,0.265730085964279,0.263,0.144,1
"RSAD1",0.000415878360971129,0.601146129105259,0.111,0.045,1
"PGRMC1",0.000416517922873909,0.443119525414038,0.45,0.302,1
"KIN",0.000416613193003938,0.468102692042219,0.164,0.078,1
"NID1",0.000420739839639555,-1.10980897749197,0.515,0.53,1
"PPIE",0.000420774496822288,0.353184139118987,0.31,0.179,1
"USP34",0.000423243939285326,0.303675692362442,0.251,0.136,1
"OCLN",0.000423957295426207,0.516328304839821,0.14,0.062,1
"SNRNP35",0.000427562468679787,0.402955606958233,0.152,0.071,1
"SEPT6",0.000428218669856186,0.313533105891715,0.275,0.155,1
"SAMM50",0.000430084147514021,0.520422254431443,0.199,0.102,1
"CFAP36",0.000431736316551526,0.619049598169652,0.193,0.099,1
"EPOR",0.000432586418285055,0.368812481179552,0.427,0.281,1
"B4GAT1",0.000433033790429099,0.425429722290113,0.158,0.075,1
"PCGF5",0.000435292067475972,0.333978075449384,0.251,0.135,1
"PRPF3",0.000438200438576997,0.482780310743172,0.111,0.045,1
"SERPING1",0.000441491667368563,0.296727788944192,0.731,0.522,1
"WDR18",0.000445927136661894,0.515581484124101,0.193,0.099,1
"OSMR",0.000451307251129904,-1.94431938434469,0.099,0.202,1
"DNAL4",0.000451315624406255,0.947601331768502,0.105,0.042,1
"METTL10",0.000453075421802946,0.471732932435863,0.164,0.078,1
"B3GAT3",0.000453833583694902,0.348754729340562,0.193,0.097,1
"COX5A",0.000455378107849035,0.286005511714812,0.556,0.376,1
"ZZZ3",0.000459184807303518,0.548035152033874,0.117,0.048,1
"DMAP1",0.000459407495794404,0.481510000957562,0.146,0.067,1
"CREM",0.000460712079064205,-1.13340336063074,0.503,0.512,1
"ERP44",0.000461971300035913,0.292304511622391,0.585,0.393,1
"POLR3K",0.000464140803894005,0.431364959189022,0.164,0.079,1
"MRPL21",0.000465926420954114,0.286680398986397,0.298,0.173,1
"PDK2",0.000466471123783298,0.568359859566223,0.14,0.063,1
"BEX1",0.000466678833971042,-2.0891458199843,0.064,0.163,1
"ACO1",0.000467993515758369,0.624339643499353,0.146,0.067,1
"ACTL6A",0.000468808548482516,0.480895597119002,0.152,0.071,1
"WDR11",0.000469970048704744,0.461832447542726,0.181,0.091,1
"HLA-DPB1",0.000471062072254792,0.34036248265893,0.819,0.633,1
"ASGR2",0.000471785773471902,0.415896731764677,0.152,0.071,1
"NIPBL",0.000472575801698239,0.395246175930916,0.263,0.15,1
"FBXO8",0.000476343563656416,0.389621890604236,0.222,0.119,1
"PIGF",0.000477246799197732,0.530867398447695,0.193,0.099,1
"PDHB",0.000478343021324032,0.273268255788907,0.339,0.2,1
"TYROBP",0.00048760463994531,0.421856275093156,0.579,0.385,1
"CXCL2",0.000491340318190259,-1.31644406839205,0.433,0.516,1
"STX2",0.000493437000087663,0.733942963633448,0.111,0.046,1
"IRF3",0.000494410241894341,0.320410341622202,0.234,0.127,1
"RAB3GAP2",0.000499941927743773,0.355682202655605,0.199,0.102,1
"TTC5",0.00050171223586752,0.459530817383486,0.117,0.049,1
"NABP2",0.000508429235411525,0.567648680631903,0.129,0.056,1
"SFR1",0.000511045946117702,0.939602362598519,0.14,0.065,1
"C4orf32",0.000519611029168214,-1.19897133921423,0.404,0.454,1
"RCN2",0.000529707032295715,0.282708859807958,0.404,0.254,1
"DNTTIP1",0.000530046382884256,0.613216277805963,0.164,0.08,1
"ECSCR.1",0.000531039019922246,0.315005111616484,0.556,0.383,1
"CDK9",0.000535529265404618,0.753858317679744,0.175,0.087,1
"NBR1",0.000538328846821196,0.36047022018001,0.263,0.149,1
"ZC3H7A",0.000548412727218449,0.454910579035265,0.251,0.141,1
"ATG14",0.000555386920042108,0.769964186679657,0.14,0.066,1
"SSH1",0.000562933655300013,-2.24920957415465,0.105,0.203,1
"SVBP",0.000564885182801326,0.306253561077196,0.216,0.115,1
"ZBED5-AS1",0.000572399406533902,0.78331703140442,0.105,0.042,1
"NFU1",0.000579176115552235,0.310828648931524,0.316,0.19,1
"ENG",0.000580853742459055,-0.577731725993156,0.854,0.791,1
"RBP1",0.000590050830790493,0.518225494950148,0.778,0.659,1
"CHCHD3",0.000591070194254628,0.408280459157063,0.193,0.099,1
"GCC2",0.000597538092014115,0.332906721566807,0.462,0.301,1
"WDR45",0.000598528705975191,0.326948312667017,0.234,0.127,1
"BDP1",0.000601465342321491,0.316555324967071,0.251,0.139,1
"ZDHHC20",0.000605424528997631,0.500474249643311,0.216,0.117,1
"NUDT2",0.000606773579605771,0.267539176366476,0.222,0.118,1
"SIGMAR1",0.000614152615492768,0.631533626543015,0.123,0.054,1
"CCSER2",0.000622490663170632,0.337716708420801,0.304,0.179,1
"ATP5SL",0.000628283241575339,0.428178635034963,0.158,0.075,1
"MARCH8",0.000629933639532025,0.545321869736554,0.135,0.061,1
"EIF4EBP3",0.000646843054754973,-2.50116948342451,0.035,0.121,1
"MORN2",0.000650430962025821,0.640036440783339,0.146,0.069,1
"ERH",0.000653357814293541,0.284065947103446,0.813,0.597,1
"TAF9B",0.000654358075963306,0.399454523798187,0.105,0.042,1
"MANBAL",0.000654580613087188,0.492267129056108,0.175,0.088,1
"RAPGEF1",0.000659060194340443,0.466839470316174,0.175,0.089,1
"HDAC5",0.000660474747231175,0.522663686072341,0.152,0.073,1
"SUGT1",0.000663235083808706,0.344677162352885,0.351,0.215,1
"MANF",0.000665910963196116,0.352263621345734,0.62,0.44,1
"PEX19",0.000667073387164596,0.480488122786051,0.152,0.072,1
"COMMD2",0.000668459331447142,0.286613822381629,0.216,0.115,1
"IMPA1",0.000671195836624165,0.319440241424891,0.123,0.053,1
"C6orf120",0.000677970243210968,0.556070121883045,0.135,0.061,1
"IP6K2",0.0006783605503563,0.366608043359795,0.287,0.168,1
"MLST8",0.000679480334996092,0.506022280773645,0.14,0.065,1
"GPATCH4",0.000680899502680388,0.302219959591108,0.14,0.064,1
"ELMO1",0.000683083764710288,0.622906891814784,0.24,0.136,1
"C12orf76",0.000683349964561956,0.51424082290549,0.17,0.084,1
"RRAS",0.000687322785131453,0.26650319363475,0.275,0.155,1
"DGKD",0.000691135674351164,0.74669961777079,0.105,0.043,1
"LSM1",0.000695129503952246,0.383419290774121,0.287,0.17,1
"DHRS7",0.000695958627857849,0.508206844240974,0.275,0.163,1
"YBX3",0.000699311182204228,-0.799158807823618,0.55,0.588,1
"MRPS30",0.000700020361347778,0.556339881354948,0.158,0.077,1
"IFT122",0.000701731945582216,0.842392390973342,0.111,0.047,1
"EZH1",0.000709850566457603,0.783742835861355,0.105,0.043,1
"TSHZ2",0.000709862377964438,0.381816675874171,0.117,0.05,1
"USHBP1",0.000714590880307434,0.410405649259336,0.152,0.072,1
"PROCR",0.000718461198947045,0.388587121201751,0.211,0.114,1
"GPR137",0.000722696993680286,0.350282523768903,0.117,0.05,1
"R3HCC1",0.000723122034380035,0.500942894981391,0.152,0.073,1
"PPIH",0.000727724366897585,0.361558154791349,0.17,0.084,1
"MT1A",0.000728271298463011,-2.6404815604916,0.094,0.189,1
"EMC9",0.000743748878014529,0.425314948493511,0.123,0.054,1
"GGCT",0.000745594525671521,0.271367556856937,0.316,0.187,1
"PRR13",0.000747868240404905,0.26495619568916,0.45,0.288,1
"PWP1",0.000748960411441735,0.305732572500277,0.287,0.168,1
"C7",0.000762571429281257,-1.18905288463643,0.205,0.315,1
"SCFD1",0.000767135032172976,0.507747584610371,0.181,0.093,1
"PHAX",0.000770117315376588,0.447316808388624,0.175,0.088,1
"RAD51C",0.000774971153128259,0.349670884872966,0.146,0.069,1
"CBX1",0.000775175068904187,0.532424042604337,0.164,0.081,1
"LINC00961",0.000779524537846938,0.640445122416859,0.14,0.066,1
"RBM10",0.000780578823326657,0.411714931023004,0.152,0.073,1
"TKT",0.000782603899669848,0.339013700235992,0.316,0.194,1
"HMGXB4",0.000782845766611551,0.254691306952349,0.211,0.112,1
"FAM63B",0.000786149952810357,0.294378317928298,0.275,0.161,1
"RNASEH2A",0.000787471522796274,0.673106796172717,0.111,0.047,1
"THYN1",0.000787971106152801,0.35603750882563,0.222,0.121,1
"MT-ND4L",0.000789921711819513,-0.526154942081693,0.842,0.779,1
"GLT8D1",0.000795678006856695,0.338733594300505,0.187,0.096,1
"YWHAZ",0.00079623715009854,-0.752177815510302,0.591,0.578,1
"COQ9",0.000800247932117656,0.940771722470534,0.123,0.055,1
"CPSF3L",0.000804435801758637,0.380776439921953,0.216,0.117,1
"TTC9C",0.000806791352230785,0.555141754999763,0.135,0.062,1
"PCAT19",0.000816800085879401,-0.431890639389614,0.889,0.85,1
"AGAP2-AS1",0.000818022869651997,0.525435711868674,0.117,0.051,1
"ZNF462",0.000826417725908258,0.429905249034606,0.24,0.135,1
"PLCG2",0.00083462417583796,0.616137748253939,0.129,0.058,1
"NEK3",0.000836884310355126,0.729898761655274,0.117,0.051,1
"METTL14",0.000842258998260111,0.54772727212495,0.111,0.047,1
"BAG3",0.000842463212116525,-1.27520206701612,0.368,0.428,1
"C21orf2",0.000848389058427621,0.631964558697291,0.111,0.047,1
"CRADD",0.00085207684261994,0.557774219845966,0.14,0.066,1
"NIP7",0.000852981374435822,0.589238023033291,0.164,0.083,1
"MCOLN1",0.000855214183852846,0.301497163156312,0.181,0.092,1
"LYPLA2",0.000869185441871574,0.256897361069947,0.216,0.116,1
"TCAF1",0.000870342855973431,0.38547925603147,0.175,0.089,1
"ZNF780A",0.000873057333723778,0.940368152940487,0.111,0.048,1
"PTRH1",0.000874893721364824,0.582454003145421,0.175,0.091,1
"PPIC",0.000876995471893166,0.302652697197242,0.287,0.168,1
"EIF2B1",0.000878460855688397,0.538356474603012,0.129,0.058,1
"FAM136A",0.000878537338324148,0.339757174439362,0.14,0.066,1
"ZBTB38",0.000883880422326623,0.251270247103974,0.292,0.174,1
"TBRG4",0.000885693841097027,0.373279231501265,0.105,0.043,1
"GPANK1",0.000892269095841443,0.379009836029617,0.152,0.073,1
"ARV1",0.000894085325778665,0.578862013650323,0.111,0.047,1
"HAUS1",0.000895923314973743,0.516416149477952,0.211,0.115,1
"SOS1",0.000897154846328385,0.46133473328777,0.146,0.07,1
"RSL1D1",0.000897983073362286,0.320800366822348,0.392,0.252,1
"BORCS8",0.000899216963978727,0.527442808530929,0.135,0.062,1
"ENTPD3-AS1",0.000912246209736328,0.60218070421275,0.135,0.062,1
"FAM104A",0.000919522445682023,0.781897899306545,0.129,0.059,1
"MDK",0.000920355056346798,0.353452578952898,0.327,0.203,1
"MIF",0.000931283286366123,-0.481807666994571,0.865,0.768,1
"RUFY2",0.00094205404409922,0.53843458433871,0.111,0.047,1
"HACL1",0.000948094587326794,0.870359472617393,0.111,0.048,1
"NKAP",0.000948680820047306,0.303844564598608,0.24,0.135,1
"TFAM",0.000953416870130405,0.257979488619782,0.199,0.106,1
"MSR1",0.000964321899717522,0.416460620209866,0.111,0.047,1
"EIF3F",0.000971294190462938,0.263188746392373,0.626,0.432,1
"DEK",0.000973544752910322,0.284019835564233,0.526,0.349,1
"PCYOX1",0.000974827833138589,0.31288704796076,0.216,0.118,1
"GPALPP1",0.000975163375176865,0.653792296816035,0.123,0.055,1
"CCDC115",0.000979708292235587,0.385878158677913,0.199,0.107,1
"ZRSR2",0.000989988541365532,0.516649038590073,0.123,0.055,1
"PNO1",0.000992180234859393,0.270184656919267,0.14,0.066,1
"OTUD7B",0.000992397548931823,0.444840780792907,0.111,0.047,1
"AAED1",0.000993212417518791,0.266808568701234,0.257,0.148,1
"CDIPT",0.00101229484053611,0.33185202188227,0.287,0.17,1
"ABT1",0.001014961902506,0.378280835231621,0.175,0.091,1
"BCAS2",0.00101718047847248,0.356440410591606,0.392,0.251,1
"GATSL3",0.00102170829294853,0.457371666376705,0.164,0.083,1
"TMEM233",0.0010252861471937,0.4347619764266,0.14,0.067,1
"ANXA2",0.00102860225613159,0.277649693603989,0.819,0.635,1
"WDR77",0.00103461296479369,0.39099903779513,0.117,0.051,1
"MRTO4",0.00104917973954294,0.263148993478992,0.123,0.054,1
"PIGC",0.00104938663083998,0.487095590805954,0.152,0.075,1
"MRPS9",0.00105402248174162,0.590916860399932,0.146,0.071,1
"SFXN1",0.00105450171815846,0.462240640837813,0.105,0.044,1
"LACTB2",0.00105852548241437,0.30340957896049,0.187,0.097,1
"CCL5",0.00106288386639899,-1.18651948789104,0.263,0.365,1
"CUL5",0.00106940579865495,0.30284161672633,0.234,0.131,1
"SERHL2",0.00107269886611171,0.700762646981496,0.205,0.115,1
"ALDH3A2",0.00110105354884548,0.343169898208342,0.158,0.078,1
"RAD50",0.00110938085903786,0.445079923061635,0.152,0.075,1
"SDAD1",0.0011099661214039,0.579382678230612,0.175,0.092,1
"CCNT1",0.0011120041907184,-1.4566777320026,0.205,0.299,1
"ATG5",0.00111389363195186,0.362193711250753,0.187,0.098,1
"SMAD6",0.00111874444633573,-1.65009949904946,0.111,0.21,1
"CCDC66",0.00113693018508664,0.555282353456071,0.164,0.083,1
"POLR3D",0.00114758416753106,0.702162855664199,0.111,0.049,1
"THOC3",0.0011482256339441,0.495484570448326,0.129,0.059,1
"THUMPD1",0.00114990215386941,0.390201698968866,0.246,0.141,1
"BDH2",0.00115279973558624,0.252912778119442,0.263,0.153,1
"TMEM101",0.00115665249947878,0.349676048243289,0.181,0.095,1
"FAHD1",0.00115893280379264,1.12655823033703,0.105,0.046,1
"BCAR1",0.00115897695899638,0.374936358659848,0.187,0.099,1
"ZCCHC9",0.00117977914876992,0.47904807088735,0.158,0.079,1
"RHEB",0.00118846669551843,0.254542863521493,0.608,0.436,1
"GBP3",0.00119877241598412,0.498150594562538,0.211,0.117,1
"IL15RA",0.00119988256712164,0.359929341788628,0.222,0.125,1
"UBE2D4",0.00120699216663436,0.52945487627319,0.105,0.045,1
"PRPF6",0.00122451939844673,0.514134346399428,0.257,0.152,1
"RNF126",0.00122720744600497,0.438230379066761,0.152,0.075,1
"CCDC57",0.0012312112266856,0.471411007388618,0.117,0.052,1
"PHF5A",0.00123559377418334,0.309013814905792,0.24,0.136,1
"SMIM12",0.00124606176260848,0.260373596415104,0.316,0.191,1
"PSMD1",0.0012651114609883,0.300703142394038,0.257,0.148,1
"CYB5B",0.00128442517011183,0.265318503062349,0.345,0.215,1
"UFL1",0.00129304449805031,0.255144029268818,0.24,0.137,1
"SACM1L",0.00131047147984662,0.40665540217684,0.158,0.079,1
"NCKIPSD",0.00132935493077797,0.352632458099667,0.187,0.098,1
"USP5",0.00133283418742131,0.455219144855048,0.105,0.045,1
"ZNF688",0.00134696928101622,0.582896661021403,0.135,0.064,1
"AP3M2",0.00134769273481156,0.525808841117061,0.146,0.072,1
"IER5",0.00135254306181276,-1.01480478028309,0.152,0.254,1
"NRN1",0.00135396492642194,0.348861262840298,0.339,0.221,1
"FAM179B",0.00136205800862342,0.473357021174014,0.14,0.068,1
"FAM204A",0.00136355806033839,0.254197692520565,0.316,0.198,1
"TRIP11",0.00136847939405165,0.537791296236652,0.211,0.119,1
"SNTB1",0.00137156738029237,0.337381577652477,0.228,0.13,1
"COMMD10",0.00137413395576205,0.330743973902071,0.287,0.174,1
"FZR1",0.00137657875350658,0.532750235722713,0.105,0.045,1
"ATP5J2",0.00137770481049027,0.270388881428259,0.708,0.506,1
"BCCIP",0.00139046901643172,0.30212549095,0.181,0.095,1
"HMGB3",0.00139668442003517,0.669921832555039,0.117,0.053,1
"PLEKHA1",0.00140705259379389,0.42688076321587,0.187,0.1,1
"GNAI1",0.00142904293526917,0.360060051575501,0.14,0.067,1
"MACROD1",0.00143143155146934,0.68562685890653,0.105,0.046,1
"TBC1D17",0.0014335423495787,0.394849568730815,0.129,0.06,1
"FRY",0.00144330463099509,0.266399246740202,0.187,0.099,1
"MPZL1",0.00144847817789359,0.289344781102274,0.216,0.121,1
"PTPRC",0.00146424932878923,-1.55531431634255,0.105,0.203,1
"HDHD2",0.00147826920449786,0.444856918616656,0.123,0.056,1
"ARL4D",0.00147927933551805,0.626898584539527,0.205,0.118,1
"FABP5",0.00148558680067353,0.377631276384307,0.257,0.149,1
"PBX3",0.00152526914054275,0.384334134688243,0.117,0.053,1
"SHKBP1",0.00152706320395778,0.529127792184751,0.17,0.089,1
"ILVBL",0.00152878561522861,0.464675245225998,0.263,0.157,1
"TEX30",0.00153417820724531,0.373090083825503,0.17,0.088,1
"ADD1",0.0015592019844199,0.355366540731463,0.322,0.207,1
"YIPF6",0.00157808002139404,0.326151040277034,0.304,0.186,1
"CHTF8",0.00159161614273831,0.254467206404644,0.181,0.096,1
"BORCS6",0.00159203265564048,0.734358782053339,0.105,0.046,1
"GTF2F2",0.00159292280062543,0.356751063536891,0.152,0.076,1
"SIRT5",0.00160349427725107,0.439480230790618,0.123,0.057,1
"C10orf128",0.00160989685195336,0.531873439082195,0.17,0.089,1
"CEBPZOS",0.00162654409843787,0.326843173635994,0.222,0.125,1
"EIF2D",0.00164118524309033,0.484967292395599,0.111,0.05,1
"FLYWCH1",0.00165185509062456,0.826878225897861,0.111,0.05,1
"CRELD2",0.00165429580704013,0.411371388986192,0.287,0.175,1
"ARSD",0.00168671303401183,0.411162487450984,0.117,0.053,1
"CKAP5",0.00168835634952624,0.722122606058759,0.111,0.05,1
"CCL4",0.00169852118773227,-0.315984141382202,0.573,0.588,1
"LGALS1",0.00170927483688153,0.464210004414891,0.468,0.329,1
"PLA2G12A",0.00172369202050297,0.589512600355645,0.158,0.081,1
"IRF1",0.00172577853673126,-0.742497841918199,0.515,0.563,1
"SMIM10L1",0.00173609957830769,0.56554121530323,0.146,0.074,1
"C5AR2",0.0017361552202988,-1.69573656235827,0.123,0.216,1
"NNMT",0.00177272250061031,-1.57259307542497,0.111,0.203,1
"RPS27L",0.00181282119789947,-0.428368744403454,0.86,0.805,1
"IFITM1",0.00182219951318898,-0.814145499382168,0.579,0.591,1
"TP53RK",0.00182444375780282,0.550102965209717,0.146,0.074,1
"SPG11",0.00183256028883741,0.504184407371513,0.146,0.075,1
"DAXX",0.0018417623825163,0.458927298100841,0.135,0.065,1
"MIIP",0.00185548925486262,0.516176641673704,0.129,0.062,1
"NPM3",0.00186542704710093,0.502268499639362,0.129,0.062,1
"TPGS2",0.00187610484288208,0.293281708151785,0.211,0.119,1
"COPS5",0.00187889796131599,0.392006988505016,0.24,0.14,1
"LRCH3",0.00188414515852185,0.492153974505033,0.146,0.073,1
"CTSD",0.00189534034667714,-0.433381133219595,0.959,0.873,1
"TMEM140",0.00191459060540117,0.2791806834549,0.316,0.201,1
"TBL3",0.00192368066872348,0.552385769849674,0.105,0.046,1
"CDK4",0.0019322360185749,0.34727229457457,0.287,0.176,1
"MIF4GD",0.00193466480831374,0.379175621722745,0.14,0.069,1
"GLS",0.00194518341982486,-1.50227458481429,0.146,0.238,1
"EXOC7",0.00194612963320558,0.423194867793158,0.205,0.115,1
"CTDSPL2",0.00194914473492389,0.252339294767272,0.158,0.08,1
"DAG1",0.00195529414230244,0.498874755041516,0.117,0.054,1
"NUBP1",0.00195782859806309,0.353447198937162,0.146,0.074,1
"ARHGAP6",0.00196045512919902,0.480859129595709,0.105,0.046,1
"TMTC1",0.00196721033094045,0.527955615323089,0.105,0.046,1
"INTS10",0.00200364798956175,0.375966606010739,0.17,0.089,1
"UBE2F",0.0020345208182958,0.270829415831675,0.257,0.152,1
"PPP3CB",0.0020826921815402,0.383729578449526,0.158,0.083,1
"TXNL4A",0.00208696179287971,0.277528970773469,0.275,0.166,1
"ATP5EP2",0.00212115936495291,-1.77982122935445,0.117,0.206,1
"RAI14",0.0021253974931728,0.466726484647312,0.123,0.058,1
"RP4-575N6.4",0.00213598828768009,0.531611985299242,0.117,0.054,1
"VPS8",0.00213829861586744,0.449122401582165,0.111,0.05,1
"TBCD",0.00215132194591965,0.324322345832,0.129,0.062,1
"VPS26B",0.00222308233556631,0.318320546410656,0.123,0.058,1
"EBNA1BP2",0.00224734895247224,0.528078402095189,0.146,0.075,1
"TNS2",0.00225540655048666,0.327946826766164,0.304,0.19,1
"ADGRF5",0.00226790863108367,-0.683377605075662,0.602,0.594,1
"CDC5L",0.00229069527711621,0.309350178166726,0.234,0.135,1
"CTSZ",0.00229840833121453,0.359152297930204,0.263,0.159,1
"RNASE1",0.00229956831720075,-0.65807953695726,0.801,0.76,1
"DUS1L",0.00238169340982278,0.51276010348865,0.146,0.075,1
"WDR75",0.00238622780971615,0.428371162493277,0.129,0.062,1
"TOMM40",0.00239226957269116,0.410809813339832,0.135,0.066,1
"CLEC1A",0.00239827712580427,0.437718291329004,0.205,0.118,1
"FRA10AC1",0.00240753219517607,0.312683880873313,0.211,0.121,1
"SEC22A",0.0024655267396588,0.286769910673485,0.129,0.062,1
"IFRD2",0.00249399060195288,0.473741417197632,0.123,0.058,1
"PDLIM1",0.00250445242563662,-0.522315558139001,0.754,0.692,1
"BMS1",0.00250986720088945,0.322973902765651,0.14,0.071,1
"GFER",0.00254335659355015,0.720864062525365,0.146,0.077,1
"EFEMP2",0.00256758060813055,0.449756608490128,0.251,0.155,1
"ACER3",0.00260088802819213,-1.73785202098953,0.076,0.159,1
"UGDH",0.00261331092151173,0.378980849906495,0.17,0.091,1
"OCEL1",0.00262883432319022,0.333870584550379,0.14,0.071,1
"ISG20",0.00263609518736267,-1.190535488739,0.228,0.312,1
"SMTN",0.0026523531163182,0.256955682803368,0.544,0.389,1
"PGM2L1",0.00267348103752054,0.346305959177871,0.234,0.139,1
"TCEB1",0.0027107164424597,-0.872333409301886,0.713,0.627,1
"UFSP2",0.00271345679788994,0.347586882440818,0.187,0.104,1
"CTC-526N19.1",0.0027306747945265,0.670511915370485,0.175,0.099,1
"IFT88",0.00274744122045489,0.699463142253363,0.105,0.048,1
"TRMT10C",0.00276624009898197,0.397905504934646,0.193,0.109,1
"ARHGAP12",0.00276899636433221,0.349136950326064,0.216,0.125,1
"SCAP",0.00276980931246545,0.565782787403887,0.111,0.051,1
"KIF13B",0.00277506971913522,0.348675468366979,0.135,0.067,1
"RHOA",0.00277762419735465,-0.297233009390806,0.883,0.792,1
"SENP7",0.0027839427997237,0.603450895785051,0.152,0.08,1
"TMEM184B",0.00278566507676125,0.663349530238189,0.175,0.098,1
"PPARA",0.00279057489485709,0.336583067399455,0.123,0.058,1
"ARL2",0.00280694650265575,0.366354404444016,0.579,0.421,1
"CKS2",0.0028087825796845,-1.22613255663883,0.287,0.365,1
"MTUS1",0.00281440809004373,0.276175068477128,0.316,0.207,1
"ARFGAP2",0.00285231220088225,0.269926929554301,0.175,0.095,1
"IGHA2",0.00286318057720444,-2.53264514560512,0.058,0.133,1
"PRRC1",0.00288003468909658,0.407043380347052,0.164,0.088,1
"PPARG",0.00288247945847453,0.470319974442764,0.181,0.102,1
"TRPC4AP",0.00289593261902071,0.285965177402305,0.135,0.067,1
"MRPL35",0.00289894021026188,0.433961997117312,0.14,0.071,1
"APP",0.00298557830709824,-0.292185329903189,0.936,0.873,1
"EIF2B5",0.00300030105683111,0.29405127244001,0.135,0.067,1
"SLC7A7",0.00304746308582632,0.558824405178574,0.187,0.108,1
"SDCBP",0.00305823479989981,-0.302286288600296,0.977,0.887,1
"RDH14",0.00307010989618293,0.540898271502569,0.135,0.068,1
"ZBTB8A",0.0030775911545548,0.553434383962689,0.129,0.064,1
"TIFA",0.00311407703862464,-1.68667432729718,0.076,0.158,1
"FRZB",0.00314096201460874,0.432848540627255,0.158,0.083,1
"KIDINS220",0.00315448341681521,0.297460267494373,0.281,0.175,1
"HPRT1",0.00316556626766957,0.272839777711357,0.275,0.171,1
"SNW1",0.00316784880631989,0.381459685091959,0.31,0.2,1
"FOLH1",0.00320533091719069,1.05264490340312,0.117,0.058,1
"SGMS1",0.00321289879691704,0.336258854690241,0.193,0.109,1
"FOS",0.00324533726634671,-0.610165175494897,0.977,0.905,1
"KLF4",0.00324774817186692,-0.59899400066821,0.749,0.719,1
"BTG2",0.00325950134540629,-0.995690307285624,0.398,0.447,1
"MIER2",0.00330978428708853,0.839848091062874,0.123,0.061,1
"ZNF639",0.00331769755688065,0.446490063053985,0.105,0.049,1
"ARFGEF1",0.00332103532050685,0.408194104005907,0.158,0.084,1
"VSIG4",0.00335779847863173,0.407777467965867,0.135,0.068,1
"TGFBR3",0.00337604135462921,-0.906205562776776,0.444,0.488,1
"AIMP2",0.00345486361710934,0.608791655605089,0.111,0.053,1
"RNASEH2B",0.00347410928006361,0.410816627372804,0.123,0.06,1
"DNAJB1",0.00348335023126784,-0.567341409664889,0.924,0.849,1
"CD93",0.00349689570062444,-0.911184824224855,0.392,0.451,1
"DNAJA1",0.00351256856544035,-0.356281318701615,0.906,0.817,1
"MRPL53",0.00357013237398005,-2.41876306439073,0.064,0.139,1
"CFHR2",0.00359708447508064,0.584735334167184,0.111,0.053,1
"CCDC28A",0.00360365530548441,0.279223257781018,0.222,0.131,1
"USF2",0.00361484484592078,0.334738836498451,0.24,0.146,1
"DNASE1L3",0.003617868768158,0.268205965134936,0.912,0.946,1
"ZNF721",0.00376497317161819,0.37156419711293,0.164,0.09,1
"ZC3HAV1",0.00377326356704647,-1.08736106335033,0.409,0.448,1
"LGALS3BP",0.00377731430259925,0.307647821875588,0.556,0.412,1
"TBC1D10A",0.00379070970786768,0.426431190955581,0.135,0.069,1
"NQO1",0.00379416049089727,0.265471471380158,0.17,0.093,1
"SBNO2",0.00380060857245604,-1.97870070209346,0.053,0.126,1
"EXOSC8",0.00381484600118231,0.306077282043447,0.199,0.115,1
"ZNRD1",0.00382853036493154,0.259006415732643,0.211,0.123,1
"CTSF",0.00383312700649687,0.269709241574383,0.304,0.193,1
"PUS7L",0.0038887947159683,0.380855146081407,0.152,0.082,1
"ORAI1",0.003893355361226,0.362580348490437,0.228,0.136,1
"USP14",0.00391969925882102,0.250289859200933,0.211,0.122,1
"CIC",0.00399457396307745,0.350931823368881,0.111,0.053,1
"IFIT5",0.00401087291614575,0.363967741943077,0.129,0.065,1
"C3orf38",0.00403112494521248,0.353061046447534,0.117,0.057,1
"CCDC92",0.0040376774652984,0.261045373256288,0.111,0.053,1
"SNAP29",0.00410294846583158,0.400320711373176,0.181,0.103,1
"AHNAK",0.00411375420665913,0.261119531981182,0.339,0.224,1
"NR2F1",0.00416142197610274,-0.917642867951486,0.415,0.454,1
"ECM1",0.00416399207231346,0.405692181805385,0.456,0.333,1
"WAC-AS1",0.00417327322898907,0.56734246327515,0.111,0.054,1
"PDCD1LG2",0.00417493439753967,0.879752997045333,0.14,0.077,1
"FOXN2",0.00425037959335876,0.389809868447064,0.187,0.107,1
"HES1",0.00433969191798089,-0.863490504974072,0.953,0.851,1
"IL1RL1",0.00436377574957555,-1.73838435335379,0.088,0.17,1
"CEBPB",0.00438457306031674,-0.839350593687606,0.52,0.53,1
"OTUD5",0.00440318334331955,0.369671116580659,0.135,0.07,1
"CHD6",0.00441335605926529,0.316805959975969,0.193,0.111,1
"ECD",0.00443832621096574,0.608848194276364,0.14,0.075,1
"FDX1L",0.00456616211490679,0.347955745693795,0.135,0.07,1
"IFITM2",0.00457350034102084,-0.346328493275386,0.936,0.878,1
"SAMSN1",0.00460691886958574,-1.669702007885,0.111,0.191,1
"SLC25A26",0.00461894564097026,0.253006336235684,0.146,0.078,1
"SYNRG",0.00462872795507199,0.477079672301445,0.175,0.099,1
"KAT5",0.00467782993264918,0.423444744253079,0.135,0.07,1
"BCAT2",0.00469487845422929,0.641976243587141,0.111,0.054,1
"PCIF1",0.00473238473721562,0.409294552333113,0.117,0.058,1
"ACKR4",0.00479382019465323,0.629113883977501,0.129,0.068,1
"C16orf62",0.00483889786543538,0.317463683585477,0.158,0.087,1
"SMARCA1",0.00489771967467808,0.350468554519148,0.14,0.074,1
"NAGK",0.00490681197648908,0.283783624078925,0.298,0.194,1
"TBCB",0.00491254608120131,0.280462743575592,0.398,0.282,1
"SNX7",0.00494338430897554,0.367825159847023,0.123,0.062,1
"CFAP97",0.00494856618425892,0.310507071096277,0.263,0.164,1
"GBAS",0.00496060919947797,0.321202772263948,0.251,0.159,1
"HLA-DMB",0.0049745322345351,0.675320641493022,0.175,0.101,1
"JAGN1",0.00498023342197825,0.311878908949522,0.205,0.121,1
"ANKRD46",0.00498206287579043,0.406608633469148,0.158,0.087,1
"NOL8",0.00499199316408872,0.925027147544007,0.105,0.051,1
"PEX11B",0.00501998897084644,0.368781756825868,0.105,0.05,1
"SESN1",0.00519274644402127,0.290460874548613,0.129,0.067,1
"SNHG9",0.00519540626188309,-1.48806687851253,0.246,0.314,1
"TRMT61B",0.00521611708481111,0.366631905230119,0.105,0.05,1
"C5orf56",0.00525015919900005,0.273372002602849,0.269,0.172,1
"ENPP2",0.00530700120379945,0.511749483970906,0.193,0.115,1
"WRB",0.0053863706839815,0.259447286631162,0.234,0.143,1
"NUBP2",0.00542210515259417,0.390017001120593,0.222,0.138,1
"CST7",0.00544433359119333,-1.28073816649907,0.129,0.208,1
"SEC11C",0.00549114604867523,0.281224280840801,0.322,0.216,1
"FAM207A",0.00550796381188081,0.278883939564095,0.152,0.083,1
"MRPL39",0.00551651425641751,0.569728795129203,0.14,0.076,1
"WDR70",0.00554562492065366,0.266677813003418,0.135,0.071,1
"CTC-444N24.11",0.00557352490497872,-1.77680670521284,0.099,0.175,1
"ZNF189",0.00557575855735794,0.429130130632769,0.111,0.054,1
"MAP1LC3B",0.00559058000700851,-0.857589013691083,0.433,0.462,1
"SIRT6",0.00559628467210028,0.278131724025616,0.111,0.054,1
"COMMD5",0.00567188955191063,0.355509333349593,0.181,0.103,1
"TMEM126A",0.00567519614822692,0.343953488035668,0.251,0.156,1
"CFAP20",0.00568970240536842,-0.267506380813074,0.269,0.162,1
"ITPRIP",0.00576205007522861,-0.936409097192819,0.456,0.485,1
"MUT",0.00590538647590799,0.25086079644777,0.135,0.071,1
"SNAPIN",0.00591080408028471,0.287703234547394,0.269,0.172,1
"MAP7D1",0.00593047656561876,0.296485001780156,0.199,0.119,1
"ALG2",0.00594705347438573,0.713359817801443,0.158,0.091,1
"SMARCC1",0.00604984512405012,0.317794430077526,0.135,0.071,1
"FAM21C",0.00606781602167283,0.382037636128691,0.123,0.063,1
"ZDHHC4",0.00608130437038258,0.358170724096866,0.135,0.071,1
"MBIP",0.00613220027629393,0.429592437920877,0.105,0.051,1
"MAT2A",0.0062033775023494,-1.34647756948108,0.228,0.293,1
"UBALD1",0.00622470352474483,0.454996653656812,0.135,0.071,1
"HMG20A",0.0062387151079475,0.460154052961573,0.164,0.093,1
"CASC3",0.00624913072007276,0.267062358524479,0.152,0.083,1
"NDUFAF2",0.00624986228623702,0.316637078052337,0.211,0.125,1
"BRIX1",0.00628023829601838,0.293514260197109,0.199,0.119,1
"OAS3",0.00652701812037784,0.252300402254043,0.181,0.105,1
"SYVN1",0.00661694872910115,0.344241971414147,0.105,0.051,1
"NADSYN1",0.00664571750096596,0.30457689471501,0.111,0.055,1
"MSH3",0.00667436078218577,0.844599385637784,0.105,0.053,1
"BID",0.00668750823982163,0.335364346446293,0.292,0.193,1
"MIR222HG",0.00671054401161356,-2.14246266027394,0.047,0.112,1
"KIAA1586",0.00671482940147249,0.633449039994953,0.111,0.056,1
"JUNB",0.00672407959089026,-0.260550365146885,0.936,0.913,1
"CEP290",0.00673859248743177,0.290491147636514,0.129,0.067,1
"FCGR2B",0.00695649572658497,-0.430924191316939,0.661,0.69,1
"ARFIP2",0.00712125489203672,0.391704967116547,0.117,0.06,1
"RNFT1",0.00715434192385406,0.551279670899059,0.105,0.052,1
"CYR61",0.00719352655902341,0.637374460937933,0.187,0.112,1
"OGFR",0.00743725099811088,0.388094914159983,0.228,0.143,1
"DDX19A",0.00750805850587383,0.283062802192704,0.105,0.052,1
"LCLAT1",0.0075409799398369,0.32865712924552,0.105,0.052,1
"ETS2",0.00770631643289082,-0.994784093024081,0.55,0.515,1
"DDX23",0.00773085753965784,0.313156832180709,0.123,0.064,1
"RAB29",0.00775003538119424,0.368258692928746,0.14,0.077,1
"DPP4",0.00775117141809548,0.328472893917271,0.187,0.111,1
"FAM118A",0.00782408072328177,0.316682506503888,0.181,0.107,1
"CEP68",0.00790935605778594,0.472123004194605,0.123,0.065,1
"NCOA7",0.00802696308107459,-0.883140909715435,0.509,0.518,1
"KLF9",0.00804847430510117,-0.684199735172951,0.684,0.623,1
"SHPRH",0.00805155552642315,0.452785327919416,0.111,0.057,1
"GDF15",0.00807712440048166,-2.07029530376755,0.123,0.194,1
"TBC1D2B",0.00809677145689207,0.304428020829745,0.129,0.068,1
"TMEM203",0.00810928923622052,0.275085796532623,0.117,0.06,1
"RMDN2",0.00816222057449449,0.616147723193499,0.105,0.053,1
"UCKL1",0.00822702090345255,0.383124783605992,0.117,0.061,1
"ASH2L",0.0082375480594636,0.456119382408937,0.123,0.066,1
"KBTBD7",0.00823883120184172,0.365265409463637,0.105,0.053,1
"TBC1D22A",0.00826766477874186,0.395675865025145,0.146,0.082,1
"AREG",0.00831340808460162,-2.26860106740712,0.088,0.156,1
"ATG16L2",0.0083543247831538,0.630036582205754,0.117,0.062,1
"ACP2",0.0084876893969485,0.335124373416761,0.24,0.155,1
"NMRK1",0.00850462196625671,0.253841740525724,0.327,0.222,1
"PEX13",0.00851768443398853,0.324763511165341,0.129,0.069,1
"SNRNP48",0.00886030610054328,0.396152901547606,0.111,0.057,1
"BMPER",0.00888119646614361,-1.10388833811162,0.205,0.282,1
"PNP",0.00895932102878482,-1.72172039895467,0.17,0.234,1
"B4GALT7",0.00903299323936342,0.314761973948199,0.111,0.057,1
"TNFRSF10D",0.00911184562525432,-1.21039600815457,0.187,0.261,1
"CLK3",0.00911637344884487,0.305825303498301,0.181,0.109,1
"ELP2",0.00929480354799513,0.412979128805015,0.158,0.092,1
"C1GALT1C1",0.00933126441625177,0.34706458996606,0.211,0.131,1
"ZSWIM6",0.00941682705739029,-1.80385533057656,0.099,0.167,1
"PDS5B",0.00947779476608337,0.274649248062769,0.146,0.082,1
"KCNC4",0.00964485309400864,0.339691569264045,0.146,0.083,1
"TMEM123",0.0096605485362346,-0.579834001556658,0.696,0.626,1
"XPNPEP1",0.00966354940663379,0.476996737209611,0.158,0.092,1
"RP11-557H15.4",0.00983418497520122,-0.718074451649445,0.181,0.274,1
"PHF11",0.00985053578798268,0.293890197348947,0.263,0.175,1
"MYCBP2",0.00987368690962461,0.313978661240592,0.228,0.147,1
"PLEKHG1",0.00988060927643926,-1.39342965583008,0.164,0.234,1
"S100A8",0.00993611624541621,-1.72312360297884,0.053,0.115,1
"ZNF267",0.0102010935489784,-1.81323417530048,0.094,0.16,1
"HSPG2",0.0102517218103496,-0.502502017983022,0.784,0.724,1
"API5",0.0102744751814168,0.252471939229179,0.164,0.096,1
"DEF8",0.0103074250157404,0.436511207662419,0.129,0.071,1
"PLAUR",0.010421287315644,-1.27630501091841,0.164,0.237,1
"DCAF7",0.0104835937602232,0.407956944000134,0.216,0.135,1
"KIFAP3",0.0104922183576094,0.485344652004555,0.129,0.071,1
"RNASEH1",0.010526164435462,0.416225548970351,0.105,0.054,1
"PRKACB",0.0105395337199319,-1.42714477027885,0.082,0.151,1
"SNAPC3",0.0105444591808954,0.345893990054095,0.175,0.104,1
"EMP1",0.0106054539545253,-1.38343198929127,0.322,0.374,1
"DDB2",0.0106075862816006,0.521282497789889,0.117,0.062,1
"GPR155",0.0108021968592171,0.45924780716041,0.129,0.071,1
"ZNF770",0.0108541165063212,0.622298054798416,0.146,0.086,1
"SRPRA",0.0108786574677853,0.30565490161156,0.175,0.104,1
"RRP15",0.0109566811388519,0.373192301900761,0.146,0.083,1
"KAT8",0.0109654368598524,0.329051009147524,0.111,0.058,1
"DHX40",0.0111799829210837,0.346323603905494,0.123,0.067,1
"DNAAF2",0.0111938712668039,0.515376994340169,0.105,0.054,1
"MIS12",0.0112577894720227,0.476579982880994,0.123,0.067,1
"MCRS1",0.0113000726056138,0.314707507309137,0.135,0.075,1
"APOOL",0.0113896666414015,0.360264547907936,0.111,0.058,1
"NAGA",0.0115365002573383,-0.302307204036146,0.111,0.057,1
"CYTH1",0.0117350256758384,-1.13010670202557,0.199,0.267,1
"UBP1",0.0117546967065979,0.318097391985242,0.129,0.071,1
"RASSF9",0.0117893258248647,0.40110131956427,0.111,0.058,1
"HSP90AA1",0.0120308778776978,-0.344590748615608,1,0.936,1
"ICAM4",0.0120921822700487,-1.27888326153044,0.07,0.139,1
"DNAJB6",0.0123362205945862,-0.591776800854515,0.632,0.61,1
"BCL6",0.0124411909070504,-2.33845923264041,0.064,0.125,1
"XPC",0.0124415094355386,0.436901231243066,0.158,0.092,1
"INPP4A",0.0129375236450848,0.361005943983509,0.123,0.067,1
"LEO1",0.0130211016169706,0.411079291867282,0.117,0.063,1
"C17orf49",0.0131876209013912,-1.6544416359834,0.117,0.181,1
"SELE",0.0133517339812321,-2.12154676515853,0.047,0.105,1
"PALLD",0.0136192980529156,0.367903223284213,0.17,0.104,1
"DMWD",0.0137841794021932,0.362060798931057,0.123,0.068,1
"FAM210A",0.01382555707475,-0.365798618874984,0.105,0.054,1
"DBN1",0.0139981830561447,0.278293383767179,0.14,0.08,1
"CD7",0.0143025970053441,-1.3183746520719,0.094,0.163,1
"PET100",0.0145152559781815,-0.617481539706902,0.626,0.565,1
"DHX29",0.0145417512370808,0.319802602409428,0.187,0.116,1
"SERPINB1",0.0145640390920771,-0.9086544887108,0.55,0.522,1
"VAC14",0.0145967516789165,0.313058252388504,0.105,0.055,1
"RUNX1T1",0.0146195128836026,0.274950225621929,0.14,0.081,1
"SRSF5",0.0146488959581193,-0.640192219598588,0.573,0.552,1
"C6orf106",0.0147595267587022,0.461108789682201,0.135,0.078,1
"CFLAR",0.0147961941489056,-0.711611726439165,0.538,0.537,1
"STC1",0.0154401665698523,-0.538505701936577,0.211,0.129,1
"REV3L",0.0154803718523304,0.250105526523285,0.152,0.09,1
"SAA4",0.0161323056543286,-0.623652269351749,0.175,0.102,1
"KLRB1",0.0163231650082287,-1.11463977175316,0.164,0.238,1
"DUSP2",0.0163415779814981,-1.01013558803944,0.211,0.282,1
"RP11-242D8.1",0.0165677138707156,0.420689588802115,0.135,0.078,1
"ZFAND5",0.0166150181925687,-0.571155362759504,0.684,0.64,1
"SEC14L1",0.0166861602197728,-0.401677862999414,0.801,0.724,1
"IFI16",0.0166973477008068,-0.489472767781232,0.643,0.61,1
"ART4",0.0168493377292625,0.311162097045988,0.281,0.196,1
"RAB12",0.0169725396604939,-2.26978016310662,0.053,0.108,1
"YPEL2",0.0170373778903127,-1.91180929303841,0.111,0.171,1
"EIF2S2",0.0171165205252953,-0.575248404706271,0.661,0.608,1
"IGLC3",0.01729926897201,-1.09567098478004,0.228,0.29,1
"HSPA8",0.0174841500786165,-0.275681693077348,0.871,0.81,1
"SLF1",0.0175347340307033,0.45215795416914,0.135,0.079,1
"TMTC4",0.0175547039513886,-1.27564082649851,0.082,0.147,1
"DDX56",0.0175649734047687,-0.367845030777649,0.158,0.091,1
"KLRD1",0.0176610776882074,-1.0943746681378,0.07,0.131,1
"SOS2",0.0183260548260075,0.428104697622681,0.129,0.075,1
"RRP8",0.0184376683803276,0.309649531696011,0.105,0.057,1
"RCSD1",0.0184828114013374,0.25266279309752,0.152,0.091,1
"ARHGAP1",0.0185056327838519,0.303235787611011,0.129,0.074,1
"KDM4B",0.0185555394585804,0.292457490388979,0.105,0.057,1
"CRIM1",0.0185717408857017,-0.886909483652361,0.368,0.406,1
"SEL1L",0.0186081086481304,-0.268960123464296,0.263,0.167,1
"TUBGCP2",0.0186677471611027,0.400023383236314,0.123,0.07,1
"TRIM25",0.0188218619206562,-2.24465508736835,0.082,0.139,1
"SLC14A1",0.0189031761496283,-1.24207064150508,0.076,0.137,1
"TMX4",0.0189328970577354,-0.296129643216283,0.263,0.167,1
"C8orf33",0.0193307895966302,-0.342905633283233,0.187,0.114,1
"GPN2",0.0196543117490137,0.369821708829508,0.105,0.058,1
"BCL3",0.0198120179403995,-1.71221312551075,0.111,0.171,1
"PPP3CC",0.0200346478571563,0.294194187040547,0.199,0.127,1
"RP11-356I2.4",0.0204939113890835,0.440588688430044,0.135,0.079,1
"S1PR1",0.0209145315950867,-0.79893652105092,0.415,0.436,1
"RPA3",0.0209656173759848,-0.255907670329198,0.304,0.2,1
"SLCO4A1",0.0209665820458491,-1.47564544718876,0.111,0.174,1
"RPAP3",0.0209977193857611,0.330752464049378,0.111,0.062,1
"SNX10",0.0211116667698099,0.490705732577176,0.129,0.075,1
"UBE4A",0.0213905240370552,-0.34671942566572,0.135,0.077,1
"MAPK14",0.021589542884017,0.294832444531545,0.111,0.062,1
"RNF135",0.0216716373257773,0.360444516144375,0.14,0.084,1
"PNMA1",0.0220754302577457,0.643226534048571,0.117,0.067,1
"HSPA1B",0.022386373989881,-0.547491500311796,0.918,0.792,1
"C15orf61",0.0227554126089168,0.526631596901159,0.105,0.058,1
"KCNH7",0.0228113753022652,0.44247316183713,0.105,0.058,1
"ACTR1B",0.0231751001465368,0.2587948555886,0.14,0.084,1
"TRBC1",0.023265096947982,-1.16844289259862,0.053,0.107,1
"CCDC43",0.023266817618633,0.38960182028163,0.135,0.08,1
"F8",0.0233693176263035,-0.62848726644555,0.579,0.554,1
"GPN1",0.0237019433671172,0.286841513951537,0.135,0.079,1
"PABPC4",0.0240000996174225,-1.22456250751432,0.228,0.279,1
"ARL6IP1",0.0240096852863864,-0.501649642377837,0.69,0.648,1
"PYCR2",0.0240210896263808,0.344299804618049,0.135,0.08,1
"SLC43A3",0.0241568606405102,0.268059364451292,0.123,0.071,1
"GPNMB",0.024234334532639,0.414340070898211,0.117,0.067,1
"EXOSC3",0.0244276213127989,0.263191952736774,0.105,0.058,1
"SP110",0.0245199425692871,0.384905626088113,0.152,0.095,1
"ZC2HC1A",0.0248167112301765,0.343031578525472,0.105,0.058,1
"SLC39A14",0.0249958483585655,-0.252507312866713,0.14,0.082,1
"CHORDC1",0.0259524353749543,-1.34757963450264,0.187,0.243,1
"ZNF3",0.0265459288147187,0.416295304360548,0.105,0.059,1
"ADAMTS9",0.026837467700837,-1.88231242802458,0.094,0.149,1
"GATA2",0.027448767619822,0.362323090930071,0.105,0.059,1
"SDE2",0.0275648934276041,-1.63191735148047,0.088,0.143,1
"SARAF",0.027710379925597,-0.304401700783226,0.871,0.752,1
"NUP50",0.028199265595003,-1.2954359616603,0.099,0.158,1
"TIMP3",0.0283961096382203,-0.27255010876329,0.906,0.825,1
"VIM",0.0285730500035845,0.851896992182123,0.515,0.425,1
"SLC40A1",0.0290407251383405,-0.670706493746214,0.69,0.604,1
"DPYSL2",0.0290681320536034,-0.621675546738751,0.468,0.483,1
"ZNF765",0.0293352661709277,0.443529106703915,0.17,0.111,1
"NPAT",0.0295129383619122,0.262447080204271,0.111,0.064,1
"PPP1R9B",0.029694653408787,0.374818508965836,0.129,0.078,1
"RNF145",0.0299809506216844,-0.973701688390692,0.287,0.334,1
"CDK2AP1",0.0301181694854383,-1.55492189656706,0.099,0.155,1
"GPAT4",0.0304465039354114,-0.446911109912949,0.135,0.079,1
"IL33",0.030753763606198,-0.388265432809928,0.708,0.713,1
"RARA",0.0307717187760715,-0.309077228974368,0.199,0.125,1
"TMEM150C",0.0308427215766025,-0.426524494948317,0.111,0.062,1
"PLPP3",0.0312184874517632,-0.332015577099003,0.936,0.841,1
"BMP2",0.0312809782924777,-1.52064762345919,0.158,0.214,1
"TAF2",0.0316738496656254,0.303396129702973,0.14,0.087,1
"RAB27A",0.0319018731729608,-1.44658993955471,0.111,0.165,1
"IGFBP3",0.0320173988354444,0.655778793531007,0.17,0.111,1
"HNRNPK",0.0320484981519785,-0.317804039988639,0.778,0.72,1
"PLEKHA3",0.0324889769132221,-0.302897905908753,0.251,0.165,1
"FERMT3",0.0326500352348254,0.310630304276874,0.129,0.079,1
"MMP24-AS1",0.0327626072639315,-0.323766336812305,0.263,0.175,1
"AFF1",0.0335241196244592,-1.10374348153599,0.222,0.273,1
"HSPA12B",0.0338531616507973,-0.327780326373734,0.152,0.093,1
"PLIN2",0.0341674946743613,-0.464818159829005,0.766,0.692,1
"USP47",0.0343519417882922,-0.431261473991088,0.175,0.109,1
"GRASP",0.0346257825275948,-0.811352543959919,0.251,0.303,1
"ANKRD39",0.0346379960499633,0.253452084384967,0.105,0.06,1
"GAR1",0.0348309168959754,0.268285113157986,0.152,0.096,1
"WWTR1",0.0352512035411333,-0.681765122310745,0.404,0.434,1
"ZFP36L1",0.0354017305559282,-0.492059973702189,0.708,0.643,1
"MAEA",0.0359776875910072,0.463995102733354,0.123,0.075,1
"HOXB4",0.0364174654975862,0.251438297622132,0.129,0.079,1
"SLC35E3",0.0365096779067597,0.370161811036222,0.14,0.088,1
"MSX1",0.036566816247238,-1.46860696010924,0.088,0.141,1
"TMEM55A",0.0368290646029724,0.328052151203225,0.117,0.071,1
"ACTR6",0.036904347151656,0.336538208719237,0.111,0.066,1
"TMA16",0.0369534831628,-0.433715126422971,0.152,0.093,1
"NUDT19",0.0372094354182385,0.255435088089039,0.123,0.075,1
"PTP4A2",0.0376349765111473,-0.880206884952798,0.368,0.386,1
"SLC25A32",0.0385081008563951,0.277820090853629,0.152,0.098,1
"SYNPO",0.0387448237354034,-0.598402837722253,0.135,0.081,1
"DDX21",0.0387860112272069,-0.823740444817307,0.55,0.508,1
"RAC1",0.0389206757452426,-0.293456626969915,0.918,0.824,1
"ZNF593",0.0396434763689004,-1.33971870386331,0.181,0.232,1
"WSB1",0.0396463920250417,-0.52400458488564,0.702,0.643,1
"ASXL2",0.0400944991924004,-0.283754087693681,0.158,0.099,1
"TRAPPC12",0.0404490223099691,0.331879989690218,0.117,0.071,1
"ASCC2",0.0406531101466669,0.340874627898726,0.129,0.08,1
"KLF6",0.0407779268013043,-0.481851393105679,0.912,0.821,1
"STAG2",0.0410777275713159,-0.255332594692888,0.263,0.178,1
"OLFM1",0.0411469003213725,0.715659149300255,0.164,0.112,1
"TSC22D2",0.0414359793418882,-1.30155831065558,0.199,0.246,1
"MX1",0.0421783671445218,-0.867643205174319,0.175,0.236,1
"EXOC1",0.0424835532098649,0.41961202213108,0.211,0.147,1
"SPG21",0.0426964099033314,-0.264072784905785,0.333,0.231,1
"MT1F",0.0427099736225164,-2.05068743353151,0.082,0.131,1
"CPE",0.0427250893449768,-0.285608805900432,0.175,0.114,1
"CSNK2A2",0.0427586934196485,-0.277276308630964,0.111,0.065,1
"CLEC4G",0.0435534358922732,0.251941866224373,0.725,0.811,1
"EPSTI1",0.0437119906421212,-0.712256704816524,0.292,0.345,1
"MED4",0.0437527457509353,-0.270660272157751,0.368,0.252,1
"KCTD10",0.0440202016086037,0.273631479052004,0.129,0.08,1
"GNG10",0.0443846400681422,-1.79001860537995,0.094,0.142,1
"MDFIC",0.0444926607119534,-1.56230984947416,0.099,0.15,1
"PPP2R1B",0.0448266868081516,-0.378821260861337,0.129,0.078,1
"NFKB1",0.0451780829759045,-1.09947986944255,0.146,0.202,1
"ARHGAP26",0.0453650588703189,-0.942280509027715,0.193,0.248,1
"SAMD9",0.0461523578486185,0.353184631966343,0.135,0.086,1
"CTNNBL1",0.046227065005481,-0.4230765944202,0.228,0.151,1
"CD4",0.0463612666130039,-0.402381073621167,0.696,0.683,1
"DNAJA4",0.0464141233003221,-0.774548176074562,0.246,0.3,1
"ASB8",0.0464348275790465,0.268816401115632,0.111,0.067,1
"EIF4G2",0.0467801698937832,-0.42868841347641,0.725,0.644,1
"MS4A7",0.0467928635895781,-0.375201901344795,0.257,0.179,1
"POLD4",0.046907556866102,-1.29598871423391,0.146,0.197,1
"RND1",0.0469709660510318,-0.909046631113137,0.158,0.213,1
"PIP4K2A",0.0471049955710645,-0.607326273846618,0.287,0.341,1
"GXYLT1",0.0471192221635656,0.378242850968554,0.129,0.082,1
"TTF1",0.0471835536175309,0.347671466344208,0.105,0.063,1
"SOX17",0.0474206926856369,-0.969488159616015,0.327,0.362,1
"CMSS1",0.0477176317497111,-0.250485779235555,0.175,0.114,1
"SLC25A25",0.0492535144372968,-1.82084194514677,0.152,0.195,1
"GATA4",0.0498499566768889,-0.995652666791021,0.088,0.141,1
"MRC1",0.0501991309555507,-0.363473552006435,0.725,0.686,1
"ATP2A2",0.0502758432922173,-0.879060045542586,0.251,0.295,1
"SHANK3",0.0506162995520113,-1.36145052439864,0.088,0.135,1
"PRPSAP2",0.0510531340999869,0.429295141715899,0.135,0.087,1
"CETP",0.0515329160405022,0.350775977364332,0.626,0.572,1
"PRNP",0.0523457130983733,-1.27794661699535,0.234,0.27,1
"CXCL8",0.0525353392098605,-0.979725894843376,0.275,0.321,1
"RPP21",0.0530649490924002,-1.62486428780664,0.058,0.103,1
"TEK",0.0533803576684291,-0.6950112992173,0.374,0.398,1
"RGS12",0.0535027725288011,-0.508749183058836,0.123,0.075,1
"TRIP12",0.053801158762426,-1.34715530315302,0.175,0.22,1
"PSMG1",0.0543686046791123,0.281157318716097,0.152,0.102,1
"SLC7A8",0.0549815991094218,-0.736438561209612,0.287,0.337,1
"HERC1",0.0550767645735627,-0.277325130366109,0.333,0.232,1
"RASGRP3",0.0559497690878624,-0.272406495792228,0.351,0.248,1
"ZNF33A",0.0561764165150257,0.261080587185156,0.123,0.077,1
"NTS",0.0563202051550025,-1.85373366393998,0.082,0.129,1
"MFHAS1",0.0564579576657029,-1.46367272572728,0.064,0.109,1
"GADD45B",0.056901468540993,-0.479932651906623,0.667,0.635,1
"MTHFD2",0.0570497044895203,-1.8537476830892,0.076,0.12,1
"NFKBIA",0.0571991115143896,-0.381143999418824,0.936,0.857,1
"ADD3",0.0578694409730056,-0.668220092907513,0.491,0.489,1
"ZNF322",0.0578736864024781,-0.441079596249808,0.105,0.062,1
"CD3D",0.0580412522849514,-1.3403848362048,0.129,0.176,1
"HSPD1",0.0581807299374991,-0.706769164854552,0.626,0.571,1
"MAST4",0.058199474719381,-1.14119586530676,0.211,0.255,1
"CCBL2",0.059096382123214,0.602400285139915,0.105,0.066,1
"ATF7IP",0.0592352847180027,-0.929648065066726,0.088,0.138,1
"RP11-670E13.6",0.0593712047055129,-1.46030721962148,0.14,0.185,1
"ZNF331",0.0596592209797929,-1.14841380881545,0.17,0.219,1
"ZFHX3",0.0597000436606048,-0.318779677674329,0.222,0.148,1
"NDUFA7",0.0598391866033042,-1.35365590754154,0.222,0.256,1
"PLOD1",0.0602109071577893,-0.251640559856241,0.24,0.164,1
"RNF8",0.0602224229128702,0.280628811887623,0.111,0.07,1
"PCDH17",0.0602458779771664,-0.998264290897183,0.251,0.29,1
"FOXC1",0.0607734363707819,-1.4585833980389,0.105,0.151,1
"PRPS1",0.0609984043917046,-0.304491425124929,0.187,0.123,1
"CD52",0.0611947775564297,-0.676604187546508,0.164,0.216,1
"TAF8",0.0617695404896887,-0.378017123520422,0.117,0.072,1
"GNS",0.0620705073198263,-1.03658484503167,0.298,0.319,1
"GOLIM4",0.0622046375221583,-0.496878680552865,0.246,0.167,1
"PDK4",0.0626933945779066,-0.362620621882594,0.883,0.805,1
"TMEM106B",0.0629342505617654,-0.287717948622688,0.275,0.194,1
"FBXO3",0.0632389036955334,-0.316670207348122,0.17,0.111,1
"FOXO1",0.0635538622924411,-1.24527418643545,0.158,0.203,1
"ABL2",0.0637078851706787,-1.56722885596942,0.14,0.185,1
"CCDC91",0.0646902391433035,-0.259968918078489,0.129,0.081,1
"MIR503HG",0.0647756165309867,0.576440547718077,0.117,0.076,1
"GPM6A",0.0654244843106072,-0.857900129938493,0.327,0.359,1
"LRMP",0.0654871934348902,0.364204591426053,0.123,0.079,1
"IL2RG",0.0656495250640506,-1.4774273469386,0.082,0.126,1
"FAM214A",0.0658520702459363,-0.611667318016802,0.158,0.101,1
"AP006222.2",0.0659755027201316,0.363223162629096,0.105,0.066,1
"PLK3",0.0670551326799612,-0.303001410635291,0.304,0.215,1
"ITPKC",0.0671502139454296,-1.28391891896918,0.216,0.252,1
"SHC2",0.0673895999904793,-1.1004849241732,0.164,0.212,1
"PDXDC1",0.0676966517797534,-0.269139772519543,0.158,0.103,1
"DLL1",0.0688101288614311,-1.10830270401863,0.269,0.303,1
"ZNF581",0.0694633782742373,0.464733899837023,0.123,0.081,1
"OLA1",0.0695159824963074,-0.310211534570817,0.193,0.13,1
"CASC4",0.0696253669826071,-0.380880093698919,0.234,0.161,1
"SLC25A20",0.0703481579358517,0.284086870468593,0.105,0.066,1
"WARS",0.0706767505271385,-0.527575013002128,0.655,0.604,1
"ASXL1",0.0710738188907263,0.294334239583666,0.205,0.145,1
"C18orf32",0.0716231791120733,-1.06514175991617,0.24,0.274,1
"SMPD1",0.0717457367271656,0.253218462367999,0.164,0.114,1
"TCF4",0.0720894654683793,-0.491805364216228,0.637,0.6,1
"NDUFA13",0.0723180769697317,-0.325270125819274,0.766,0.677,1
"CCDC152",0.0726692023251392,-0.301376248998427,0.135,0.087,1
"ZCCHC10",0.0727494649950468,-1.08583239109836,0.205,0.244,1
"ZNF280D",0.0732978491704372,-0.359765105357356,0.164,0.108,1
"TLE3",0.0735710570887572,-1.2314964533905,0.129,0.174,1
"LARP4B",0.0747185666255057,-0.400589428624455,0.117,0.073,1
"UBE2K",0.0747737727558363,-0.298248409184589,0.333,0.236,1
"PPT1",0.0755562875651691,-0.286277376399312,0.363,0.261,1
"NFIL3",0.0758093085288663,-1.50177787134646,0.088,0.13,1
"FSTL1",0.0760905087496694,-0.936302410870916,0.304,0.325,1
"TPP1",0.0762529580777973,-0.656625688105767,0.491,0.466,1
"CBX3",0.0762742675179742,-0.774734610685363,0.456,0.44,1
"RAB21",0.0766005024010839,-0.946743406723814,0.287,0.312,1
"ESRRA",0.0767614963162366,-1.88976105236349,0.07,0.11,1
"HBEGF",0.0767920530639482,-1.37500445071347,0.152,0.192,1
"PDPK1",0.0784747719719609,-0.269377068987173,0.129,0.083,1
"B4GALT5",0.0784826903331388,-0.695452595976449,0.269,0.312,1
"KRBOX4",0.0787443311809141,0.401581778837532,0.135,0.091,1
"IRS2",0.0788679641709848,-0.480474388559138,0.158,0.104,1
"BCL2L11",0.0789269557061868,-1.19942363211819,0.164,0.206,1
"KMT5B",0.0794876800973065,-0.346031775421276,0.164,0.111,1
"ACTN1",0.0795575409509743,-0.955126875838367,0.304,0.326,1
"FBP1",0.0799057009868153,-0.699615936340184,0.117,0.074,1
"HSPA5",0.0801135322215694,-0.354069053780609,0.801,0.725,1
"SLC39A10",0.0804397271066874,-0.330528544017613,0.164,0.11,1
"ATF4",0.0807462599421967,-0.753056138911065,0.485,0.463,1
"FAM234A",0.0811582944070047,-0.582169683487491,0.146,0.095,1
"KALRN",0.0812209902787104,-0.339296606629777,0.251,0.175,1
"NOLC1",0.0814335082833332,-1.01468033418471,0.146,0.193,1
"SELK",0.0818402679400364,-0.608440142279529,0.713,0.607,1
"SERINC5",0.0819786296195651,-0.297231251804888,0.386,0.281,1
"A2M",0.0820059382540343,-0.322320446634014,0.825,0.753,1
"VASH1",0.0825318019369472,-0.286649308739892,0.152,0.101,1
"S100A9",0.0825358797861028,-1.88633616081499,0.082,0.125,1
"PDE6D",0.0828354307286557,0.2685288620512,0.105,0.067,1
"SLC44A2",0.0830736027846822,-0.984599230323128,0.263,0.295,1
"ST6GALNAC3",0.0831911993663683,-1.15941766859243,0.175,0.216,1
"ZRANB1",0.0832947731252745,-0.270630067101923,0.135,0.088,1
"ENOSF1",0.0834705312161344,-0.295538436082316,0.193,0.134,1
"GPX3",0.0841366347685553,-0.423877592463001,0.626,0.458,1
"LSP1",0.0842443190032861,-1.35086127322471,0.088,0.129,1
"CEBPG",0.0842906203418306,-0.33062249755989,0.181,0.123,1
"BIRC3",0.0844375068148152,-1.26234008096128,0.24,0.27,1
"MT1G",0.0847237401310417,-1.91191003453656,0.322,0.333,1
"CEP57",0.0848675763584897,-0.309483650239283,0.164,0.11,1
"DNAJC21",0.0858319025558108,-0.303568818017806,0.146,0.097,1
"ATP13A3",0.0861423618104711,-1.38674630714442,0.164,0.201,1
"GNAS",0.0863260191918863,-0.437528845571487,0.684,0.618,1
"SPRED1",0.0868575499647166,-0.322611936533695,0.164,0.11,1
"SEC24B",0.0872121402572905,-0.318303449255286,0.129,0.083,1
"DLG1",0.0872951427170597,-0.397209692931765,0.146,0.096,1
"DPY19L1",0.087816599788411,-1.45998972630863,0.07,0.109,1
"TBK1",0.088338137697102,-0.342110238723592,0.135,0.087,1
"PRKAR2A",0.0883942904093547,-0.295620896958086,0.269,0.19,1
"PSMD12",0.0885895369590866,-0.270707103071481,0.292,0.208,1
"FKBP4",0.0893485695573589,-0.313672541998522,0.263,0.185,1
"SNAI1",0.0893952441185433,-1.21579043985943,0.088,0.129,1
"SPOCK2",0.089654908510076,-1.07639437981664,0.07,0.111,1
"TWISTNB",0.0903985945233577,-0.367884680042409,0.222,0.155,1
"CHST15",0.0911616146963067,-0.27691293117085,0.205,0.142,1
"SUPT16H",0.0912342195533819,-0.280062389328471,0.123,0.079,1
"CCNYL1",0.0912465293525243,-1.27138862233888,0.105,0.147,1
"GNG12",0.092669514262266,-0.683104404061928,0.292,0.33,1
"SRSF4",0.0931578254862371,-0.809079952598431,0.404,0.399,1
"WWC2",0.0938935098250077,-0.387398493711697,0.135,0.088,1
"C1orf162",0.0947609643485848,-0.273773631967876,0.181,0.125,1
"SOAT1",0.095375468840472,-0.256680193011897,0.199,0.14,1
"C2CD2",0.0957091244042721,-0.280613532066489,0.135,0.089,1
"GTPBP4",0.0962644687788007,-0.269371865969884,0.158,0.107,1
"FMR1",0.0967928622315187,-0.360138072911001,0.17,0.115,1
"SF3A1",0.0968377892193641,-1.01153449502033,0.117,0.159,1
"SCML1",0.0975711781509236,-0.264453461791492,0.205,0.143,1
"RAD23B",0.0983030843833578,-0.251925892607539,0.374,0.273,1
"SUPT7L",0.0983634135515052,0.263694031836936,0.129,0.087,1
"GZMB",0.0988014375949665,-0.797588793209356,0.099,0.138,1
"CCL3",0.0988590495706026,-0.57503647075399,0.433,0.437,1
"KNOP1",0.099262363890768,-0.384874374310849,0.123,0.08,1
"RAPGEF5",0.0993794070238509,-0.681622802213631,0.433,0.438,1
"PPP1R3B",0.0994050016452197,-1.41509019379014,0.105,0.145,1
"PLOD2",0.0995048076001041,-1.60426475582518,0.076,0.113,1
"IL7R",0.099927597563556,-0.444620718898173,0.111,0.157,1
"MFF",0.100308101589892,-0.393297459259097,0.24,0.167,1
"ATP5I",0.100403411781576,-0.276649401041377,0.936,0.842,1
"SUPT20H",0.101578179658821,0.293865301910386,0.105,0.069,1
"QKI",0.101812790125024,-0.799702222851157,0.409,0.402,1
"NPTN",0.10233035696861,-0.882047175455965,0.14,0.187,1
"TANC1",0.102568913340912,-0.286033132973309,0.193,0.135,1
"PPP1CC",0.102910912099226,-0.279579553009751,0.374,0.274,1
"PLSCR1",0.103407590144274,-0.460026636646998,0.48,0.482,1
"ITGA5",0.103444594587813,-0.321822887493108,0.287,0.205,1
"LINC00116",0.10375013163648,-0.444713648008706,0.345,0.245,1
"S100A13",0.103831788059649,-0.411611624914987,0.76,0.668,1
"FGD5-AS1",0.103863842908735,-0.291677403981453,0.281,0.204,1
"UBE2G2",0.105030248129129,-0.269140874958129,0.222,0.157,1
"FRMD8",0.105669433374757,-1.07574190164626,0.158,0.198,1
"TMEM263",0.105764230257578,-0.287234764787463,0.205,0.146,1
"PLSCR4",0.105864006273283,-1.07514286445015,0.175,0.217,1
"DPYD",0.105958684857084,-0.403557495976249,0.152,0.103,1
"KLF2",0.106050667397948,-0.658726422142996,0.626,0.568,1
"RALGAPA1",0.106445796929164,-0.264551057253563,0.158,0.108,1
"NONO",0.107898103710399,-0.300831372534574,0.374,0.275,1
"ANXA5",0.109096755890508,-0.380714415320252,0.661,0.59,1
"RREB1",0.109491627112785,-0.273472066718053,0.181,0.127,1
"ANGPTL4",0.109766482722339,-0.497433228446522,0.263,0.188,1
"HSPA1A",0.110634988082042,-0.428796534683422,0.965,0.856,1
"ABI2",0.110752720689181,-0.308813230393657,0.251,0.181,1
"FAM210B",0.11209196484683,-0.277790853677891,0.234,0.167,1
"DGKE",0.112491841125505,-1.16713043547385,0.152,0.188,1
"CNOT6L",0.112517956139664,-0.790582442284644,0.339,0.353,1
"ZEB2",0.113727742020912,-0.656861602903358,0.345,0.365,1
"PHACTR4",0.113947558892317,-0.266733478933827,0.24,0.175,1
"ZBTB10",0.114364350756137,-0.266845048707485,0.175,0.123,1
"FBXO18",0.114594895722702,-0.275524322273663,0.152,0.105,1
"LMBRD1",0.114746865393808,-0.299057894842107,0.304,0.22,1
"TUBA4A",0.116217234258953,-1.11602236447127,0.17,0.204,1
"MATK",0.116541928192293,0.281608881663318,0.111,0.075,1
"CCDC186",0.116798344349107,0.316120411844837,0.129,0.09,1
"PSMD11",0.116805130864909,-0.262227813716751,0.345,0.254,1
"TERF2IP",0.117895388966194,-0.255625981854839,0.456,0.337,1
"PUM2",0.118299540844634,-0.321225019894007,0.222,0.16,1
"ERAP2",0.118828935931402,-1.09778689571094,0.099,0.138,1
"STAB2",0.11994125940321,-0.542985389861741,0.48,0.479,1
"GAK",0.119999454156366,-0.406553895665705,0.146,0.1,1
"NUB1",0.121664027895372,-0.275995435144303,0.199,0.142,1
"NAPG",0.122180933746856,-0.34420129600018,0.117,0.077,1
"FEM1C",0.122248404130268,-0.567889784938123,0.193,0.135,1
"SETD5",0.122569398805544,-0.320278977161185,0.316,0.231,1
"NAGLU",0.122615474784673,-1.4241513998979,0.082,0.117,1
"NTN4",0.12277953254895,-0.429311851865901,0.637,0.59,1
"DNAJC15",0.123553624548244,-0.315199639638084,0.398,0.293,1
"CABLES1",0.124336091433705,-0.944124450078593,0.088,0.127,1
"SH2D3C",0.124564789767261,-0.278869129786901,0.175,0.125,1
"UTP11L",0.124935612316396,-0.437644137789128,0.281,0.203,1
"NELFB",0.125137203529258,-0.304773559154707,0.129,0.087,1
"ATP6V0A1",0.125544846809412,-0.519226207177308,0.111,0.073,1
"EEA1",0.125622443130036,-0.389518052934938,0.146,0.101,1
"LENG8",0.125862118164881,-1.2441778744198,0.129,0.165,1
"ARRDC3",0.126399635347438,-1.02570907855419,0.263,0.286,1
"PIK3R1",0.126885481287718,-0.56281436785494,0.205,0.143,1
"YES1",0.12719109490957,-0.813039870726574,0.45,0.425,1
"REEP3",0.12740854650597,-0.291698546140115,0.409,0.302,1
"ZNF791",0.127748280821331,-0.415807715165119,0.164,0.114,1
"TWF2",0.128299325971893,-0.406026964143043,0.146,0.1,1
"TES",0.128324477340893,-0.337657018170505,0.135,0.091,1
"ZMIZ1",0.128701848553696,-1.06337632719118,0.17,0.202,1
"UPP1",0.12875396892767,-0.568899853846909,0.661,0.58,1
"SFSWAP",0.128944095000835,-0.362833583442309,0.111,0.074,1
"CCL14",0.129941427825213,-0.496531979876365,0.83,0.797,1
"TGIF1",0.132575540176757,-0.291896215677187,0.281,0.208,1
"CCL20",0.133347497605007,-0.76804201304926,0.099,0.139,1
"TMEM70",0.13373976898262,-0.950601140696956,0.339,0.341,1
"VEGFA",0.134517089094501,-1.86425378158926,0.105,0.137,1
"C16orf72",0.135202084039453,-0.859435932724459,0.205,0.24,1
"P4HA1",0.136239686063882,-0.34997691423309,0.181,0.129,1
"BRWD1",0.136415803230002,-0.505836240233899,0.181,0.129,1
"GZMH",0.136536837080316,-0.954912519319358,0.07,0.106,1
"CLIC2",0.136599515636709,-0.897669034099222,0.199,0.232,1
"GALT",0.137019629130861,-0.282516402550595,0.123,0.083,1
"OAF",0.137138019074314,-0.384443815487617,0.14,0.096,1
"PPP1R15B",0.137370112425607,-1.18268663693974,0.199,0.227,1
"LRRC32",0.138212602827311,-1.02273999499741,0.269,0.287,1
"AHR",0.138819521545201,-1.27864957895579,0.199,0.221,1
"SS18",0.138822951949961,-0.262601310491886,0.135,0.093,1
"SATB1",0.138869038344682,-1.19183084833268,0.099,0.134,1
"TBRG1",0.140973847633003,-0.318425108084351,0.158,0.111,1
"VAPA",0.142027971271349,-0.444646453204857,0.731,0.619,1
"CHCHD7",0.142040836099299,-0.549700756299261,0.228,0.163,1
"LPAR6",0.142253196562537,-0.585174416667222,0.526,0.492,1
"NR4A2",0.1426754705227,-0.588979120350919,0.257,0.292,1
"DSE",0.142747085101337,-0.8614440503904,0.158,0.195,1
"ANKS1A",0.143380649148792,-0.300203410616284,0.31,0.232,1
"MLLT4",0.143664468788763,-0.924884081486146,0.251,0.275,1
"RERE",0.144239756021158,-0.922858317981312,0.246,0.271,1
"TCF7L2",0.144301615208181,-0.304684220533474,0.292,0.216,1
"LBR",0.144725504182812,-0.415873658372366,0.199,0.143,1
"ZFYVE16",0.145621003884117,-0.29313159006298,0.222,0.163,1
"CCNH",0.145985819864818,-0.900927558698625,0.263,0.287,1
"ZZEF1",0.146095327825128,-0.404029760124799,0.129,0.088,1
"CDK17",0.147396406846017,-0.896584459969737,0.222,0.25,1
"ARRDC1",0.148492011293241,-0.393277425186523,0.181,0.13,1
"KDR",0.148733658556717,-0.543611597138628,0.509,0.487,1
"CYFIP1",0.149097943705343,-0.318687092682346,0.216,0.159,1
"SLC25A24",0.149576817849171,-0.282623613548988,0.152,0.109,1
"ZBED6",0.150552181855719,-0.448548209582715,0.105,0.071,1
"VPS26A",0.151121928065197,-0.276231985710052,0.263,0.196,1
"FBXW2",0.151857269955982,-0.334457703198023,0.152,0.107,1
"RPS6KB2",0.151857860573102,-0.514480690697285,0.105,0.071,1
"CD2",0.152073989584585,-0.74071634692499,0.082,0.115,1
"CIZ1",0.152171691623903,-0.323216361238635,0.111,0.075,1
"AGFG1",0.152537388350691,-0.358884451292735,0.146,0.103,1
"UBE2J1",0.153555145749888,-0.264668643276214,0.392,0.293,1
"CCRL2",0.153560342892087,-1.1169593096914,0.111,0.144,1
"EMP3",0.153669928640495,-0.861330027599075,0.298,0.317,1
"SPINK1",0.15468199956851,-0.816494178954846,0.105,0.141,1
"DYNC1I2",0.154850085104228,-0.586081410405794,0.474,0.455,1
"NELFCD",0.155114130775841,-0.335533703818427,0.117,0.08,1
"MT-ATP8",0.155476527467936,-1.1912118222199,0.24,0.257,1
"GCLM",0.15606792292172,-0.285505339261602,0.275,0.204,1
"GFM1",0.157045156335358,-0.259727843628818,0.152,0.109,1
"NR2F2",0.157121436301164,-0.625102733209418,0.415,0.409,1
"MAFG",0.157374069842771,-1.21884568205816,0.082,0.114,1
"SRSF1",0.157792609714175,-0.278555878622934,0.281,0.211,1
"IFNG",0.15841109561304,-1.26373414970211,0.076,0.107,1
"PAPSS2",0.159694717283728,-1.15986319445811,0.199,0.227,1
"RNF44",0.160090159112095,-1.1602826447051,0.088,0.12,1
"LEPROTL1",0.160308714123137,-0.663076938051827,0.48,0.449,1
"BAG5",0.160573187592557,-0.372095539471854,0.193,0.141,1
"RBM6",0.160626699501625,-0.269919272925629,0.298,0.23,1
"AKNA",0.161010737242744,-1.70682789199363,0.076,0.106,1
"DCHS1",0.161512429941866,-0.895107900558798,0.135,0.171,1
"SRSF7",0.162117958769581,-0.307475327660754,0.667,0.478,1
"NECAP1",0.162285674889604,-0.335421354577254,0.117,0.081,1
"ISG15",0.16256802413002,-0.543505098300226,0.696,0.618,1
"FAM43A",0.162830123211106,-0.825922088472958,0.304,0.321,1
"RP11-553L6.5",0.162891140937475,-0.362461422448412,0.175,0.127,1
"TAF10",0.162923872624312,-0.591255132212178,0.14,0.098,1
"CLOCK",0.164002533629494,-0.636537361074915,0.152,0.107,1
"PPIP5K2",0.165331631720971,-1.03025980103602,0.07,0.103,1
"SEPW1",0.165527447947305,-0.338423134786665,0.684,0.627,1
"ARL8A",0.167175650675821,-0.448551986639013,0.175,0.125,1
"ODC1",0.167989088452388,-1.41768501088946,0.082,0.111,1
"KCNQ1OT1",0.168275724547301,-0.310586829066906,0.205,0.15,1
"JCHAIN",0.168398677197679,-1.48110714506804,0.158,0.187,1
"REL",0.16874493431121,-1.03413736114341,0.269,0.285,1
"STAU2",0.170953593151513,-0.269319524479209,0.175,0.127,1
"DLGAP4",0.173793707054981,-0.513634659745322,0.187,0.135,1
"POLE4",0.17392098904041,-0.310560827223349,0.38,0.282,1
"ARID2",0.174346037505621,-0.421000312099006,0.105,0.072,1
"IFNAR2",0.174787037986183,-0.297396172384847,0.211,0.158,1
"ATXN10",0.175050394190959,-0.277080608210356,0.211,0.157,1
"TTC28",0.175364865361013,-0.471983345015936,0.152,0.108,1
"ITPKB",0.176359332158412,-1.51186081264882,0.094,0.123,1
"UBA6",0.176426422330345,-0.983476655092698,0.088,0.121,1
"NOTCH1",0.176601466137783,-0.276048422504877,0.205,0.152,1
"SECISBP2L",0.178349800932164,-0.283792397204385,0.175,0.129,1
"WIPI2",0.179356722836127,-0.4259715217228,0.246,0.183,1
"CHSY1",0.180728017614451,-1.01458101356948,0.193,0.218,1
"DCP1A",0.180903235411005,-0.337551284044798,0.181,0.134,1
"HBS1L",0.181593473480354,-0.518277191202078,0.105,0.072,1
"SCYL2",0.18227189307152,-0.318013610852238,0.152,0.111,1
"ATP1B3",0.183734647828474,-0.63274986989824,0.503,0.465,1
"CRELD1",0.185005562730984,-0.466288854341905,0.175,0.127,1
"OXA1L",0.185289681686021,-0.279594699854264,0.281,0.213,1
"SYMPK",0.18551524742666,-0.309907968454628,0.123,0.087,1
"PLK2",0.185720705826852,-0.3120127451661,0.339,0.26,1
"TMEM173",0.186974530932121,-0.32508347421492,0.24,0.184,1
"STK17B",0.188587833406316,-0.871023055665955,0.105,0.138,1
"GABARAPL1",0.189242474348237,-0.820932725894425,0.339,0.339,1
"LIN7C",0.189541840461375,-0.520117297386725,0.129,0.091,1
"SLC9A9",0.189635456022167,-0.937944822500451,0.152,0.183,1
"SMU1",0.189642712658103,-0.405485907512176,0.175,0.129,1
"RAB34",0.190290851597815,0.311890816457598,0.117,0.086,1
"MFSD11",0.190619853056481,-0.43946720332446,0.129,0.091,1
"FAM107B",0.190945953526312,-0.282356022676401,0.357,0.271,1
"GPCPD1",0.191000922584793,-0.338770967591562,0.158,0.115,1
"RP11-214O1.3",0.191112944416812,-1.2185681636591,0.099,0.131,1
"RBL2",0.191273385044344,-0.351648575227444,0.164,0.119,1
"SYNCRIP",0.191314971978944,-0.33730038877379,0.333,0.25,1
"FCHSD2",0.192262422597273,-0.770557948442686,0.216,0.247,1
"GGA1",0.1931308081352,-0.341228666287937,0.205,0.152,1
"CD2AP",0.193446486064069,-0.337319354844485,0.222,0.167,1
"ZDHHC24",0.193675391758762,-0.268749610378645,0.14,0.102,1
"TFDP1",0.193819250363992,-0.280074556776049,0.181,0.135,1
"MTERF4",0.193945878781262,-0.422134388118679,0.111,0.078,1
"SMG1",0.19463977127554,-0.425212627714181,0.211,0.156,1
"MGAT4A",0.194740002167115,-0.440395212410736,0.146,0.106,1
"CLK1",0.194752857384422,-0.488671124788839,0.708,0.6,1
"EML1",0.194872553822442,-0.333347183422706,0.17,0.125,1
"GUCD1",0.195409339785641,-0.549434623989974,0.158,0.114,1
"STK10",0.195761506277767,-0.259929844048277,0.105,0.074,1
"NR4A3",0.196316943922265,-0.266228131205523,0.082,0.115,1
"ZNF84",0.196484907322386,-0.497917059781864,0.105,0.073,1
"FAM84B",0.198447923324472,-0.376670027217602,0.164,0.12,1
"ZDHHC14",0.198632715219462,-0.500192772001127,0.14,0.1,1
"FASTK",0.199480800990025,-0.290367837390263,0.164,0.121,1
"PTAR1",0.199592642582968,-0.651139180805389,0.123,0.087,1
"FLI1",0.199697903972747,-0.653830882515809,0.181,0.216,1
"ZSWIM8",0.201300834634476,-0.377974120812376,0.135,0.096,1
"MAFF",0.201358447970221,-0.609226090166012,0.292,0.31,1
"NXF1",0.202676987456643,-1.39245819565164,0.117,0.143,1
"PKP4",0.202686759358569,-0.570099845536931,0.123,0.087,1
"SIRT1",0.202693104222416,-1.10357809015689,0.082,0.111,1
"ABHD17A",0.20352445973197,-0.271734911320786,0.281,0.215,1
"UBQLN1",0.203544181303888,-0.298171843040474,0.199,0.148,1
"TCF7L1",0.204610309999727,-0.371042201473303,0.257,0.196,1
"ARMCX1",0.205717649808967,-0.987742878940279,0.129,0.159,1
"THUMPD3-AS1",0.206130645415639,-0.408589085006796,0.246,0.186,1
"CFD",0.20635218089068,-0.321999226711875,0.228,0.175,1
"NTMT1",0.206425807272138,-0.348489245271083,0.211,0.16,1
"CTSS",0.206561821259025,-0.262401462027633,0.509,0.396,1
"HTRA1",0.206764901343232,-0.389968407854742,0.211,0.159,1
"PARP4",0.20731643480657,-0.30930729441518,0.152,0.113,1
"PPP4R2",0.207533212355061,-0.329420723243529,0.246,0.186,1
"XRRA1",0.207696144698646,-0.331394288343246,0.105,0.075,1
"H2AFZ",0.207795854072613,-0.379026870280289,0.789,0.652,1
"BTG1",0.208461783309455,-0.291707935390352,0.883,0.793,1
"IFIT1",0.208694143331444,-0.530935352106103,0.135,0.097,1
"C19orf66",0.208806260409567,-0.261700529243015,0.24,0.183,1
"NUMB",0.208824579670131,-0.410310274258752,0.31,0.236,1
"PRF1",0.209013276520391,-0.930717342288214,0.082,0.11,1
"DEDD",0.209506413399325,-0.256230812182826,0.146,0.107,1
"CBLB",0.210252406358832,-0.902699701286068,0.181,0.21,1
"NFIC",0.210568294213881,-0.317514721612155,0.292,0.229,1
"LY96",0.211042893860115,-0.399827423796474,0.731,0.651,1
"STOX2",0.211632677642179,-0.502131550222457,0.105,0.074,1
"TOX4",0.211933858260554,-0.330179401822563,0.287,0.218,1
"MTX2",0.21268298761095,-0.334888378525997,0.146,0.107,1
"EHD3",0.212785940701257,-0.529176967608027,0.357,0.37,1
"TBCA",0.213145732115549,-0.280382462387302,0.813,0.671,1
"FKBP15",0.215262348683534,-0.287502922914576,0.123,0.089,1
"SMIM4",0.2156632911874,-0.250205214964784,0.316,0.246,1
"GBA",0.216227617099777,-0.357176864924236,0.117,0.084,1
"GZMK",0.216428564014346,-1.01448804284128,0.129,0.159,1
"GATAD2B",0.217485611097072,-0.341121528190478,0.152,0.113,1
"ADIRF",0.218001997912372,-0.268171074208245,0.392,0.321,1
"ANKRD28",0.218748250553391,-0.992244662828946,0.158,0.112,1
"SRSF6",0.219116758697863,-1.1685829415313,0.24,0.25,1
"LGALS8",0.21944039352742,-0.310643931592888,0.31,0.244,1
"STX11",0.21952828016572,-1.48023751492808,0.111,0.136,1
"STK17A",0.219767850503203,-0.313890456390612,0.205,0.155,1
"NUFIP2",0.219806903401743,-0.91943182421486,0.269,0.28,1
"SEC61A1",0.219953934770101,-1.10246234224565,0.158,0.182,1
"CENPB",0.221103844136512,-0.314315567036414,0.105,0.075,1
"INF2",0.221720520445009,-0.40426651760467,0.111,0.079,1
"KLHL24",0.222251859440395,-0.50687225793362,0.24,0.18,1
"PTOV1",0.222378887169482,-0.311617421482246,0.199,0.152,1
"MIB1",0.223851913124316,-0.534308266643225,0.123,0.088,1
"CCL3L3",0.224356195012104,-0.445603703883931,0.234,0.179,1
"LCP1",0.224482351041193,-0.675559200298932,0.135,0.164,1
"CNKSR3",0.2272965024993,-0.908509720866996,0.257,0.274,1
"RRP7A",0.228911579747949,-0.365647970697965,0.205,0.156,1
"AARS",0.229294799137165,-0.399050550675193,0.105,0.075,1
"PDCD6IP",0.229430379458162,-0.321035362656217,0.292,0.226,1
"FBXW7",0.229734443098101,-0.305851463868226,0.135,0.099,1
"USP22",0.229762256188056,-0.257402332116953,0.211,0.162,1
"MFSD14B",0.231803085881645,-1.3048398635735,0.082,0.107,1
"C12orf49",0.232058585541167,-0.289934216401057,0.129,0.095,1
"NUP62",0.232486406970273,-0.287565888310673,0.117,0.086,1
"NRIP1",0.232693575773727,-0.350579057839672,0.146,0.109,1
"SRGAP2B",0.23377047690992,-0.559851804489664,0.269,0.204,1
"CDH5",0.234616411414736,-0.558741762751549,0.538,0.483,1
"DCUN1D3",0.235105570742761,-1.31056403696187,0.082,0.107,1
"EVL",0.235599599642298,-0.360537063577663,0.257,0.2,1
"CPNE1",0.236747023906893,-0.553200574902355,0.175,0.129,1
"MAN2C1",0.236953549827442,-0.3297453753108,0.17,0.129,1
"GTF2B",0.238328791978983,-0.93723997336886,0.222,0.24,1
"GADD45A",0.239161981853433,-0.332306431641987,0.333,0.26,1
"AMOTL1",0.239659497093449,-0.660000150240425,0.111,0.079,1
"FCF1",0.239962388398116,-1.35855100008646,0.082,0.107,1
"ALPL",0.23996381886679,-1.012879386258,0.117,0.143,1
"PFDN2",0.240346570955737,-0.306001708303136,0.561,0.407,1
"RECQL",0.240960313248063,-0.251226240694099,0.17,0.13,1
"ENC1",0.241229596703567,-1.0074408728615,0.111,0.138,1
"CKLF",0.242137534057107,-0.297191434344801,0.444,0.348,1
"STX12",0.242627040332616,-0.321000726861977,0.368,0.285,1
"TOP2B",0.244947072716032,-0.439411692165603,0.175,0.132,1
"EXOSC6",0.245023039709787,-0.292018602648929,0.158,0.121,1
"VAT1",0.24685716929545,-0.30134625343668,0.357,0.277,1
"CPVL",0.24746954004943,-0.401903529684271,0.211,0.16,1
"ZNF281",0.248203704679467,-0.394187536163015,0.24,0.183,1
"WFS1",0.248931975637152,-0.593820906326481,0.123,0.09,1
"MARCH2",0.249292211853122,-0.293687934742978,0.304,0.236,1
"DYNLT3",0.249640117218193,-0.376479345547745,0.275,0.212,1
"PJA2",0.25036146085593,-0.256316661083375,0.357,0.275,1
"COL6A1",0.250706185251497,-1.19874356989793,0.105,0.13,1
"RCAN1",0.250940389328534,-0.437577763200009,0.205,0.157,1
"MIR22HG",0.251823623357979,-1.17501040477605,0.146,0.169,1
"PLEKHO1",0.252440546494241,-0.250420290538246,0.216,0.17,1
"CACUL1",0.253159868110599,-0.4029268507349,0.158,0.119,1
"STIP1",0.25330915977245,-0.466643151135415,0.246,0.188,1
"NR1H3",0.253892730207246,-0.297915535098023,0.123,0.093,1
"FMNL2",0.254317457325034,-0.94798193002855,0.105,0.132,1
"BRD2",0.255166499129011,-0.6884439775923,0.398,0.381,1
"TFF3",0.255971786210222,-0.652024776162168,0.368,0.372,1
"YPEL5",0.257504234595808,-0.720074169629008,0.468,0.413,1
"ZDHHC21",0.257885025279974,-0.514964529416576,0.123,0.091,1
"OTUB1",0.258550330988887,-0.458992120614436,0.216,0.165,1
"RPIA",0.258944600767157,-0.397376349011056,0.164,0.125,1
"ERN1",0.259075566314416,-0.360744020779194,0.135,0.1,1
"GNA13",0.259451366389483,-0.842369075061475,0.234,0.252,1
"PTS",0.259479585697122,-0.27066265022792,0.292,0.231,1
"ASAH1",0.260304559478776,-0.378229577616418,0.725,0.648,1
"G0S2",0.260906569668588,-0.856242162700384,0.17,0.193,1
"ADGRE5",0.261112129961114,-0.835634149053663,0.14,0.166,1
"EXOC5",0.261302555928133,-0.256959981384878,0.216,0.169,1
"ATRNL1",0.262993430895363,-0.789237199033278,0.105,0.133,1
"ZNF207",0.265290400398786,-0.332643663889071,0.444,0.334,1
"TSPAN6",0.265470095323215,-0.32327371085841,0.404,0.314,1
"SNX14",0.265496326089406,-0.255021181511922,0.164,0.126,1
"HSPE1",0.26562248448394,-0.271244669136012,0.801,0.724,1
"RARS2",0.265849962989856,-0.262128071675713,0.187,0.144,1
"BCO2",0.266211649041818,-0.296275379063816,0.111,0.083,1
"GIMAP6",0.266489274999915,-0.333687365738642,0.363,0.281,1
"HNRNPC",0.266550527464829,-0.373282769773421,0.696,0.611,1
"CD81",0.267874404856974,-0.356870471328267,0.737,0.626,1
"TLE4",0.26833743682061,-0.35742918677213,0.24,0.185,1
"MXI1",0.268389713832231,-0.684078240098814,0.105,0.076,1
"ECE1",0.268692665875722,-0.769279020801082,0.216,0.236,1
"HELZ2",0.268698289584914,-0.280145248378991,0.199,0.155,1
"EIF4E",0.269608920650057,-0.267716434323978,0.31,0.245,1
"EMD",0.269629731703855,-1.38062420249804,0.14,0.159,1
"MIR4435-2HG",0.269734400173258,-1.09479542938909,0.287,0.287,1
"LAMB2",0.269857591327811,-0.507388017441377,0.31,0.327,1
"ZNF394",0.270418625608835,-0.37138269009466,0.14,0.107,1
"P3H2",0.270883606303064,-0.768460793708436,0.117,0.144,1
"ATP2B1",0.270999556645564,-0.289647533970769,0.281,0.22,1
"MGEA5",0.273094007433834,-0.466860611516349,0.275,0.212,1
"ZNFX1",0.27356373251765,-0.940608484492635,0.135,0.157,1
"MAP3K8",0.274561977462698,-0.825798482997972,0.129,0.154,1
"SLBP",0.275911023847796,-0.357029852208867,0.228,0.175,1
"AGPS",0.276491427302737,-0.345940990138703,0.105,0.078,1
"HTRA2",0.276601203956686,-0.501133830504982,0.164,0.124,1
"MESDC1",0.278988192320204,-0.757869564727035,0.269,0.28,1
"RMND5A",0.280153861113826,-0.338857269678313,0.181,0.14,1
"ERG",0.280284832955564,-0.737857934297795,0.316,0.318,1
"NAA60",0.280831947697184,-0.569806958931778,0.123,0.091,1
"RC3H1",0.281016645223351,-0.324433733152294,0.146,0.111,1
"CPD",0.28136991701354,-0.286807978022004,0.292,0.229,1
"RABGGTB",0.281774818065978,-0.390888181887294,0.211,0.163,1
"DDR2",0.281809154875514,-0.503536223658044,0.094,0.122,1
"RBMS1",0.281965135317337,-0.489515055999445,0.532,0.485,1
"UBALD2",0.283826323655302,-0.255456594259238,0.181,0.141,1
"RXRA",0.284117677873544,-0.323166531162708,0.181,0.141,1
"AHI1",0.284469093366024,-0.368193690324401,0.146,0.112,1
"KBTBD2",0.284974817869002,-0.711655407054572,0.222,0.245,1
"ATF6",0.285170412401553,-0.394701123559963,0.251,0.196,1
"ZNF83",0.285342347681016,-0.302457487102428,0.152,0.117,1
"STAG1",0.285673657274066,-0.428829397816952,0.14,0.106,1
"ANKH",0.285961556053459,-0.431091978586915,0.123,0.091,1
"CLIC4",0.286530482913314,-0.291213028610181,0.456,0.349,1
"COL6A2",0.286696307089419,-0.574073520732619,0.298,0.31,1
"SPCS3",0.286806738986008,-0.541234698529368,0.474,0.439,1
"TM9SF3",0.2868788881212,-0.686619690552842,0.357,0.345,1
"PTPRE",0.286945047901258,-0.764752004646563,0.14,0.165,1
"SUN1",0.287185846310983,-0.279566376579678,0.281,0.22,1
"MFSD14A",0.28755172450776,-1.04929318246293,0.14,0.161,1
"IKBKB",0.287820772360456,-0.443071961221788,0.129,0.096,1
"RICTOR",0.289139567297841,-0.3664713597981,0.216,0.171,1
"KLC1",0.290336837255582,-1.17492850527787,0.105,0.127,1
"GIMAP5",0.290478284628329,-1.17819002838229,0.175,0.194,1
"RNPS1",0.291286649895954,-0.718537485820209,0.246,0.256,1
"DCAF5",0.291902941489527,-0.320700763957078,0.158,0.122,1
"NDUFS2",0.292177024854743,-0.346558119138129,0.474,0.356,1
"EBLN3",0.292447490069447,-0.362246116421338,0.14,0.107,1
"CD3E",0.294078920390565,-1.50600607553507,0.099,0.12,1
"STT3A",0.295136022386031,-0.416999359647406,0.14,0.107,1
"SRSF8",0.295162987149377,-0.275916910532796,0.222,0.176,1
"CRK",0.296010630198022,-0.307314232331221,0.392,0.307,1
"TBPL1",0.296080644468529,-0.427432916536677,0.257,0.201,1
"DAAM1",0.296172924023901,-0.495709762716887,0.427,0.409,1
"CCM2",0.297973337457868,-0.347761499478013,0.158,0.121,1
"SMNDC1",0.298185586456251,-0.773638617737472,0.187,0.209,1
"TOMM5",0.298708517578941,-0.469777857097931,0.257,0.2,1
"TARDBP",0.298886269109127,-0.407643029113556,0.269,0.212,1
"C14orf2",0.300553120748882,-0.256518719295088,0.865,0.774,1
"DPY19L4",0.30176636197744,-0.367131622137443,0.211,0.166,1
"SNX27",0.303074648406192,-0.544189243313119,0.135,0.103,1
"ARFGAP3",0.303769961474519,-0.384181099097452,0.17,0.131,1
"MYL6B",0.304035700424741,-0.382439529402586,0.135,0.103,1
"PRKCSH",0.30458653942654,-0.308310920133096,0.327,0.26,1
"CUL4B",0.304610915461729,-0.25116471912179,0.292,0.236,1
"ITM2A",0.305808210198137,-0.79961724754929,0.304,0.312,1
"MAZ",0.306262420635005,-0.592679495500907,0.187,0.143,1
"PANK2",0.306277196522317,-0.509804321919727,0.152,0.115,1
"PSMD14",0.306676392815434,-0.286313287517933,0.246,0.194,1
"UAP1",0.307847738287698,-1.34863076600864,0.099,0.119,1
"UBXN8",0.308167131429455,-0.803260812178297,0.117,0.14,1
"PCYT1A",0.308192613292806,-0.333369137351754,0.129,0.099,1
"TMEM60",0.308277343412985,-0.40156411861208,0.17,0.131,1
"GSTM3",0.308418008018396,-0.552654695025243,0.152,0.117,1
"MSN",0.308650870106352,-0.515455536900343,0.515,0.467,1
"FBXW11",0.308679415084273,-0.513106622715469,0.135,0.102,1
"PTPN1",0.308710320286557,-0.91312275653494,0.234,0.245,1
"ATXN7",0.308719884026554,-0.32904712591285,0.17,0.133,1
"EVI2B",0.310491183120563,-1.14957886693839,0.082,0.103,1
"C14orf142",0.310697443992929,-0.258697542318451,0.105,0.079,1
"TAF11",0.311258465287607,-0.515595664332097,0.228,0.176,1
"CHRAC1",0.311926117166838,-0.514486404017869,0.14,0.107,1
"AKAP9",0.313695201571832,-0.302591508498504,0.374,0.297,1
"ELOVL5",0.314183592618207,-0.365052264061131,0.327,0.256,1
"YY1",0.314905887362958,-0.37357286644691,0.351,0.273,1
"KLHL2",0.314919637635289,-1.38160639325368,0.082,0.102,1
"GAPVD1",0.315531359664752,-0.793408404135492,0.129,0.096,1
"MOB2",0.3155977820235,-0.327749439008313,0.193,0.152,1
"SCAMP3",0.315757351566455,-0.276289610428048,0.175,0.139,1
"DNAJB9",0.315919253587868,-0.328080640549192,0.357,0.284,1
"NIPA2",0.31614184525404,-0.287031866280257,0.135,0.104,1
"PLEKHB2",0.316485536667387,-0.745823900186725,0.24,0.251,1
"VAMP7",0.317162816474142,-0.362833290213935,0.158,0.123,1
"SNRPA1",0.317231729344974,-0.348028564122465,0.17,0.132,1
"HIPK3",0.317570293353679,-0.493496792045756,0.234,0.184,1
"GTF2H1",0.317702894818595,-1.13425091748948,0.088,0.109,1
"GATAD2A",0.317921323315635,-0.989658730240941,0.123,0.143,1
"BCL7B",0.318142119161088,-0.33430203047573,0.205,0.162,1
"LUC7L",0.318627513233546,-0.255036830587545,0.181,0.143,1
"APBB2",0.319056888077338,-0.36811436736271,0.205,0.16,1
"TLR4",0.319786966262262,-0.43429742715738,0.246,0.27,1
"LY6E",0.320887779560368,-0.323232510447242,0.637,0.569,1
"CSRNP1",0.321382768011764,-0.604642436314676,0.456,0.425,1
"RAMP3",0.32143030996692,-0.259835383713712,0.842,0.784,1
"MKKS",0.321481098961779,-0.38808653247654,0.257,0.204,1
"CLN5",0.322236526521432,-0.35199679234045,0.181,0.143,1
"C1QTNF1",0.322353839957926,-0.493059319806399,0.398,0.399,1
"ARIH1",0.323653580526576,-0.854460208478172,0.199,0.212,1
"ABCA1",0.323711672684874,-0.525279749042777,0.146,0.112,1
"ZNF518A",0.324134119075367,-0.326483763625159,0.129,0.099,1
"ATP10D",0.324692491085709,-0.265156415703404,0.135,0.104,1
"RB1",0.325102457944169,-0.427445953933442,0.251,0.201,1
"NDRG1",0.326091716812035,-1.20217858837086,0.269,0.266,1
"AMFR",0.327108297413093,-0.651370862241903,0.158,0.122,1
"ALOX5AP",0.327504042117659,-0.877630425985717,0.111,0.133,1
"OSER1",0.328413698319868,-0.434770199231982,0.193,0.152,1
"AQR",0.329579377651773,-0.393530270622457,0.105,0.079,1
"SPATA13",0.329593124464304,-1.18846207863398,0.094,0.113,1
"SPSB1",0.330408004669021,-0.476176232536842,0.123,0.094,1
"SFPQ",0.330455268737314,-0.409195651739393,0.661,0.567,1
"PDE4B",0.331078933466279,-0.776919891281766,0.211,0.226,1
"INO80C",0.331105965689655,-0.358701914920587,0.158,0.124,1
"PSIP1",0.331217353599941,-0.314005490154749,0.251,0.201,1
"RASSF3",0.331370523312301,-0.651739451708747,0.123,0.094,1
"ARRB1",0.331457222941118,-0.462593688853103,0.111,0.084,1
"TNFRSF10B",0.331998133851371,-1.27509712225367,0.175,0.187,1
"RAB8B",0.3333338193771,-0.79655408509367,0.246,0.256,1
"FAM84A",0.333595163937635,-1.26763379331913,0.088,0.107,1
"LRPPRC",0.333959922883505,-0.378189896429635,0.135,0.105,1
"GNAI3",0.334015495832956,-0.261357474914653,0.491,0.381,1
"HNRNPH1",0.334030004414381,-0.510532680317871,0.731,0.622,1
"NUAK1",0.334092621356473,-0.341172624714033,0.287,0.231,1
"PTGS2",0.335075564206817,-0.83158419048984,0.082,0.103,1
"NUDT4",0.336331891989753,-0.495915823462775,0.228,0.179,1
"SMG7",0.336793311469447,-1.30282495499771,0.088,0.107,1
"PGM5",0.337374191971062,-0.576282105586276,0.146,0.169,1
"CHM",0.337462770230942,-0.581521119007879,0.135,0.103,1
"FAM120AOS",0.338958617472874,-0.55163706835282,0.135,0.103,1
"FARP1",0.339057022504441,-0.557937733330941,0.135,0.104,1
"MGST2",0.339585292581054,-0.36030700439617,0.813,0.705,1
"LAMTOR3",0.339787078696312,-0.258264940375552,0.187,0.151,1
"CYCS",0.340660117294878,-0.474909294293894,0.696,0.577,1
"SSFA2",0.340744696240037,-0.734146325477719,0.152,0.116,1
"BLOC1S6",0.341445131250157,-0.816472207491847,0.199,0.215,1
"TAOK2",0.3423915406884,-0.301824849634588,0.175,0.139,1
"PPP3R1",0.342911230790277,-0.597463833966026,0.181,0.141,1
"IRF9",0.343414888904708,-0.366746225195658,0.129,0.1,1
"CSRP2",0.343920649787015,-0.461313422765699,0.105,0.08,1
"ARHGEF3",0.344132557425719,-0.412403815046458,0.105,0.08,1
"UBR1",0.34454841484645,-0.30897779208641,0.152,0.119,1
"AMZ2",0.345903162119919,-0.262917744601431,0.111,0.086,1
"MMRN1",0.346052335063488,-0.752602295452527,0.187,0.208,1
"WAC",0.346246546649481,-0.363285747930569,0.427,0.332,1
"ESYT2",0.346632236746658,-0.614283232739065,0.129,0.099,1
"DNAJC2",0.346647811499405,-0.430504859071701,0.146,0.114,1
"GABPB1",0.347177727844989,-0.307965110845368,0.199,0.159,1
"METTL21A",0.347317282909235,-0.283310068520191,0.152,0.122,1
"PRICKLE2",0.349684672846836,-0.809665963446343,0.082,0.103,1
"SNN",0.349685796978692,-0.388700699425989,0.193,0.153,1
"GANAB",0.350472828688045,-0.521871129878745,0.216,0.171,1
"NFKB2",0.350730994978291,-1.15721275880432,0.094,0.112,1
"SLC18B1",0.351342958548523,-0.364245396858538,0.164,0.13,1
"PMP22",0.35182541906354,-0.404822972114907,0.199,0.158,1
"BAZ1A",0.352106293974828,-0.656920345852609,0.316,0.315,1
"VMA21",0.352961648271481,-0.491841485432022,0.175,0.139,1
"TSN",0.353128364035813,-0.670497083960643,0.38,0.366,1
"DDX18",0.354729688249546,-0.337882841773399,0.509,0.391,1
"MAPRE1",0.35589053940911,-0.281825915021705,0.357,0.289,1
"XIAP",0.356278917526499,-0.281586563755347,0.287,0.232,1
"LYZ",0.357317117975419,0.44288272270316,0.24,0.204,1
"BAZ2A",0.357761484675932,-0.399959011568662,0.181,0.143,1
"ZNF330",0.357971927661724,-0.473581270486984,0.187,0.149,1
"CEP170",0.359802882166851,-1.05275975475412,0.117,0.135,1
"AKAP13",0.359855332299279,-0.545718612595516,0.456,0.42,1
"DDX3Y",0.360250414042187,-0.407617545519528,0.316,0.251,1
"BCL2A1",0.360665004392712,-1.15377437143252,0.082,0.102,1
"CTGF",0.361096918130787,-0.739295150539482,0.14,0.111,1
"CEACAM1",0.361243048340465,-0.552885639516856,0.187,0.206,1
"CNOT4",0.361561516871665,-0.275144348267538,0.211,0.169,1
"RNF103",0.362770598882864,-0.587499534974091,0.146,0.115,1
"POLR2M",0.362829334443443,-0.2530782804644,0.117,0.091,1
"KLF3",0.363400004727477,-0.462566021627295,0.368,0.282,1
"SMAD2",0.363721752505953,-0.369532248770332,0.205,0.163,1
"SLC30A9",0.364705662197298,-0.329287088077892,0.111,0.087,1
"ZMYND8",0.364788063631357,-0.308441291166162,0.181,0.147,1
"AMD1",0.365694431491583,-0.93877513885229,0.31,0.298,1
"TMEM248",0.366172192335652,-0.269688159012114,0.363,0.289,1
"SIAH1",0.366933354950641,-0.487127017693626,0.164,0.13,1
"EHD4",0.368205312797995,-0.342153441269474,0.281,0.224,1
"SF1",0.368784772971421,-0.296812063248203,0.55,0.415,1
"TDG",0.369241453726906,-0.488031030091903,0.175,0.139,1
"EIF4EBP2",0.369958078571409,-0.320181380761865,0.269,0.217,1
"ABTB1",0.37056911815536,-0.288167373405031,0.117,0.092,1
"SMAD5",0.371175724656345,-0.567240043776495,0.199,0.157,1
"SLC20A1",0.371661937890641,-0.884882063024899,0.257,0.26,1
"ZNF451",0.371755639634759,-0.768748666877181,0.322,0.314,1
"SPPL2A",0.371908508730486,-0.422853652392591,0.292,0.233,1
"RAB9A",0.371954368339651,-0.489717647521109,0.164,0.13,1
"SYCE1L",0.372248163398118,-1.28525353971019,0.094,0.11,1
"ANKRD36C",0.372625857795234,-0.328807773070278,0.111,0.087,1
"BBX",0.372646193271299,-0.276272953078459,0.287,0.232,1
"JDP2",0.372772728658443,-1.13870688946446,0.111,0.128,1
"ROMO1",0.372784548550582,-0.375742923412733,0.702,0.611,1
"HNRNPDL",0.372921108933855,-0.443154612575794,0.602,0.527,1
"RNF38",0.373136010869011,-0.502745703354736,0.135,0.105,1
"SASH1",0.373651579387058,-0.254288850969889,0.357,0.296,1
"CENPC",0.374025867557278,-0.341766911735872,0.117,0.092,1
"ATAD1",0.374390557680841,-0.279630675315103,0.146,0.116,1
"MEF2A",0.374582441629973,-0.320867166849625,0.222,0.179,1
"VOPP1",0.374773231134676,-0.332353264438022,0.263,0.211,1
"MXD1",0.375586704364149,-0.974872642000973,0.088,0.107,1
"SLFN11",0.375913465778451,-0.963355167249,0.082,0.1,1
"RAC2",0.376770897400736,-1.19170520771083,0.099,0.116,1
"USP12",0.377651734299006,-0.699223589236281,0.111,0.085,1
"UBE2Q1",0.378086469698418,-0.323455668462575,0.146,0.117,1
"TARS",0.379152885897072,-0.322964739437491,0.146,0.116,1
"VEZF1",0.380674707622641,-0.49638662825546,0.14,0.111,1
"SURF4",0.380701665696603,-0.429864181932059,0.31,0.245,1
"NXT1",0.380778896875721,-0.699778804893934,0.181,0.197,1
"KDM7A",0.380969546174937,-0.318207257447668,0.129,0.103,1
"TSPYL2",0.381135448211486,-0.43024618962467,0.269,0.214,1
"PHLDA1",0.382018590081748,-0.840152510634843,0.234,0.241,1
"EDN1",0.382601546461739,-1.07114557698155,0.117,0.135,1
"CD44",0.383046779455601,-0.722793626508505,0.14,0.159,1
"TRIB2",0.384298893318184,-0.826647388920697,0.181,0.195,1
"SMAP2",0.384413211664533,-0.357063727138386,0.327,0.261,1
"GOLPH3",0.384439756732739,-0.80104862459821,0.257,0.264,1
"CRTAP",0.384785097879668,-0.363425663420437,0.398,0.318,1
"HSPA4",0.385410125852046,-0.367044384383759,0.211,0.169,1
"MAP4K4",0.38617791520948,-0.315158528202757,0.31,0.25,1
"SIK2",0.386265425599331,-1.21289507488058,0.117,0.132,1
"TSSC4",0.386717560906383,-0.55418372007582,0.257,0.201,1
"NKIRAS1",0.386849685828623,-0.414060954071598,0.088,0.109,1
"FBXL17",0.387015957886643,-0.363489694607764,0.111,0.087,1
"CHIC2",0.389216868668477,-0.427379321861511,0.409,0.32,1
"PLCG1",0.389586860771467,-0.354264789481277,0.111,0.087,1
"EPHB4",0.391041921215932,-0.869603281679527,0.205,0.212,1
"CWC25",0.394310902801009,-0.526294453495957,0.199,0.159,1
"PHF10",0.394445283841844,-0.838203322025905,0.181,0.196,1
"ARHGEF1",0.394840308981507,-0.581315195547656,0.164,0.129,1
"CREBRF",0.394884421994644,-0.603103553907018,0.292,0.292,1
"SZRD1",0.394925885850879,-0.721946307646737,0.181,0.196,1
"RBBP6",0.394957798987489,-0.653330416782808,0.345,0.332,1
"ZMAT3",0.396153097630019,-0.790814999799154,0.199,0.212,1
"COX7A1",0.396457746918604,-0.467696387575575,0.591,0.523,1
"GLMP",0.396853328748584,-0.335962427622338,0.205,0.167,1
"MAPRE2",0.396861319855411,-0.336965750838107,0.316,0.259,1
"CDC42EP3",0.398671403361986,-0.272825249314514,0.456,0.36,1
"HLA-F",0.399610033698218,-0.251496269955643,0.509,0.401,1
"SNX1",0.401276353270456,-0.415277646730541,0.181,0.144,1
"WDR26",0.402124340029919,-0.742996445098299,0.24,0.245,1
"ARAP2",0.403140319556524,-1.06560920019381,0.111,0.127,1
"SOCS2",0.403900297322855,-0.702898694077858,0.532,0.481,1
"TMX3",0.404062118156514,-0.344151284606467,0.14,0.113,1
"TRIM38",0.404074577553095,-0.446111036210523,0.158,0.127,1
"FES",0.404632992204417,-0.313923177317523,0.17,0.139,1
"HEXIM1",0.405055476768836,-0.538578151606879,0.228,0.186,1
"PAM",0.405978997623099,-0.314392517589921,0.181,0.203,1
"MAPK3",0.40629388575179,-0.42851434848766,0.222,0.179,1
"RBM4",0.407067866664466,-1.03107039028139,0.094,0.11,1
"GRK5",0.407471556818677,-0.251091944000448,0.129,0.103,1
"SRP54",0.407819188935967,-0.273436177302237,0.234,0.194,1
"MAT2B",0.407934670664357,-0.364515017532987,0.251,0.207,1
"AFF4",0.409009255375824,-0.591610734346177,0.45,0.407,1
"TBXA2R",0.409354663886647,-0.408127103603483,0.175,0.143,1
"NXPE3",0.409830074952816,-0.743493041303432,0.222,0.23,1
"ARL13B",0.410829263322406,-0.290686036912471,0.164,0.135,1
"HNRNPF",0.41118673637694,-0.436665082365844,0.626,0.518,1
"SESN3",0.411309057101184,-0.903188420791797,0.105,0.122,1
"ERGIC1",0.412272504497805,-0.369721048586073,0.216,0.174,1
"RYBP",0.413110352494737,-0.699730006621307,0.263,0.267,1
"NFE2L1",0.41336872477791,-0.254262468325999,0.357,0.292,1
"FUT11",0.413423425222868,-0.650852051639624,0.193,0.152,1
"APH1B",0.416334321469511,-0.355278331376762,0.117,0.094,1
"JKAMP",0.416383467317497,-0.592662742756827,0.175,0.14,1
"ARF6",0.417827450806066,-0.598778960054448,0.497,0.444,1
"SECISBP2",0.419597280262099,-0.25088815937151,0.199,0.163,1
"TUBA1C",0.419647136195205,-0.710494599409381,0.175,0.188,1
"MAFK",0.42060308892919,-1.12696099625062,0.117,0.131,1
"CDV3",0.420977369849245,-0.254794061590119,0.269,0.224,1
"CD164",0.422590569846369,-0.445020604114777,0.561,0.488,1
"RPN1",0.423152607930914,-0.297032619893898,0.497,0.39,1
"BCL2L1",0.42325521678595,-1.06734525788928,0.146,0.157,1
"POLR2B",0.425785070202689,-0.311885109674312,0.146,0.119,1
"CNOT8",0.426748670143669,-0.930976057936346,0.129,0.143,1
"DAZAP2",0.426921083470077,-0.375576470565034,0.696,0.575,1
"GMFB",0.427060631361858,-0.81483198944364,0.105,0.123,1
"LATS2",0.427541254640242,-0.313076723494516,0.164,0.135,1
"TM2D1",0.428140049290388,-0.290410360578293,0.327,0.268,1
"PRRC2A",0.428617353376285,-0.430695209366761,0.175,0.143,1
"MTRF1L",0.428994693663632,-0.438190897719293,0.386,0.306,1
"BMPR2",0.431757639592076,-0.479023011126727,0.287,0.3,1
"TBC1D9",0.431907142055554,-0.701827451369987,0.193,0.206,1
"DCAF13",0.432130558646456,-0.435577561811385,0.152,0.123,1
"SOCS1",0.432923522986597,-0.63835517767698,0.187,0.203,1
"IFIT3",0.432930163958743,-0.389833797949484,0.228,0.195,1
"AAK1",0.433287834571875,-0.642018626036494,0.234,0.242,1
"RLF",0.433564140715352,-0.315584696443814,0.129,0.104,1
"PNRC1",0.433617102925005,-0.293495236181418,0.854,0.717,1
"MCAM",0.434828313862167,-0.358150434370741,0.275,0.228,1
"JOSD1",0.43673978918067,-0.939117701316081,0.129,0.143,1
"NOVA1",0.437365215421912,-0.955747791128214,0.088,0.104,1
"LCP2",0.437674015446043,-0.672207516483141,0.158,0.175,1
"PRKCH",0.438235256334002,-0.26266862972608,0.304,0.253,1
"LCMT1",0.438937632853074,-0.548591836269385,0.117,0.093,1
"TMC6",0.438981369791689,-0.319211897904344,0.152,0.125,1
"PRKAA1",0.439523452855714,-0.479836024983714,0.181,0.147,1
"MNAT1",0.44029161482978,-0.387797369679259,0.105,0.084,1
"CCT4",0.440326905880624,-0.357452491250442,0.462,0.361,1
"ATF3",0.440361941395426,-0.421892948061557,0.596,0.541,1
"ZFP91",0.440686923671845,-0.897486715433021,0.094,0.11,1
"HGSNAT",0.440976863917715,-0.576349300319357,0.164,0.131,1
"CDK11B",0.441176622307143,-0.495808904628468,0.181,0.147,1
"SP1",0.442392082580729,-1.00179063211273,0.088,0.103,1
"MEF2C",0.442560385263305,-0.347166660774507,0.667,0.595,1
"NDUFS4",0.442576806728427,-0.255442510002728,0.404,0.327,1
"PXN",0.443124429343352,-0.586749258829653,0.257,0.266,1
"SUPT6H",0.443882776346603,-0.808015807984838,0.14,0.111,1
"EHD1",0.443962806492004,-1.02313195976632,0.094,0.108,1
"RCHY1",0.446679928060785,-0.513889968331102,0.17,0.138,1
"DCTN6",0.446779037274917,-0.260731305222044,0.374,0.304,1
"PELI1",0.447179930497992,-0.871847674032517,0.38,0.348,1
"PBX1",0.447845595630743,-0.459811806500762,0.129,0.104,1
"POLDIP3",0.448209483161148,-0.634914693103482,0.117,0.093,1
"TMCO3",0.448312538955586,-0.519980400360352,0.193,0.156,1
"ELK4",0.450147208413325,-0.4754859747558,0.175,0.141,1
"POLR2A",0.450265468742611,-0.668995567800571,0.234,0.184,1
"UBXN2A",0.450290115337335,-0.394588939499643,0.111,0.089,1
"SMC4",0.45041322583027,-0.413520272800395,0.263,0.215,1
"ABHD17B",0.450845993312553,-0.813543050578055,0.14,0.155,1
"UBE2W",0.452305312966285,-0.601328433903461,0.164,0.132,1
"PPA1",0.452479798958582,-0.428531556433398,0.228,0.188,1
"USP7",0.453688908971513,-0.525955978708569,0.14,0.114,1
"ERO1A",0.454102599585453,-0.715941240442744,0.175,0.14,1
"CREBBP",0.455212874242251,-1.10923444782739,0.117,0.129,1
"N4BP2L1",0.456316871334385,-0.388435884983789,0.187,0.155,1
"HIC1",0.457147764292953,-0.648321615232377,0.123,0.099,1
"EIF3B",0.458532476464818,-0.788030652905708,0.152,0.166,1
"MAN2A1",0.458560470344409,-0.649001169509468,0.152,0.123,1
"STX16",0.459851241754603,-0.592130839326249,0.175,0.141,1
"MED28",0.460847160453659,-0.468942633966453,0.275,0.222,1
"ANGPT2",0.461094018035053,-0.771701003314606,0.275,0.222,1
"PTPRB",0.461925255949966,-0.264728457332442,0.772,0.657,1
"SRRT",0.462317001885808,-0.31124049491163,0.123,0.101,1
"VPS37A",0.463438048928622,-0.46312612187838,0.263,0.216,1
"NUP98",0.463462453746064,-1.04965550118377,0.099,0.113,1
"RBM22",0.463722213875811,-0.288432037080937,0.175,0.147,1
"FAM133B",0.465121021117033,-0.547616030789628,0.497,0.444,1
"PCF11",0.465404882164288,-0.301907363001731,0.257,0.215,1
"KANSL1",0.465981757246688,-0.516461749734436,0.146,0.12,1
"NFKBIZ",0.466110592589789,-0.438248605144745,0.544,0.486,1
"SNRK",0.466618174936685,-0.586935522118034,0.333,0.325,1
"CD53",0.466726001684056,-0.371795180914491,0.181,0.149,1
"DUSP4",0.467285856908907,-0.273664117486671,0.123,0.1,1
"PRKD3",0.467713692331611,-0.441635456486348,0.246,0.2,1
"R3HDM2",0.467801994815002,-0.428532431733172,0.17,0.139,1
"TUT1",0.468442733820007,-0.333453286129467,0.123,0.1,1
"PBXIP1",0.468716202598349,-0.395554577322957,0.146,0.119,1
"NR2F1-AS1",0.469373646389798,-0.846920878903395,0.14,0.154,1
"EMP2",0.469936612304471,-0.366755590412436,0.257,0.216,1
"FNBP4",0.470700511787652,-0.476372283792082,0.181,0.15,1
"CHD2",0.471015928718041,-0.914561394638625,0.181,0.188,1
"RGS2",0.471068193691468,-0.861373965699755,0.257,0.256,1
"ZNF664",0.471201206551142,-0.5133967179069,0.105,0.084,1
"LBH",0.471462078281542,-0.350831777528433,0.14,0.115,1
"YY1AP1",0.471540919685576,-0.872821247205731,0.094,0.108,1
"NT5E",0.471771299249903,-0.309968230579608,0.281,0.232,1
"UBE2M",0.472384238491152,-0.687345910966274,0.094,0.109,1
"KAZN",0.472610760837791,-0.634221150498145,0.099,0.115,1
"GLYR1",0.473476739859857,-0.970794968627101,0.105,0.119,1
"SNAP23",0.473549766036077,-0.340317138345588,0.444,0.36,1
"FBXO11",0.474245441603168,-0.682025308097694,0.193,0.156,1
"PRRC2B",0.475228788468086,-0.348128935686835,0.187,0.155,1
"KPNA1",0.475449152013934,-0.969325328975303,0.088,0.102,1
"MMP14",0.475481006290124,-0.732803530245949,0.205,0.214,1
"UBE2A",0.478310972175995,-0.335716925603362,0.333,0.272,1
"HYAL1",0.478804620718054,-0.405402943985867,0.222,0.185,1
"MAP3K3",0.478829636739865,-1.01520314257168,0.111,0.123,1
"MAPK1",0.479201735443853,-0.502449840592633,0.246,0.2,1
"HSPA6",0.479474629910839,-1.07389282060912,0.251,0.265,1
"RAB31",0.479760444184213,-0.555241302581736,0.211,0.174,1
"FAM177A1",0.479924080135841,-0.649817867285333,0.48,0.421,1
"PDZD8",0.480346997562585,-0.361780406473467,0.105,0.086,1
"CBFB",0.481125218462845,-0.452646403629898,0.129,0.106,1
"CHMP1A",0.481988315585936,-0.720833344915765,0.123,0.099,1
"KDM2A",0.482365141954312,-0.499616037107604,0.164,0.135,1
"MAPKAPK2",0.483304214877527,-0.920597697411644,0.158,0.167,1
"GFOD2",0.484715799361558,-0.696848999588007,0.175,0.185,1
"PRSS23",0.485886722599079,-0.335854392924303,0.602,0.543,1
"SH3BP2",0.488228238382978,-0.661439980703328,0.146,0.119,1
"RHOU",0.488984483062691,-0.677371217360032,0.211,0.218,1
"SNX18",0.490369286139803,-0.357992555316112,0.17,0.142,1
"PELO",0.490479537210474,-0.742963332086564,0.246,0.246,1
"GNG2",0.490893220365798,-0.899774888609225,0.105,0.118,1
"TRBC2",0.492824136621864,-0.795309806641501,0.135,0.147,1
"NFKBIB",0.493697316165497,-0.5298054973098,0.117,0.095,1
"RP11-483L5.1",0.494260668576256,-0.399720694445968,0.094,0.111,1
"HNRNPU",0.495469315979168,-0.350620127202508,0.602,0.526,1
"DDX42",0.495869907171263,-0.378834578703989,0.146,0.121,1
"RNF4",0.495909499451199,-0.654685576975878,0.199,0.163,1
"IPO7",0.497484378230804,-0.429296826253377,0.205,0.169,1
"CASP1",0.498549730876112,-0.326520722977893,0.216,0.182,1
"CDC42SE1",0.49903655531747,-0.668963141067654,0.351,0.339,1
"KHSRP",0.499487261473691,-0.410871233632512,0.17,0.14,1
"ADGRG1",0.500020176514086,-0.407749219643488,0.123,0.101,1
"RGS16",0.500617453114794,-0.627836173943881,0.193,0.159,1
"CPSF2",0.501111088066237,-0.361793301553009,0.105,0.087,1
"ARID1B",0.501826311602961,-0.508704000970124,0.146,0.121,1
"TRAPPC2P1",0.502625301610784,-0.616419746465777,0.345,0.283,1
"PHIP",0.503742438367115,-0.302078885960026,0.257,0.216,1
"IGF2R",0.50455332953508,-0.650787443756556,0.135,0.109,1
"RBMS3",0.504906181281622,-0.855655122239599,0.234,0.232,1
"ABLIM3",0.505874709389898,-0.802070203575099,0.111,0.125,1
"NPEPPS",0.505989609862298,-0.38517637779881,0.152,0.127,1
"ARID5B",0.507109058349693,-0.426461654672901,0.38,0.304,1
"SCAF11",0.507779346899788,-0.300531539075385,0.462,0.372,1
"GNB4",0.507841079046031,-0.760359924966429,0.216,0.223,1
"C2orf88",0.508241259824312,-0.266080421743818,0.287,0.245,1
"TXNRD1",0.508372801670441,-1.30492904893478,0.094,0.103,1
"MAP2K7",0.508602240723239,-0.458361123303937,0.105,0.086,1
"DIS3",0.508747998465406,-0.770867625116268,0.187,0.195,1
"NOP58",0.509009332830338,-0.783326934483353,0.199,0.203,1
"DYNLL2",0.509087806573086,-0.456935334630119,0.164,0.135,1
"CD46",0.509239057126525,-0.286246766831136,0.456,0.365,1
"CYBRD1",0.511348754220945,-0.72512758488843,0.111,0.125,1
"KDSR",0.511494909676502,-0.460967483823162,0.246,0.204,1
"GTF2A1",0.5121385682803,-0.394736447459639,0.117,0.096,1
"PAPD5",0.512633736436457,-0.485647132898803,0.117,0.096,1
"SCN1B",0.513155952656013,-0.415665148979589,0.135,0.111,1
"HNRNPA1L2",0.514753555298523,-0.568733861339553,0.164,0.175,1
"ITPR1",0.515042357330159,-0.8001170402105,0.292,0.28,1
"CTNNB1",0.51642581170106,-0.305680968225655,0.585,0.49,1
"PPP4R1",0.517877198460811,-0.270339766327016,0.105,0.087,1
"TXNDC15",0.518295134123308,-0.389350847316082,0.193,0.162,1
"FKBP11",0.518328589752372,-0.80221184217756,0.292,0.28,1
"PEA15",0.519278882319435,-0.470501198935893,0.409,0.383,1
"MRPL18",0.519288256103287,-0.825267654679179,0.327,0.305,1
"SFT2D1",0.520478795008099,-0.302458421613901,0.38,0.317,1
"BTN3A3",0.520668110863848,-0.416385649800605,0.164,0.136,1
"HNRNPUL2",0.520805904313766,-0.278066980684458,0.164,0.139,1
"TMEM242",0.521935149757396,-0.599492310788346,0.129,0.106,1
"ETV3",0.522047989119073,-0.842447189645541,0.105,0.117,1
"FAR1",0.523004999901114,-0.839993653567342,0.111,0.123,1
"ICAM3",0.524567362242436,-0.682487330881585,0.158,0.129,1
"NARF",0.525765799196508,-0.813454346084063,0.175,0.184,1
"LYAR",0.526241552773469,-0.879102000969099,0.117,0.127,1
"MT-ND6",0.526545963219823,-0.478689252179657,0.374,0.302,1
"LINC00657",0.527409765139421,-0.541842650611419,0.503,0.439,1
"WLS",0.527660318415212,-0.263224877998336,0.129,0.107,1
"ZNF90",0.528063402542967,-1.21463409187624,0.105,0.115,1
"NCSTN",0.528292966509168,-0.861205670122206,0.135,0.145,1
"PITPNB",0.529196520266721,-0.352850821168734,0.298,0.249,1
"RELN",0.529895834271496,-0.302416440476419,0.415,0.416,1
"WIPF2",0.53104943775979,-0.884368023967298,0.187,0.193,1
"RSRP1",0.531678216692312,-0.327021279578802,0.485,0.389,1
"RBM23",0.532311848976153,-0.322996048493769,0.205,0.174,1
"CASP7",0.532802974758971,-0.507917156971281,0.105,0.119,1
"PLEKHO2",0.532927539534976,-0.337890292735773,0.205,0.22,1
"DENND4A",0.533843447693666,-0.993760815798882,0.105,0.116,1
"ARHGEF12",0.53537249512558,-0.501361646491561,0.392,0.314,1
"MPHOSPH6",0.535669375901614,-0.270104119597879,0.17,0.145,1
"STARD8",0.535898678206699,-0.826621608576535,0.152,0.16,1
"IREB2",0.536099590937687,-0.287443589990826,0.14,0.119,1
"EML3",0.536341867486269,-0.321786742609803,0.14,0.118,1
"ARMC8",0.539054299265815,-1.08474181366504,0.094,0.104,1
"PPP1R18",0.539653068357428,-0.359526580385862,0.205,0.175,1
"ERO1B",0.540774874846703,-0.71255567226585,0.14,0.116,1
"TNPO1",0.541783975208783,-0.388374435511009,0.263,0.22,1
"PLPP5",0.542352669044516,-0.843669298217732,0.117,0.127,1
"ADAM9",0.542988672538826,-0.386605403426058,0.17,0.143,1
"C15orf39",0.544554224376292,-0.926076485627482,0.094,0.104,1
"YTHDF3",0.545940348584399,-0.359061519819367,0.164,0.137,1
"PRMT2",0.546160122186737,-0.27180427524915,0.333,0.279,1
"RFX1",0.547079089081186,-0.642948094233609,0.117,0.13,1
"SERTAD1",0.547405057849023,-0.429637719799001,0.608,0.527,1
"TMEM50B",0.548126512521761,-0.323908446455458,0.462,0.373,1
"ABHD3",0.548432925748326,-0.93487983678197,0.123,0.131,1
"RAPGEF4",0.549279954447618,-0.97399488988024,0.099,0.111,1
"YWHAG",0.550131685463272,-0.910921662084715,0.322,0.292,1
"KRAS",0.55128070517941,-0.342178168985175,0.351,0.294,1
"HP1BP3",0.552087107415914,-0.602243352217317,0.374,0.346,1
"KIFC3",0.552916643596462,-0.293350057770274,0.129,0.11,1
"CMIP",0.554021901422935,-0.595633969676711,0.24,0.2,1
"CANX",0.554061197099126,-0.336165448134778,0.678,0.591,1
"UBE2S",0.554063827969877,-0.498569066090536,0.216,0.179,1
"CLASP1",0.554290910027331,-0.362963482545717,0.193,0.163,1
"KIAA1217",0.554513424088321,-0.336885816357448,0.164,0.139,1
"ZFP36L2",0.554937684648009,-0.456350926589738,0.567,0.512,1
"TOR1A",0.555555164694159,-0.841315702075218,0.105,0.087,1
"APOL6",0.55609399776022,-0.398098025038708,0.304,0.254,1
"SLC17A5",0.556798894213042,-0.558951918924764,0.158,0.133,1
"CITED2",0.557442686699534,-0.612981930982608,0.263,0.214,1
"IVNS1ABP",0.557515591002197,-0.557773083175409,0.404,0.326,1
"ANO6",0.557846705159825,-0.456096907356666,0.181,0.154,1
"TMEM127",0.559230244137474,-0.445123573802811,0.17,0.144,1
"TMEM87B",0.560034237768026,-0.279326574604645,0.146,0.126,1
"CTNND1",0.560060682446143,-0.309434878464617,0.333,0.285,1
"SPAG9",0.561501868281863,-0.496396627011349,0.345,0.282,1
"ZCCHC24",0.561644407714609,-0.690602361443324,0.17,0.176,1
"EIF5A",0.562203849007732,-0.336729940912106,0.427,0.359,1
"MARCKS",0.562357876814413,-0.35424724934312,0.649,0.561,1
"RNF114",0.562371996403428,-0.346872669271668,0.316,0.265,1
"PAFAH1B2",0.562565944078646,-0.381222055132077,0.257,0.217,1
"BNIP2",0.562582014177208,-0.332761249310849,0.409,0.332,1
"MBNL1",0.562797937499329,-0.541299977631919,0.386,0.31,1
"GTF2E2",0.562889667050812,-0.499078989880091,0.146,0.123,1
"ZEB1",0.562948618435979,-0.292886737174992,0.234,0.202,1
"IRF7",0.564183557762784,-0.372779571457814,0.222,0.192,1
"FUBP1",0.564555906676358,-0.380057866475107,0.211,0.179,1
"DOK2",0.564606929449864,-0.390452711343964,0.094,0.106,1
"CPSF7",0.565056465172365,-1.26949415215861,0.099,0.107,1
"TMEM167B",0.567065942809288,-0.439052296511738,0.158,0.135,1
"TMEM44",0.56760367255328,-0.700676633866972,0.152,0.161,1
"UBR4",0.568112819192426,-0.65340563268616,0.193,0.16,1
"ATP11A",0.56906103535224,-0.619044900651113,0.14,0.118,1
"TIPARP",0.56958835336349,-0.700382853747177,0.246,0.244,1
"CDKN2AIP",0.569845064390638,-1.09800938437725,0.123,0.131,1
"OAS2",0.57020032059275,-0.766167591402452,0.135,0.143,1
"NMRAL1",0.57027758756432,-0.301521950298823,0.17,0.147,1
"CLSTN1",0.570606595081436,-0.970647363710599,0.129,0.136,1
"JAM3",0.571641499920311,-0.455717612252722,0.105,0.088,1
"TOR1AIP1",0.572325261575457,-0.804150281052985,0.14,0.147,1
"GJA4",0.572514840803208,-0.515292194596693,0.415,0.389,1
"TMEM189",0.572598128373079,-0.57377642635731,0.152,0.127,1
"RABGAP1L",0.572662327316876,-0.358539165193049,0.187,0.159,1
"MID1",0.57266820184366,-0.632742441745915,0.269,0.263,1
"CLDND1",0.573578408319337,-0.394968173313949,0.345,0.289,1
"NUP54",0.574913063052977,-0.440494919887289,0.123,0.103,1
"PSEN1",0.576296184485834,-0.270583605201704,0.117,0.099,1
"CRIPT",0.576686566699582,-0.39957810242353,0.164,0.14,1
"TOPORS",0.576961296881807,-0.431244987607684,0.281,0.239,1
"LAPTM4B",0.577231806785524,-0.681193167995318,0.333,0.31,1
"GID8",0.577352898093783,-0.532089347805327,0.175,0.147,1
"TRIOBP",0.577453273844856,-0.302976877191038,0.374,0.316,1
"SS18L2",0.577473549580999,-0.474121900244975,0.228,0.194,1
"LYRM1",0.577920161043041,-0.572825086991814,0.105,0.088,1
"KIAA0232",0.577937728983597,-0.741935101812258,0.105,0.087,1
"LMO2",0.578670779039044,-0.332379935028536,0.269,0.232,1
"CXCL3",0.579100774056178,-1.57253531985563,0.158,0.164,1
"FNIP2",0.580316866675213,-0.79267389226695,0.234,0.229,1
"MED17",0.580426838535897,-0.5019241367496,0.117,0.098,1
"ABCA9",0.581157686099401,-0.289856151777546,0.158,0.171,1
"GNA11",0.582132020062124,-0.364566261010046,0.205,0.175,1
"RP11-488L18.10",0.582461809301575,-0.404646562016594,0.135,0.115,1
"SLC12A7",0.583785381279961,-1.15261992492788,0.105,0.112,1
"FGL2",0.584347539773496,-0.34671053305628,0.491,0.451,1
"FLNB",0.585043243493944,-0.393212863707136,0.269,0.232,1
"TSPAN3",0.585973652957602,-0.582491879183103,0.211,0.214,1
"PDS5A",0.586705082327141,-1.00497215902043,0.158,0.161,1
"TRAM1",0.587279677112843,-0.271937072328293,0.573,0.467,1
"MARCO",0.588763667424175,-0.872486113548957,0.216,0.22,1
"STK24",0.589460714732106,-0.859427116070507,0.17,0.14,1
"SERPINH1",0.589764513792058,-0.426353997293411,0.456,0.424,1
"HERC4",0.590270452536847,-0.403708034312759,0.123,0.105,1
"FZD4",0.590951381409991,-0.466626302550917,0.339,0.282,1
"TSPAN9",0.593029267872921,-0.35628117458674,0.216,0.187,1
"JMJD6",0.593313468074821,-0.51053776808603,0.222,0.188,1
"IL3RA",0.593522353342951,-0.722751622595706,0.129,0.107,1
"RFWD2",0.594035166473307,-0.492927833388581,0.111,0.095,1
"LSM14A",0.594335763413194,-0.362578622834455,0.287,0.242,1
"CYTIP",0.59472908624663,-0.669440263821431,0.123,0.133,1
"ZNF217",0.595738332552834,-0.64127312514794,0.135,0.115,1
"ATP2B4",0.596688500344288,-0.310994536461659,0.257,0.224,1
"SCAMP1",0.597406508032785,-0.299141206987648,0.199,0.171,1
"YME1L1",0.59764493333019,-0.413091216628754,0.322,0.275,1
"EML4",0.598627068863701,-0.728961616719762,0.216,0.179,1
"ZFAS1",0.599718619442625,-0.425983665647611,0.538,0.466,1
"FAM65B",0.599997648310605,-0.714235632977376,0.135,0.144,1
"CD69",0.600284721927649,-0.444862012420834,0.269,0.27,1
"WNK1",0.600458380304328,-0.333699042844755,0.287,0.243,1
"PRKD2",0.601212398587423,-0.289888122904939,0.164,0.141,1
"NUP58",0.601736937990704,-1.07908544376172,0.117,0.123,1
"CLN8",0.602381265835652,-1.14608462865997,0.129,0.133,1
"CHD1",0.603814823227445,-0.521908450764188,0.287,0.236,1
"CMC1",0.60385175926582,-0.664987925556169,0.281,0.271,1
"FCGR3A",0.604089658680902,-0.404808457200661,0.158,0.139,1
"CD58",0.604472255998949,-0.518915425944748,0.193,0.163,1
"PPP1R12C",0.610314953311704,-0.826824597782438,0.117,0.126,1
"KIAA1191",0.611931442689582,-1.00711329303457,0.135,0.139,1
"TAF15",0.612493212726932,-0.44945442254301,0.17,0.147,1
"SLC12A2",0.615692787073831,-0.880629538622471,0.105,0.088,1
"RNF138",0.615789216433795,-0.537535024682585,0.17,0.144,1
"HLX",0.615847124804371,-0.963334639631453,0.099,0.108,1
"MOB4",0.616045555652033,-0.290330562843186,0.269,0.238,1
"MIR99AHG",0.616222078907559,-0.640911483545953,0.111,0.121,1
"NOS3",0.616498862852571,-0.265428392728652,0.17,0.149,1
"SORBS1",0.617369055383922,-0.286394023973964,0.24,0.208,1
"SHC1",0.618490410843506,-0.584929934827179,0.316,0.304,1
"MARCH6",0.619110935761727,-0.45695677460631,0.316,0.261,1
"RNF10",0.619779278071252,-0.862287104495598,0.187,0.187,1
"CLEC2B",0.620801767750933,-0.250920886761811,0.76,0.652,1
"CUL4A",0.621124275362887,-0.296961356321856,0.158,0.138,1
"CUL3",0.621190584816399,-0.432238748313319,0.17,0.147,1
"ST3GAL5",0.62158553318193,-0.259872817207242,0.111,0.097,1
"DUSP6",0.622672492805145,-0.53041860968678,0.585,0.458,1
"NR3C1",0.623409316956445,-0.428086196970341,0.292,0.246,1
"AP2B1",0.623730070505283,-0.47529609934776,0.298,0.254,1
"EOGT",0.625422228578033,-0.973726862262402,0.094,0.101,1
"DCAF10",0.625529494142244,-0.628963753479827,0.123,0.105,1
"SH3D19",0.625539216210696,-0.870504628310344,0.129,0.108,1
"BLCAP",0.627916229725341,-0.391131926968292,0.234,0.202,1
"MBTPS1",0.628114744401314,-0.541467781528172,0.129,0.11,1
"RAB5A",0.628174819463966,-0.703109801897026,0.363,0.333,1
"OSTM1",0.628971861352597,-0.347168432417473,0.228,0.197,1
"NRP1",0.631245906016576,-0.399226015454567,0.608,0.521,1
"CAPNS1",0.631737185616496,-0.383656934150373,0.456,0.412,1
"MYO10",0.631940636380061,-0.449254390882987,0.351,0.292,1
"MAN1A1",0.632050477013407,-0.673836938199608,0.316,0.3,1
"CCNK",0.632900757359603,-0.411518892372036,0.099,0.11,1
"LACTB",0.633871331860279,-1.01384362258839,0.164,0.163,1
"RNF11",0.635153217253627,-0.673926504785002,0.345,0.313,1
"HES4",0.635659976802594,-0.464585740170338,0.152,0.133,1
"IST1",0.636114494849378,-0.387246694887143,0.228,0.198,1
"AHCYL1",0.636187363024821,-0.530962686791709,0.339,0.283,1
"LIMK2",0.636498569063618,-1.06689576995618,0.123,0.128,1
"GNA14",0.637645956279616,-0.303541902765706,0.17,0.149,1
"SRGAP2C",0.639349349364597,-0.432706781566431,0.251,0.22,1
"RYK",0.639699417010688,-0.477553511611278,0.199,0.173,1
"ANKRD37",0.63975232057381,-0.880240612679217,0.135,0.136,1
"RASIP1",0.640260609925883,-0.383399678917332,0.368,0.351,1
"LRG1",0.640445379000038,-0.53741160015348,0.316,0.271,1
"PRPF8",0.643171294185031,-0.381940067795259,0.14,0.122,1
"ZFX",0.643402916793875,-0.85791883625031,0.099,0.107,1
"EP300",0.643752989769095,-0.731096233134336,0.094,0.102,1
"PVRL2",0.643795585254525,-0.353526834544978,0.585,0.458,1
"AES",0.644563688683933,-0.332475528741605,0.433,0.401,1
"NOVA2",0.645530792593271,-0.546495017358429,0.158,0.136,1
"ZFAND2A",0.645539234240707,-1.02875360484984,0.345,0.312,1
"MAPK6",0.647649934920741,-0.501582653160328,0.146,0.127,1
"METTL9",0.647706728904319,-0.553135964746897,0.298,0.284,1
"ARL4C",0.647871705453381,-0.276818349962082,0.117,0.103,1
"IL13RA1",0.648386461458373,-0.829924813117338,0.24,0.23,1
"GLA",0.64869460485988,-0.914882548755541,0.17,0.143,1
"LILRB5",0.648845415335938,-0.307551235289177,0.152,0.133,1
"SPTY2D1",0.649110749484672,-0.612576606384335,0.135,0.115,1
"FAM53C",0.649906162998526,-0.555057726089636,0.17,0.147,1
"ITGA9",0.650217042098531,-0.559166971231044,0.222,0.222,1
"PCGF3",0.65136679945726,-0.512820607485311,0.123,0.106,1
"RELB",0.651516720927926,-1.06128390286679,0.105,0.11,1
"DDX6",0.652397221453474,-0.467005026923284,0.287,0.279,1
"SH3GL1",0.652454564537838,-0.860882976001525,0.135,0.138,1
"NRAS",0.655584694652216,-0.57448797331425,0.199,0.17,1
"UBE2Z",0.655601022413922,-0.373655076269772,0.193,0.169,1
"MBD2",0.657387308410289,-0.568955762604045,0.175,0.151,1
"PTBP1",0.657594374959819,-0.506133579741075,0.368,0.337,1
"SMARCA2",0.657675768994641,-0.579873748697085,0.187,0.161,1
"PATL1",0.660108250503289,-0.335934996070345,0.111,0.097,1
"BGN",0.661358323914189,-0.435234327370882,0.175,0.152,1
"PLEKHM2",0.663035413417513,-0.621023293751203,0.117,0.101,1
"C4orf48",0.663962189927525,-0.391004645559017,0.404,0.332,1
"ZNF131",0.664802433027957,-0.578465789520341,0.164,0.141,1
"CNOT7",0.665103805284374,-0.684184736630941,0.263,0.251,1
"CD9",0.666619252343576,-0.347746372852102,0.485,0.409,1
"HS3ST3B1",0.667199106119638,-0.457847009906369,0.216,0.22,1
"PML",0.669629686256601,-0.486451642641985,0.199,0.171,1
"SH3BGRL2",0.671568008741626,-0.490173515456297,0.263,0.228,1
"SNHG8",0.67237036990009,-0.565939085792174,0.409,0.37,1
"HELZ",0.672443122726635,-0.589914672683141,0.298,0.247,1
"SEMA6A",0.672450873378055,-0.330061292556343,0.38,0.361,1
"DDIT3",0.673291882284932,-0.465893460227602,0.333,0.288,1
"DNTTIP2",0.673773795290825,-0.432300405319271,0.357,0.332,1
"IL1B",0.674643534492853,-1.01655389163713,0.146,0.127,1
"USP25",0.674853543877944,-0.303976415273897,0.105,0.093,1
"PRCC",0.675119309747076,-0.40877435669433,0.123,0.107,1
"SRGAP1",0.675199231532823,-0.25573139999015,0.164,0.145,1
"SRGAP2",0.675790338554675,-0.448136947797177,0.152,0.133,1
"PPP1CB",0.676887245470472,-0.458847029486493,0.538,0.463,1
"GJA1",0.676910335988135,-0.970613096621002,0.111,0.095,1
"ITGB2",0.676921127734427,-0.4336574973253,0.105,0.115,1
"SLC39A9",0.676979718197834,-0.428478745546781,0.105,0.092,1
"RHOJ",0.67724928754203,-0.262419108530152,0.164,0.171,1
"SNRPB",0.678062840422194,-0.289993764595899,0.538,0.435,1
"SH2B3",0.678933039078454,-0.436828615538043,0.175,0.181,1
"SMAD4",0.679012998643719,-0.710700213146093,0.152,0.131,1
"MSL1",0.679347142275987,-0.423675713052973,0.135,0.118,1
"ANKLE2",0.680048670142752,-0.877774334781838,0.111,0.116,1
"VCL",0.680139850619663,-0.900536571245374,0.146,0.147,1
"RBM47",0.680410117655988,-0.530396556888347,0.181,0.156,1
"KPNA4",0.681012341795632,-0.606553100740138,0.246,0.208,1
"KANK3",0.681807626206272,-0.472520547546905,0.287,0.242,1
"DESI2",0.684316852945105,-0.404692267962997,0.123,0.108,1
"WDR74",0.684622144536226,-0.560591391490265,0.105,0.091,1
"UBL3",0.684658703882591,-0.943985373141752,0.181,0.177,1
"U2AF1",0.68592734200586,-0.80843491585351,0.234,0.224,1
"SH3KBP1",0.686415395491803,-0.542330394261814,0.175,0.178,1
"DIMT1",0.687787033822471,-0.523858155552216,0.123,0.107,1
"PURB",0.688106992358591,-0.564941570454679,0.17,0.146,1
"NCOA2",0.688359228401638,-0.268280028876527,0.123,0.108,1
"NREP",0.688555421787975,-0.981030149914547,0.152,0.129,1
"FAM171A1",0.689894264883333,-0.642820681947725,0.111,0.097,1
"ARL8B",0.690408030429772,-0.648848830134942,0.17,0.171,1
"ARHGAP23",0.693199371795143,-0.686814190351713,0.111,0.118,1
"KAT6B",0.695565631209445,-0.271422537388579,0.105,0.094,1
"RFK",0.695724363217333,-0.447787702907185,0.222,0.224,1
"SETD7",0.696277491513492,-0.33194129342942,0.205,0.183,1
"PPP2CB",0.696298071066387,-0.373373283427087,0.444,0.361,1
"IGF1R",0.698183780330742,-0.418060417226613,0.123,0.131,1
"WDFY3",0.699102931308998,-0.314275414658615,0.111,0.099,1
"CDC73",0.699220763426835,-0.448884854753988,0.129,0.113,1
"SGK223",0.699951982697996,-0.476985249506092,0.111,0.099,1
"ISYNA1",0.70020880801414,-0.725993386421445,0.099,0.106,1
"NPLOC4",0.700404060987064,-0.772483412166051,0.117,0.101,1
"EPB41L2",0.700621358929918,-0.421549993746894,0.234,0.208,1
"MED13L",0.700650022624335,-0.359557534102104,0.193,0.171,1
"ZNF830",0.701886433959016,-0.489702975355904,0.111,0.098,1
"NCOA3",0.702793960722044,-0.407339378075702,0.374,0.316,1
"ADNP",0.70302103532078,-0.601136105896045,0.135,0.118,1
"CTBP1",0.704527043007048,-0.841806224760515,0.181,0.178,1
"SREK1IP1",0.705252363979276,-0.476621303922335,0.357,0.3,1
"TIAM1",0.705891916669911,-0.303877875088226,0.14,0.148,1
"CCDC80",0.706427309835466,-0.521941118593744,0.135,0.118,1
"HMGN3",0.706666927104621,-0.36161887252676,0.556,0.479,1
"RAB3GAP1",0.707756226377407,-0.618486050843597,0.129,0.113,1
"OGT",0.707756965415132,-0.468980080602203,0.152,0.134,1
"GOLM1",0.708167847189855,-0.416824081901195,0.187,0.164,1
"PSMA2",0.708784829304819,-0.399748780518425,0.573,0.482,1
"RASGEF1B",0.709718908174809,-0.639180061634762,0.38,0.335,1
"ELAVL1",0.71049408415086,-0.518395337913574,0.251,0.216,1
"STX3",0.711450200115607,-0.432985992081948,0.175,0.155,1
"PRKACA",0.711496319268516,-0.830281907793408,0.111,0.095,1
"BCLAF1",0.711576903214905,-0.445033430339448,0.45,0.413,1
"EPHA2",0.711619444403983,-0.892364860725514,0.099,0.104,1
"PER1",0.711961531421477,-0.491251392787508,0.322,0.274,1
"PCNXL4",0.713865333172988,-0.984570941669638,0.135,0.135,1
"FNIP1",0.714535696177864,-0.518923575939105,0.257,0.221,1
"DNM3OS",0.715041075629548,-0.351832537570838,0.228,0.204,1
"PREX1",0.715754549741066,-0.340873472216876,0.146,0.133,1
"TRIP10",0.715793916159449,-0.360937718715143,0.123,0.13,1
"RNF2",0.716073661979003,-0.756680193287232,0.105,0.091,1
"MSI2",0.716813007173034,-0.828177128413096,0.105,0.11,1
"PXDN",0.717104173945827,-0.430567805420484,0.345,0.288,1
"MCMBP",0.717438700477887,-0.39100546910154,0.135,0.12,1
"CSF1",0.717650698296935,-0.558522971176233,0.216,0.215,1
"EFNB1",0.717947860641194,-0.260844838839041,0.216,0.194,1
"TPD52L2",0.718669898302446,-0.908240458962719,0.152,0.152,1
"CSNK1E",0.718875958417271,-0.517034532991859,0.199,0.175,1
"GABPA",0.720005930351982,-0.324945215007014,0.129,0.116,1
"BAZ1B",0.722026203272521,-0.640440844525012,0.152,0.132,1
"LIMD2",0.722321604118453,-0.305049797847119,0.146,0.155,1
"RAB10",0.723781432770406,-0.403663556947271,0.351,0.294,1
"DHX15",0.724295536708278,-0.552410862620328,0.228,0.198,1
"C8orf76",0.725404465785281,-0.765497707244878,0.123,0.108,1
"DDX17",0.726506861745312,-0.375317663798671,0.649,0.54,1
"RP11-108M9.4",0.726639041878357,-0.809048469339248,0.135,0.135,1
"KIF1C",0.726691929834901,-0.68206183455534,0.129,0.132,1
"SHE",0.728173895164889,-0.383541720604484,0.216,0.191,1
"GAS6",0.728238662664552,-0.551252417426212,0.257,0.249,1
"SIN3A",0.728318166598124,-0.762731609890996,0.105,0.109,1
"ISY1",0.729651989450025,-0.496651534233939,0.146,0.129,1
"B4GALT1",0.730381361917289,-0.602245242376786,0.526,0.454,1
"TMEM181",0.730545753987468,-0.54402802416577,0.123,0.129,1
"SIRT2",0.73145600632524,-0.495352863389068,0.199,0.174,1
"GPBP1",0.732487208729517,-0.334100365502743,0.45,0.376,1
"C1orf56",0.732636148587143,-0.76605713409607,0.263,0.226,1
"ANPEP",0.732977441678845,-0.530037033035997,0.374,0.316,1
"PAK2",0.733302826330649,-0.275637889030134,0.292,0.26,1
"IGF2BP2",0.733401509987444,-0.412082142176299,0.175,0.181,1
"KIAA0040",0.733673563528304,-0.59630005204799,0.117,0.103,1
"ATP8B1",0.734154474205909,-0.799462457059474,0.135,0.117,1
"TMEM165",0.734705577710038,-0.493593391221058,0.485,0.425,1
"ANKRD55",0.735575508686538,-0.278181352916653,0.187,0.171,1
"MRPL33",0.736222774641432,-0.552766669951235,0.567,0.462,1
"EIF2S1",0.736241259336097,-0.820623152253128,0.205,0.198,1
"DPH3",0.737380564351245,-0.630435834265489,0.193,0.168,1
"GALNT1",0.737450429531459,-1.01706299150329,0.193,0.183,1
"IRAK3",0.737805397357096,-0.36974697754528,0.175,0.159,1
"DYRK1A",0.742949449126206,-0.876808176445885,0.111,0.114,1
"IQGAP1",0.743962162231369,-0.435817037647254,0.357,0.329,1
"WDR6",0.745799578103434,-0.644945230261322,0.105,0.093,1
"TMEM214",0.74597568271647,-0.858782839699932,0.123,0.107,1
"WTAP",0.747340360905926,-0.564353981615294,0.444,0.393,1
"ARGLU1",0.747569282190031,-0.469771330730712,0.719,0.595,1
"NAA50",0.747689925506307,-0.750049947925675,0.17,0.146,1
"RALGDS",0.747906420833704,-0.756096768686594,0.158,0.158,1
"ATP1A1",0.748015273696591,-0.63904488504197,0.427,0.379,1
"MSL3",0.748024630267902,-0.434165267284241,0.105,0.095,1
"TAB2",0.74821655414851,-0.776268347898139,0.099,0.103,1
"GPR4",0.74855246659406,-0.766796188302539,0.117,0.103,1
"FAM101B",0.748595504966818,-0.44471727996389,0.228,0.225,1
"ZC3H11A",0.748793946632729,-0.639806555918271,0.287,0.24,1
"ZBTB7A",0.749148236368057,-0.606113005367626,0.199,0.196,1
"SDC3",0.749259153522725,-0.423568789718917,0.193,0.172,1
"PPP1R2",0.750320347466142,-0.547270285184059,0.31,0.263,1
"BZW1",0.750853358957466,-0.394931772177034,0.561,0.475,1
"MICU2",0.750918096027864,-0.583690796015516,0.105,0.094,1
"NFAT5",0.751058028968157,-0.34921996430903,0.222,0.223,1
"TRA2A",0.753433832846347,-0.43054163053898,0.415,0.382,1
"IFI44L",0.755289592998617,-0.429755607856962,0.415,0.353,1
"GPSM3",0.755497104864753,-0.666200110219171,0.152,0.153,1
"SH3PXD2A",0.756024611438571,-0.658715775580379,0.111,0.098,1
"CASP4",0.757060965604064,-0.379747131959636,0.409,0.345,1
"TAP1",0.758526243796039,-0.451876789191158,0.251,0.248,1
"LMBR1L",0.758961351441091,-0.569408128197787,0.111,0.099,1
"PGM2",0.759227376212282,-0.272748467004192,0.187,0.171,1
"ELMSAN1",0.759339696785817,-0.303875823402488,0.374,0.33,1
"MAML1",0.760008984634061,-0.597421308891838,0.175,0.156,1
"PPP5C",0.760410741067485,-0.576124372677672,0.129,0.115,1
"SPRED2",0.760568517455023,-0.782271030892678,0.14,0.123,1
"LSM8",0.760911325914705,-0.463652094412291,0.374,0.345,1
"AC016831.7",0.761713946189513,-0.315839144427404,0.111,0.1,1
"ZFC3H1",0.762300253334053,-0.769285480322379,0.111,0.099,1
"FYN",0.762835826921005,-0.437761929264577,0.363,0.31,1
"ANKRD44",0.763081598207143,-0.313797357975502,0.199,0.182,1
"RANBP2",0.763833298617132,-0.506261674296423,0.187,0.188,1
"MAP3K13",0.765522956219106,-0.371451663203398,0.538,0.435,1
"SYNE1",0.766610689890791,-0.471901875493215,0.216,0.193,1
"NCBP3",0.767045441390824,-0.799645097368508,0.146,0.127,1
"ERAP1",0.767283012640246,-0.452156475111441,0.152,0.136,1
"TMEM167A",0.767485678001472,-0.573657774080021,0.287,0.271,1
"PHKG1",0.768401330553339,-0.690258755432417,0.129,0.114,1
"PGRMC2",0.768647465593925,-0.527639153668218,0.287,0.247,1
"MRO",0.768696252478807,-0.255662919963019,0.427,0.389,1
"GZMA",0.76874782463754,-0.791030437914011,0.129,0.131,1
"NAB1",0.768949122272724,-0.799083882016692,0.129,0.114,1
"CARD8",0.769213158700527,-0.407663769833042,0.292,0.28,1
"CD274",0.770234481604988,-0.642038565380195,0.135,0.137,1
"RRM2B",0.772730333098795,-0.647615339643793,0.117,0.104,1
"CLK4",0.772937904493776,-0.342400160658085,0.111,0.102,1
"AGFG2",0.773962137731684,-0.364649162124884,0.175,0.179,1
"BIRC2",0.774482826599304,-0.558798239363425,0.292,0.272,1
"POGZ",0.774628802707948,-0.398914705066932,0.234,0.207,1
"SEPN1",0.774981591393607,-0.618220720924148,0.333,0.305,1
"OTUD4",0.776215576661181,-0.815362163963801,0.111,0.098,1
"RIOK3",0.776786044426596,-0.713735277386494,0.181,0.159,1
"AKT3",0.776903238378035,-0.7464896875761,0.14,0.141,1
"TMEM30A",0.778028471216932,-0.543963134586784,0.351,0.315,1
"FAM91A1",0.778136714959076,-0.887565010575704,0.135,0.134,1
"EPS15",0.779011764650327,-0.485935067223439,0.251,0.24,1
"HYOU1",0.780592448828863,-0.700304765953695,0.099,0.102,1
"MXRA7",0.78091177155064,-0.551477804464682,0.205,0.2,1
"HOTAIRM1",0.782615265400464,-0.376740403526297,0.205,0.185,1
"IER3",0.786014665577024,-0.828930650525162,0.368,0.33,1
"SLC30A7",0.786604498779305,-0.7036634651095,0.263,0.225,1
"TNKS2",0.78680920592261,-0.672843372603721,0.152,0.152,1
"ATF2",0.787324651795921,-0.731057369992115,0.111,0.113,1
"USP9X",0.788772176144361,-1.04525470277442,0.193,0.179,1
"TMEM255B",0.78959760525758,-0.516473119914892,0.304,0.265,1
"SPG20",0.790166253611128,-0.323810385256968,0.199,0.182,1
"MAP2K3",0.790285072193051,-0.447353504914819,0.175,0.16,1
"RLIM",0.790958421983023,-0.845416450444912,0.158,0.155,1
"CRISPLD1",0.791788891901426,-0.787207788558029,0.111,0.113,1
"NFATC3",0.792038063246244,-0.856932777933539,0.117,0.117,1
"SLC1A5",0.79258764181924,-0.622312734990957,0.129,0.115,1
"PPM1D",0.793480388562986,-0.572244275164542,0.175,0.157,1
"CTDSP2",0.793598378395353,-0.335581929425102,0.211,0.19,1
"CLPTM1L",0.793650278605862,-0.445890358702669,0.129,0.117,1
"CEBPD",0.793705024261401,-0.380211587933219,0.749,0.595,1
"CD55",0.793820016640345,-0.285041853821737,0.544,0.475,1
"CDK16",0.794119498675266,-0.498742650802237,0.105,0.095,1
"PICALM",0.796016439705288,-0.396418521740929,0.357,0.337,1
"ADA",0.797115784286216,-0.646409827390184,0.105,0.107,1
"PHF20",0.797436966788041,-0.343029869479875,0.263,0.236,1
"SPRY4",0.797764549913644,-0.376633748752503,0.187,0.171,1
"PRDM2",0.79883325113199,-0.640777438056932,0.105,0.107,1
"FYTTD1",0.798929480302588,-0.437862084691051,0.199,0.197,1
"CHMP1B",0.800038188887514,-0.348155884233655,0.38,0.328,1
"CTSO",0.803527696915559,-0.617217428713259,0.199,0.176,1
"SPTAN1",0.805907228288359,-0.334472641187816,0.316,0.279,1
"ARID4B",0.806565498565153,-0.445030959825423,0.404,0.345,1
"PEAK1",0.80720343926757,-0.558018448195722,0.152,0.153,1
"G3BP2",0.807589472024583,-0.672271703571525,0.246,0.232,1
"MBD3",0.808069085953478,-0.748366134728391,0.123,0.111,1
"ITPRIPL2",0.8084228940986,-0.74462080607515,0.14,0.125,1
"SEMA6B",0.809440349036538,-0.485384446645677,0.164,0.148,1
"NSUN6",0.809546985891135,-0.675612364680462,0.181,0.176,1
"SEMA3F",0.809763778400685,-0.881600308082942,0.123,0.122,1
"NUDT21",0.812643044384348,-0.301617520137747,0.199,0.204,1
"TBC1D4",0.813608466471968,-0.374068921340486,0.316,0.278,1
"LYN",0.813631776257751,-0.427257424118698,0.175,0.158,1
"PBX2",0.815484440839416,-0.620304897263342,0.117,0.106,1
"MAGI1",0.817040591070383,-0.575463546729301,0.263,0.232,1
"RPL22L1",0.817332944693488,-0.562451379036975,0.31,0.268,1
"DLST",0.818146035898313,-0.519142499916036,0.123,0.113,1
"SAMD4B",0.821021221671565,-0.628015159951839,0.14,0.127,1
"IFI6",0.821065564355544,-0.269824941773285,0.766,0.637,1
"COX16",0.821347559314954,-0.483189112171038,0.193,0.192,1
"RAB5B",0.822116184867614,-0.78841901203197,0.164,0.157,1
"CTD-3252C9.4",0.822349225038486,-0.453952781938902,0.251,0.225,1
"CLIP1",0.822431694759669,-0.673124802890241,0.193,0.185,1
"MERTK",0.82243429139817,-0.619435606083395,0.146,0.144,1
"PPP2R5E",0.822993459644724,-0.586795241769483,0.211,0.185,1
"TRAPPC6B",0.823935237988431,-0.490809065853157,0.111,0.102,1
"MORF4L2",0.824486449191537,-0.378882995773703,0.585,0.469,1
"RBPMS",0.82611599371811,-0.436133927620402,0.246,0.219,1
"PDLIM5",0.826245424882289,-0.399961574331098,0.351,0.302,1
"ASAP1",0.826265268050522,-0.503258239246957,0.415,0.373,1
"TAF13",0.826714025841754,-0.632349438072095,0.193,0.187,1
"VMP1",0.827717635721216,-0.609601279697286,0.532,0.433,1
"CPEB4",0.828034066312763,-0.54143146521453,0.263,0.247,1
"TAL1",0.828437121685203,-0.535577596852071,0.123,0.123,1
"ITCH",0.829074888702985,-0.7385825928217,0.111,0.1,1
"CD82",0.83043200003536,-0.370687844694049,0.251,0.227,1
"CORO1A",0.830949450004063,-0.494189349948376,0.187,0.171,1
"TCERG1",0.830992787362221,-0.473839019596242,0.111,0.102,1
"C10orf10",0.831872573725201,-0.663365609424114,0.316,0.28,1
"TOX2",0.831954574361104,-0.395480692224451,0.205,0.185,1
"FRYL",0.832752159549363,-0.435146927626706,0.164,0.15,1
"PSMA6",0.835076308466211,-0.539730731431729,0.246,0.231,1
"FLII",0.835899067224822,-0.706122865246456,0.105,0.106,1
"SCYL1",0.837355398581486,-0.727435413119945,0.105,0.106,1
"RAB6A",0.837881629460016,-0.533405347879834,0.363,0.305,1
"GRAP",0.839059713823679,-0.594419978082577,0.175,0.171,1
"DLL4",0.839390639760444,-0.407541824051246,0.175,0.16,1
"MAP1S",0.839939645020027,-0.341424863527854,0.099,0.103,1
"AQP3",0.841111978683282,-0.519458406627225,0.14,0.141,1
"KMT2E-AS1",0.841890745837856,-0.83820643157906,0.099,0.1,1
"MECP2",0.842045008863563,-0.707471278379243,0.292,0.264,1
"SKI",0.842056900624783,-0.693082189953861,0.164,0.146,1
"SMURF2",0.842088092573036,-0.804526722645741,0.135,0.131,1
"DNM1L",0.84298829909426,-0.667464193618329,0.129,0.116,1
"DNAJB4",0.843788237340093,-0.499234490204704,0.333,0.291,1
"ADAR",0.844883395556574,-0.554065325771658,0.351,0.296,1
"DAB2",0.846507708056994,-0.320773660725953,0.737,0.598,1
"BACE2",0.846843028599246,-0.264223171634761,0.228,0.208,1
"NCKAP1",0.847207690093829,-0.50573948990656,0.322,0.28,1
"GOT2",0.8473456642736,-0.704923537885173,0.111,0.101,1
"GLIPR1",0.847381584432056,-0.479709546754858,0.111,0.103,1
"SVIP",0.848921576767826,-0.648697934040511,0.304,0.26,1
"USP36",0.850463691297106,-0.403685707450135,0.146,0.133,1
"ASNSD1",0.851188449930109,-0.429404238131664,0.152,0.142,1
"RRAGC",0.851462256353567,-0.441714622102974,0.211,0.207,1
"CYLD",0.851707500717735,-0.446184768286847,0.199,0.195,1
"UBAP1",0.853820284170143,-0.712914026959494,0.105,0.096,1
"SORBS3",0.854515020072765,-0.594440129641567,0.269,0.236,1
"CCDC71L",0.855335591024288,-0.68898450450848,0.123,0.112,1
"G3BP1",0.855550189287207,-0.467925024314248,0.345,0.297,1
"SLC25A37",0.855953284493968,-0.251540600765218,0.439,0.386,1
"KLF11",0.856341976676086,-0.564738425639172,0.181,0.165,1
"UFM1",0.856683414490997,-0.448699264166608,0.474,0.411,1
"LHFPL2",0.857520607753451,-0.426060864744102,0.152,0.153,1
"NUTM2B-AS1",0.857909554962021,-0.485105734691766,0.14,0.139,1
"C1orf52",0.858117846313368,-0.446004118665977,0.175,0.162,1
"INTS6",0.859058213492071,-0.4708918907167,0.368,0.321,1
"BACH1",0.85979078072997,-0.598027352361475,0.175,0.159,1
"PHC2",0.860431113607312,-0.436417986136725,0.298,0.263,1
"LTC4S",0.861899853936793,-0.651416318538193,0.263,0.233,1
"CNN2",0.862266446003724,-0.711798246550582,0.117,0.115,1
"UNG",0.862519048879587,-0.779102512618618,0.117,0.107,1
"MYRIP",0.862911551512805,-0.668209077517728,0.117,0.116,1
"TAF7",0.862946669545728,-0.494903616879894,0.322,0.282,1
"IRF2BPL",0.863376269598511,-0.806315628002697,0.24,0.221,1
"CSNK1D",0.863767372337253,-0.632369868058643,0.211,0.199,1
"GYG1",0.864761073660391,-0.567288271899024,0.199,0.193,1
"KLF7",0.865424177562814,-0.39999825086939,0.327,0.31,1
"CETN3",0.866327148088136,-0.751224212525784,0.234,0.206,1
"PLXND1",0.866889399357693,-0.41291270350198,0.421,0.362,1
"LARP4",0.867253822121096,-0.764075258421526,0.14,0.127,1
"DENND5A",0.86751295299111,-0.872317821460564,0.123,0.12,1
"PITHD1",0.868015971436761,-0.283729999103917,0.193,0.181,1
"SNHG15",0.869393802110383,-0.545537509145132,0.111,0.103,1
"ZBTB43",0.869541898483145,-0.461215564732263,0.111,0.103,1
"PNPLA8",0.869984409724019,-0.506468444967851,0.24,0.226,1
"NABP1",0.87147204479609,-0.507549647163525,0.117,0.109,1
"C6orf62",0.872523752418435,-0.430650934584447,0.421,0.357,1
"NPY1R",0.872983327855498,-0.454419390951797,0.368,0.335,1
"CNOT1",0.873934775329667,-0.525670709191698,0.117,0.117,1
"CTDNEP1",0.874049894755474,-0.454058579372816,0.193,0.176,1
"IFRD1",0.874878880319316,-0.476988020051136,0.38,0.342,1
"HNRNPM",0.875651054397378,-0.294755138840176,0.538,0.467,1
"ETNK1",0.875823797669326,-0.490597670029572,0.199,0.192,1
"PQLC3",0.876586328019656,-0.730053166937011,0.193,0.172,1
"HNRNPL",0.878204950572105,-0.788708513284788,0.257,0.224,1
"FAM65A",0.878884163503023,-0.422737037558848,0.187,0.181,1
"VPS41",0.880239832608332,-0.523974081514633,0.14,0.129,1
"GPS2",0.881077601316281,-0.798441912474308,0.105,0.096,1
"POM121",0.881604156931275,-0.656292237473068,0.117,0.115,1
"LASP1",0.88193418945667,-0.614820424161984,0.257,0.24,1
"CASKIN2",0.882324884845553,-0.714640691006133,0.17,0.163,1
"RSL24D1",0.882486584583372,-0.291134801326894,0.515,0.436,1
"BRI3",0.883137122918853,-0.572519425503953,0.468,0.392,1
"ARL15",0.88450389009273,-0.68583471013381,0.146,0.134,1
"MED15",0.88472052940907,-0.462734986613658,0.111,0.103,1
"GOLT1B",0.884727257435857,-0.423860227122171,0.158,0.157,1
"FCHO2",0.885107195796931,-0.539909667813844,0.228,0.205,1
"UCP2",0.885438267174346,-0.668973016620915,0.146,0.133,1
"PROS1",0.886568125870505,-0.525033622872298,0.333,0.299,1
"MAPK1IP1L",0.886600153182761,-0.405901081656903,0.257,0.233,1
"KAT6A",0.886704673086638,-0.40421573031345,0.257,0.243,1
"MAP3K6",0.8870461355012,-0.315095406425081,0.187,0.176,1
"PPP6R3",0.887788976373197,-0.596438885480216,0.129,0.126,1
"JMJD1C",0.888171866095014,-0.502245477927484,0.62,0.486,1
"KPNA3",0.888374893822042,-0.856429081983304,0.152,0.137,1
"IDS",0.890026023702231,-0.537435580366883,0.287,0.26,1
"DAPK1",0.892255779046961,-0.425407567111548,0.246,0.227,1
"PCMTD1",0.892932730699661,-0.449879313523338,0.333,0.294,1
"CD5L",0.893002818614036,-0.719486850344014,0.216,0.196,1
"PTPN2",0.896129262727403,-0.76596022716544,0.129,0.125,1
"FAM107A",0.896164698492873,-0.456344149938081,0.398,0.342,1
"KIAA0196",0.896226507900297,-0.301018322476042,0.146,0.138,1
"PNRC2",0.896468407424946,-0.396200557752871,0.456,0.397,1
"FAM72A",0.8965926180759,-0.557515919989883,0.111,0.104,1
"ERF",0.897343673663813,-0.681033867501918,0.17,0.163,1
"BTBD7",0.897587155008584,-0.435015661737888,0.205,0.188,1
"HNRNPUL1",0.898148922651302,-0.651517369707416,0.211,0.19,1
"FOXP1",0.899865899023807,-0.545786966650197,0.468,0.391,1
"ARIH2",0.90036058669005,-0.538315087292978,0.14,0.13,1
"IL18BP",0.900629993396785,-0.453246385918665,0.129,0.122,1
"RPS6KA3",0.900636335022167,-0.669496768072901,0.222,0.206,1
"SLA",0.90162775296016,-0.636069245412576,0.105,0.104,1
"VPS13C",0.902603242666667,-0.446037432245995,0.228,0.209,1
"STK4",0.90659606448496,-0.718490802407233,0.187,0.169,1
"ITGA1",0.906632162053362,-0.510666462444306,0.304,0.267,1
"FCER1G",0.907610415224169,-0.482633846099374,0.439,0.375,1
"TUBB4B",0.907812523346699,-0.420433199808339,0.439,0.381,1
"SMAD9",0.908119936060064,-0.493462900226562,0.111,0.105,1
"SLC43A2",0.908193738402482,-0.408335505029463,0.123,0.121,1
"TCF12",0.909186978389242,-0.931107658003944,0.117,0.114,1
"PABPN1",0.910165476035219,-0.701541002100801,0.31,0.261,1
"HEG1",0.910691047350428,-0.638991898219061,0.211,0.201,1
"PACS1",0.91074080765822,-0.724421835716271,0.105,0.098,1
"FAM198B",0.91407083152501,-0.613660513559862,0.386,0.341,1
"ACOT9",0.914565660093718,-0.537288923430341,0.17,0.155,1
"RSAD2",0.91521671451519,-0.521138904395099,0.111,0.105,1
"ARHGEF7",0.915746813665345,-0.351717885044327,0.327,0.294,1
"SULT1A1",0.917055095679438,-0.655026313222279,0.117,0.11,1
"ACACB",0.917388807798442,-0.745693443462264,0.111,0.103,1
"CXCL12",0.917611744949548,-1.24657715936037,0.152,0.139,1
"CAB39",0.919516066271116,-0.619320647266607,0.152,0.147,1
"WIPF1",0.919608653631936,-0.528986683662551,0.24,0.225,1
"MBNL2",0.91995917872243,-0.71305931272946,0.246,0.223,1
"RBMX",0.920733932628762,-0.45764734210921,0.643,0.506,1
"UBE2H",0.921994246966477,-0.396296649290527,0.222,0.206,1
"FLCN",0.922633926780019,-0.855036432913799,0.152,0.144,1
"CD37",0.923485232517312,-0.623875597340421,0.117,0.114,1
"SEC22B",0.924245604224821,-0.877433728424568,0.222,0.204,1
"RBM5",0.925477987052285,-0.645221994942641,0.263,0.239,1
"SRSF2",0.925737749958245,-0.329324234661923,0.649,0.536,1
"EIF4A1",0.925988178134196,-0.286669650154848,0.62,0.508,1
"SNX29",0.926118527121114,-0.59554836064996,0.117,0.115,1
"HS2ST1",0.926550790825805,-0.63786361346894,0.105,0.103,1
"CPED1",0.927651605222094,-0.552837461002349,0.123,0.12,1
"PCBP1",0.92833723541618,-0.264690638857545,0.719,0.576,1
"GPR182",0.928998755174248,-0.413925464618695,0.263,0.24,1
"FGD5",0.929456037748495,-0.484639770882253,0.152,0.143,1
"IL13RA2",0.929787418367826,-0.323982227775085,0.368,0.345,1
"CRIP1",0.931297539127489,-0.668763054407614,0.14,0.134,1
"SBDS",0.932236115936386,-0.303926328383853,0.608,0.508,1
"TOP1",0.93300577871091,-0.428834597286953,0.491,0.413,1
"LRRC8A",0.933829322133462,-0.386470624349794,0.228,0.212,1
"CAPRIN1",0.934365804037231,-0.455313755189026,0.152,0.143,1
"ARCN1",0.934662120196943,-0.605288638382994,0.164,0.151,1
"PIK3IP1",0.935374477504514,-0.578846740355355,0.187,0.175,1
"ELF1",0.937739741830181,-0.273666746671085,0.649,0.534,1
"UBE2B",0.938502568566412,-0.38753003892669,0.596,0.478,1
"TNFAIP2",0.942403204487766,-0.674649767438315,0.187,0.171,1
"RAB35",0.942408366200562,-0.546235601344793,0.105,0.103,1
"CHST12",0.942739214838388,-0.54956472591205,0.292,0.26,1
"ARNT",0.943816869642917,-0.546795591973466,0.105,0.1,1
"EIF4G3",0.944721232113704,-0.524830356026909,0.205,0.189,1
"STAT6",0.946569208439981,-0.343326582275145,0.146,0.137,1
"TEAD4",0.946824968659077,-0.4030266557034,0.111,0.11,1
"KPNA2",0.947041499508935,-0.336261180214288,0.152,0.144,1
"PASK",0.94710129132898,-0.788122411175348,0.111,0.107,1
"HNRNPA0",0.949410090835041,-0.269465900971253,0.643,0.532,1
"VCAM1",0.949893419237263,-0.673858275592332,0.292,0.259,1
"ITGAV",0.951433778073901,-0.754700728648814,0.14,0.13,1
"VPS37B",0.953266853200145,-0.613388499223318,0.193,0.176,1
"PIEZO1",0.953702308811659,-0.583963853703249,0.146,0.137,1
"RALGAPA2",0.954971425850292,-0.556620335777235,0.211,0.198,1
"QSOX1",0.955708171319621,-0.622650150684893,0.146,0.139,1
"LDHB",0.95582711112715,-0.299122268444267,0.52,0.431,1
"PAF1",0.956551442631129,-0.537574064642858,0.14,0.136,1
"TMEM259",0.956650885551251,-0.779877148331978,0.234,0.21,1
"RRN3",0.956860990930539,-0.95100499911133,0.105,0.1,1
"ACLY",0.959637645147642,-0.626508739706604,0.193,0.179,1
"MAP2K2",0.960800835708749,-0.306415216160838,0.111,0.111,1
"RAP2B",0.960896689057773,-0.472654464444235,0.17,0.165,1
"ADCY4",0.961642298261614,-0.573802887616039,0.205,0.192,1
"SAV1",0.96251649839443,-0.544070034331273,0.287,0.258,1
"MED13",0.963066224512533,-0.712737488313997,0.187,0.171,1
"EVA1C",0.964167787995552,-0.348103591237976,0.146,0.139,1
"RIN2",0.964251912586019,-0.712688972006796,0.246,0.224,1
"EIF4A3",0.96425689538804,-0.622045191379309,0.409,0.35,1
"TNS1",0.964331392147108,-0.367767232571692,0.193,0.187,1
"ATN1",0.964951588514403,-0.55778489787227,0.135,0.131,1
"TTC19",0.965671035371456,-0.500046976767536,0.164,0.156,1
"ADRBK1",0.967715452141433,-0.631793509832162,0.111,0.107,1
"TRAF6",0.970511036668655,-0.319944475238662,0.123,0.119,1
"CHD4",0.972711837032781,-0.574133521218622,0.234,0.212,1
"CDC42EP2",0.972761676824559,-0.587105906275739,0.246,0.225,1
"RMDN3",0.974225080500481,-0.524175139135282,0.135,0.13,1
"ABHD5",0.974860433327229,-0.749005457013832,0.17,0.156,1
"SNX9",0.977650340732599,-0.487803411739006,0.246,0.226,1
"NFE2L2",0.978022060756083,-0.358639021482417,0.567,0.481,1
"DNMBP",0.97935466640059,-0.309869397566235,0.117,0.115,1
"CNST",0.979584627258353,-0.369572583347402,0.31,0.287,1
"SUSD6",0.97993711572573,-0.617559535122841,0.129,0.122,1
"DCAF8",0.980086171484074,-0.705858467347,0.117,0.111,1
"GOLGA2",0.980810602087017,-0.677416179013379,0.146,0.137,1
"FGFR1",0.981137102253588,-0.423568987861268,0.368,0.333,1
"PLAT",0.981840459263633,-0.932692831148275,0.123,0.115,1
"FAM208B",0.982179911129634,-0.67190930321741,0.105,0.102,1
"GNB1",0.98238176717401,-0.435634743285122,0.409,0.356,1
"KIAA0141",0.982606102672932,-0.820689221337253,0.135,0.127,1
"MLKL",0.98509838078454,-0.960942962194576,0.181,0.169,1
"CCZ1",0.985143012448931,-0.450232158801377,0.374,0.328,1
"SCARF1",0.986117652181428,-0.36850944020943,0.205,0.194,1
"PAN3",0.987258161534079,-0.620472994793949,0.14,0.133,1
"ATP2C1",0.987712400829455,-0.647328459631574,0.117,0.112,1
"CALU",0.987927558885547,-0.274513048329031,0.626,0.518,1
"GDI1",0.988535500987623,-0.746503399976699,0.146,0.139,1
"TNFAIP1",0.98882816909643,-0.51929854435659,0.327,0.287,1
"RECK",0.990133192415843,-0.266935803344696,0.117,0.115,1
"AGO2",0.990655844064669,-0.868556719209237,0.111,0.106,1
"PMAIP1",0.991459992438771,-0.368742296786225,0.357,0.327,1
"ACSM3",0.993456067138256,-0.581551835496977,0.187,0.177,1
"KMT2C",0.993725256082759,-0.752902995576323,0.216,0.196,1
"SLAIN2",0.994260899650899,-0.486950788702423,0.105,0.102,1
"B3GNT2",0.997775152984661,-0.765648385819357,0.111,0.106,1
"LMO4",0.998726875624869,-0.603433251640713,0.205,0.189,1
"PTPN12",0.99916781071053,-0.386236967765104,0.392,0.355,1
"CCND3",0.999895724264596,-0.500165923924566,0.275,0.248,1
