ONTOLOGY,ID,Description,GeneRatio,BgRatio,RichFactor,FoldEnrichment,zScore,pvalue,p.adjust,qvalue,geneID,Count
BP,GO:0051056,regulation of small GTPase mediated signal transduction,34/829,303/18805,0.11221122112211221,2.54539446707035,5.8238098387614405,5.904907150954119e-7,0.00288159468966561,0.002708798459353479,SQSTM1/PRAG1/ARHGAP17/EPHB2/EPS8L2/ARHGEF17/ARHGAP42/ARHGAP20/CDON/STARD13/DOCK9/RASA3/CGNL1/TSC2/RAP1GAP2/ARHGAP23/CYTH1/RTN4/MAP4K4/ARHGAP15/RALGAPA2/PREX1/IQSEC1/KALRN/SLIT2/ARHGAP24/FAM13B/ARHGAP26/MMD2/RELN/DLC1/PSD3/ARHGAP39/VAV2,34
BP,GO:0007264,small GTPase-mediated signal transduction,45/829,487/18805,0.09240246406570841,2.0960534822142907,5.262753833517786,2.4041927967250483e-6,0.005866230424009118,0.005514459056909348,SQSTM1/PRAG1/ARHGAP17/GNB1/EPHB2/PLCE1/DOCK1/EPS8L2/ARHGEF17/ARHGAP42/ARHGAP20/CDON/STARD13/DOCK9/RASA3/CGNL1/TSC2/CDH13/RAP1GAP2/ARHGAP23/CYTH1/ROCK2/RTN4/MAP4K4/ARHGAP15/ABI2/RALGAPA2/PREX1/CELSR1/IQSEC1/KALRN/PLD1/SLIT2/RASGEF1B/ARHGAP24/FAM13B/ARHGAP26/MMD2/ELMO1/DBNL/RELN/DLC1/PSD3/ARHGAP39/VAV2,45
BP,GO:0048880,sensory system development,38/829,426/18805,0.0892018779342723,2.0234515253968524,4.588460475860352,3.1750792389841045e-5,0.04860784530433009,0.0456930521648556,CLN8/RP1L1/CACNA1C/SAMD11/GNB1/NPHP4/EPHB2/CLIC4/NFIA/CACNA1S/ATP2B4/PROX1/CDON/ACVRL1/KDM2B/ADAMTS18/MYOM1/LAMA1/PTPRM/CELF4/BCL2/FZR1/PXDN/EFEMP1/WDPCP/MERTK/COL5A2/BMPR2/ABI2/PRSS56/JAG1/LARGE1/DLG1/SH3PXD2B/TFAP2A/SEMA3A/HIPK2/TGFBR1,38
BP,GO:0001654,eye development,37/829,415/18805,0.0891566265060241,2.0224250439635503,4.5229368011875115,4.064212871956842e-5,0.04860784530433009,0.0456930521648556,CLN8/RP1L1/CACNA1C/SAMD11/GNB1/NPHP4/EPHB2/CLIC4/NFIA/CACNA1S/ATP2B4/PROX1/CDON/ACVRL1/KDM2B/ADAMTS18/MYOM1/LAMA1/PTPRM/CELF4/BCL2/FZR1/PXDN/EFEMP1/WDPCP/MERTK/COL5A2/BMPR2/ABI2/PRSS56/JAG1/LARGE1/DLG1/SH3PXD2B/TFAP2A/HIPK2/TGFBR1,37
BP,GO:0150063,visual system development,37/829,419/18805,0.0883054892601432,2.003117883639316,4.459346441776675,4.98031201888628e-5,0.04860784530433009,0.0456930521648556,CLN8/RP1L1/CACNA1C/SAMD11/GNB1/NPHP4/EPHB2/CLIC4/NFIA/CACNA1S/ATP2B4/PROX1/CDON/ACVRL1/KDM2B/ADAMTS18/MYOM1/LAMA1/PTPRM/CELF4/BCL2/FZR1/PXDN/EFEMP1/WDPCP/MERTK/COL5A2/BMPR2/ABI2/PRSS56/JAG1/LARGE1/DLG1/SH3PXD2B/TFAP2A/HIPK2/TGFBR1,37
BP,GO:0001946,lymphangiogenesis,6/829,20/18805,0.3,6.80518697225573,5.578037979255824,1.6413961109258872e-4,0.11796987852955221,0.11089575725448415,TIE1/PROX1/PTPN14/ACVRL1/CCBE1/BMPR2,6
BP,GO:0043010,camera-type eye development,32/829,366/18805,0.08743169398907104,1.983296749655586,4.079550569468736,1.8885113776584747e-4,0.11796987852955221,0.11089575725448415,CLN8/RP1L1/CACNA1C/SAMD11/GNB1/NPHP4/EPHB2/CLIC4/NFIA/CACNA1S/ATP2B4/PROX1/CDON/ACVRL1/KDM2B/MYOM1/LAMA1/PTPRM/CELF4/FZR1/EFEMP1/WDPCP/MERTK/BMPR2/ABI2/PRSS56/JAG1/LARGE1/DLG1/TFAP2A/HIPK2/TGFBR1,32
BP,GO:0048846,axon extension involved in axon guidance,6/829,21/18805,0.2857142857142857,6.4811304497673605,5.396865598876807,2.212697563676988e-4,0.11796987852955221,0.11089575725448415,WNT3/BMPR2/SLIT2/SEMA5A/SEMA3A/PLXNA4,6
BP,GO:1902284,neuron projection extension involved in neuron projection guidance,6/829,21/18805,0.2857142857142857,6.4811304497673605,5.396865598876807,2.212697563676988e-4,0.11796987852955221,0.11089575725448415,WNT3/BMPR2/SLIT2/SEMA5A/SEMA3A/PLXNA4,6
BP,GO:0055001,muscle cell development,21/829,202/18805,0.10396039603960396,2.35823310919753,4.167871890612412,2.4174155436383648e-4,0.11796987852955221,0.11089575725448415,ZMPSTE24/CACNA1S/PROX1/PRKG1/ACTN3/SPG11/TMOD2/TMOD3/MYOM1/AFG3L2/BCL2/ACTN4/DNER/MYO18B/LARGE1/CACNA2D2/SGCB/ANK2/PI16/HDAC9/DMD,21
BP,GO:0060041,retina development in camera-type eye,19/829,175/18805,0.10857142857142857,2.4628295709115973,4.175054842897052,2.7075664108301646e-4,0.12011749168046548,0.11291458773586466,CLN8/RP1L1/SAMD11/GNB1/NPHP4/CLIC4/NFIA/ATP2B4/PROX1/CDON/ACVRL1/LAMA1/PTPRM/CELF4/MERTK/BMPR2/LARGE1/TFAP2A/HIPK2,19
BP,GO:0042692,muscle cell differentiation,35/829,429/18805,0.08158508158508158,1.8506724477773935,3.8275544588413584,3.622528128666635e-4,0.13835762075065677,0.13006093857449574,ZMPSTE24/YBX1/CACNA1S/ZBED6/PROX1/PRKG1/DOCK1/ACTN3/CDON/SPG11/TMOD2/TMOD3/TRIM72/SPAG9/MYOM1/LAMA1/AFG3L2/BCL2/ACTN4/ACVR1/TANC1/BMPR2/DNER/HDAC4/MYO18B/LARGE1/CACNA2D2/SGCB/NPNT/ANK2/NLN/PI16/LAMA2/HDAC9/DMD,35
BP,GO:0045446,endothelial cell differentiation,15/829,124/18805,0.12096774193548387,2.7440270049418265,4.184271386507894,3.6857562904888075e-4,0.13835762075065677,0.13006093857449574,CLIC4/TIE1/PROX1/VCL/APOLD1/ACVRL1/ROCK2/PROC/ACVR1/BMPR2/JAG1/SCUBE1/MAGI1/PDE4D/ZDHHC21,15
BP,GO:0060395,SMAD protein signal transduction,13/829,99/18805,0.13131313131313133,2.978701368327424,4.238998308008281,4.018430564854927e-4,0.14007100826065744,0.1316715819672013,ZMIZ1/ACVRL1/PML/SMAD2/ACVR1/BMPR2/MAP1LC3A/PPARG/WWTR1/KIAA0319/MAGI2/HIPK2/TGFBR1,13
BP,GO:0036303,lymph vessel morphogenesis,6/829,24/18805,0.25,5.670989143546442,4.9171219480456845,4.900850465196206e-4,0.149470127230956,0.14050707818647679,TIE1/PROX1/PTPN14/ACVRL1/CCBE1/BMPR2,6
BP,GO:0001701,in utero embryonic development,33/829,403/18805,0.08188585607940446,1.8574952033452363,3.736866355243166,4.944048930317884e-4,0.149470127230956,0.14050707818647679,YBX1/TIE1/ZBED6/TET1/ZMIZ1/SH3PXD2A/ACVRL1/CHST11/CCDC62/DIAPH3/RAD51B/MYO1E/SIN3A/ARNT2/MOSMO/NMT1/MIB1/CELF4/SMAD2/ELL/KIDINS220/EPAS1/RTN4/HS6ST1/ACVR1/UBR3/MYO18B/MBNL1/SMIM14/YTHDC1/DNAJB6/ZFPM2/TGFBR1,33
BP,GO:0009791,post-embryonic development,12/829,89/18805,0.1348314606741573,3.0585109987666197,4.180204550607287,5.206951153537402e-4,0.149470127230956,0.14050707818647679,ARID5B/PLEKHA1/KMT2A/CHST11/MYO1E/CCDC47/SMAD2/BCL2/GIGYF2/LARGE1/SCUBE1/TGFBR1,12
BP,GO:0150115,cell-substrate junction organization,13/829,103/18805,0.1262135922330097,2.8630236452855824,4.071447225502608,5.917119572602798e-4,0.15273740465223884,0.14357843172442986,VCL/SORBS1/ACTN3/ACVRL1/PEAK1/LAMA3/BCL2/ROCK2/WDPCP/MAP4K4/ITGA6/IQSEC1/DLC1,13
BP,GO:0002209,behavioral defense response,8/829,44/18805,0.18181818181818182,4.1243557407610485,4.455687052727548,5.958375370245923e-4,0.15273740465223884,0.14357843172442986,EPHB2/FBXL20/BCL2/GNG7/DPP4/COMT/LARGE1/EP300,8
BP,GO:0048841,regulation of axon extension involved in axon guidance,5/829,17/18805,0.29411764705882354,6.671751933584049,5.024088367940841,6.534068888073178e-4,0.15273740465223884,0.14357843172442986,WNT3/BMPR2/SEMA5A/SEMA3A/PLXNA4,5
BP,GO:0031589,cell-substrate adhesion,30/829,361/18805,0.08310249307479224,1.8850933441151607,3.646455986311833,6.890652064297657e-4,0.15273740465223884,0.14357843172442986,VCL/SORBS1/VWA2/DOCK1/ACTN3/VWF/ACVRL1/ITGBL1/PEAK1/CDH13/ATP1B2/SRCIN1/SKAP1/BCL2/ACTN4/ROCK2/WDPCP/MAP4K4/MERTK/ITGA6/JAG1/PREX1/NPNT/ITGA1/RREB1/UTRN/ITGB8/COL26A1/DLC1/PRKX,30
BP,GO:0061001,regulation of dendritic spine morphogenesis,8/829,45/18805,0.17777777777777778,4.0327033909663585,4.373968323770132,6.970604103103228e-4,0.15273740465223884,0.14357843172442986,EPHB2/LRP8/SRCIN1/TANC2/ABI2/SHANK3/RELN/PTPRD,8
BP,GO:0003158,endothelium development,16/829,147/18805,0.10884353741496598,2.469002076101852,3.839762734508713,7.798017809821249e-4,0.15273740465223884,0.14357843172442986,CLIC4/TIE1/PROX1/VCL/APOLD1/ACVRL1/STARD13/ROCK2/PROC/ACVR1/BMPR2/JAG1/SCUBE1/MAGI1/PDE4D/ZDHHC21,16
BP,GO:0070588,calcium ion transmembrane transport,29/829,350/18805,0.08285714285714285,1.879527830432535,3.5668302433955166,8.79636464396156e-4,0.15273740465223884,0.14357843172442986,YWHAE/TRPM1/CACNA1C/NOS1AP/CACNA1S/ATP2B4/RYR2/MCU/PLCE1/ANO9/F2/AHNAK/CRACR2A/NALF1/ERO1A/GNB5/PML/PLCG2/TRPV1/AFG3L2/BCL2/UBR3/CACNA2D2/CACNA2D3/STIM2/ANK2/PDE4D/OPRM1/DMD,29
BP,GO:0008277,regulation of G protein-coupled receptor signaling pathway,17/829,163/18805,0.10429447852760736,2.365811421847595,3.7609204503290865,8.811763426840833e-4,0.15273740465223884,0.14357843172442986,RGS8/ATP2B4/F2/PDE3A/TMOD2/VPS35/NMT1/PRKCA/GNG7/ROCK2/RAMP1/MGLL/RGS12/SLIT2/PDE4D/ARRDC3/KCTD16,17
BP,GO:0008361,regulation of cell size,18/829,179/18805,0.1005586592178771,2.2810682588566693,3.6982378897074826,9.665320842827675e-4,0.15273740465223884,0.14357843172442986,SLC12A7/CLN8/LPAR3/SEMA6D/SIN3A/RAP1GAP2/WNT3/RPTOR/RTN4/BMPR2/SHANK3/SEMA5A/LARS1/KIAA0319/SEMA3A/PLXNA4/VAV2/ANAPC2,18
BP,GO:0032535,regulation of cellular component size,29/829,353/18805,0.0821529745042493,1.8635545060945815,3.5173148145768915,0.0010048357254961152,0.15273740465223884,0.14357843172442986,SLC12A7/CLN8/LPAR3/SVIL/SSH3/SEMA6D/TMOD2/TMOD3/SIN3A/RAP1GAP2/SSH2/WNT3/RPTOR/RTN4/NCK2/BMPR2/PREX1/BAIAP2L2/SHANK3/PLS1/DLG1/SLIT2/SEMA5A/LARS1/KIAA0319/SEMA3A/PLXNA4/VAV2/ANAPC2,29
BP,GO:0021799,cerebral cortex radially oriented cell migration,7/829,37/18805,0.1891891891891892,4.291559351872983,4.30377354819155,0.001019742559336981,0.15273740465223884,0.14357843172442986,LRP8/ZMIZ1/DIXDC1/SOCS7/RTN4/RELN/LHX6,7
BP,GO:0007044,cell-substrate junction assembly,12/829,96/18805,0.125,2.835494571773221,3.8718568330400993,0.0010350218241011399,0.15273740465223884,0.14357843172442986,VCL/SORBS1/ACTN3/ACVRL1/PEAK1/LAMA3/BCL2/ROCK2/WDPCP/MAP4K4/ITGA6/DLC1,12
BP,GO:0106027,neuron projection organization,12/829,96/18805,0.125,2.835494571773221,3.8718568330400993,0.0010350218241011399,0.15273740465223884,0.14357843172442986,EPHB2/LRP8/IGF1R/VPS35/SRCIN1/TANC2/TANC1/ABI2/SHANK3/PLS1/RELN/PTPRD,12
BP,GO:0010634,positive regulation of epithelial cell migration,8/829,48/18805,0.16666666666666666,3.780659429030961,4.142309899128285,0.0010862186835501884,0.15273740465223884,0.14357843172442986,DOCK1/PLCG2/RTN4/MAP4K4/BMPR2/IQSEC1/CAPN7/RREB1,8
BP,GO:0120163,negative regulation of cold-induced thermogenesis,8/829,48/18805,0.16666666666666666,3.780659429030961,4.142309899128285,0.0010862186835501884,0.15273740465223884,0.14357843172442986,ACOT11/BMAL1/ACTN3/ZNF423/ARRDC3/LNPEP/LAMA4/ALDH1A1,8
BP,GO:1905145,cellular response to acetylcholine,8/829,48/18805,0.16666666666666666,3.780659429030961,4.142309899128285,0.0010862186835501884,0.15273740465223884,0.14357843172442986,GNB1/RGS8/ATP2B4/PRKCB/ROCK2/LARGE1/OPRM1/CHRNB3,8
BP,GO:0048675,axon extension,13/829,110/18805,0.11818181818181818,2.6808312314946816,3.7967637441558906,0.0011057205809561841,0.15273740465223884,0.14357843172442986,VCL/SPG11/SEMA6D/SIN3A/WNT3/RTN4/BMPR2/SLIT2/SEMA5A/KIAA0319/SEMA3A/PLXNA4/ANAPC2,13
BP,GO:0033555,multicellular organismal response to stress,12/829,97/18805,0.12371134020618557,2.806262668971435,3.830089738566984,0.0011348040599197002,0.15273740465223884,0.14357843172442986,EPHB2/TRPV1/FBXL20/BCL2/GNG7/DPP4/COMT/LARGE1/KIAA0319/RELN/ZNF212/IDO1,12
BP,GO:0141198,protein branched polyubiquitination,5/829,19/18805,0.2631578947368421,5.969462256364675,4.653984094857143,0.0011409506963410239,0.15273740465223884,0.14357843172442986,UBR4/ANAPC16/ITCH/UBR5/ANAPC2,5
BP,GO:0021795,cerebral cortex cell migration,8/829,49/18805,0.16326530612244897,3.703503114152778,4.0692152084850735,0.0012488301908873435,0.15273740465223884,0.14357843172442986,LRP8/ZMIZ1/DIXDC1/SOCS7/RTN4/SLIT2/RELN/LHX6,8
BP,GO:0016197,endosomal transport,25/829,293/18805,0.08532423208191127,1.9354911752718231,3.4657935667703614,0.0012907738718394097,0.15273740465223884,0.14357843172442986,SQSTM1/EPS15/VTI1A/RAB6A/ERC1/CRACR2A/DIAPH3/SNX1/RAB11FIP3/VPS35/SPAG9/PIK3C3/MYO5B/EPS15L1/ITSN2/PREPL/CCDC93/TMCC1/SNX18/REPS1/SNX8/VPS37A/LEPROTL1/SNX30/MVB12B,25
BP,GO:0007605,sensory perception of sound,17/829,169/18805,0.10059171597633136,2.281818116929929,3.594589188639138,0.0013164191785027164,0.15273740465223884,0.14357843172442986,ESPN/KCNQ4/PCDH15/EPS8L2/NAV2/DIAPH3/MYO15A/LOXHD1/MBP/OTOF/MYO7B/LARGE1/GRM7/USP53/ADGRV1/TFAP2A/GSDME,17
BP,GO:0097061,dendritic spine organization,11/829,86/18805,0.12790697674418605,2.9014363060005053,3.7952950355188113,0.0013681858648256558,0.15273740465223884,0.14357843172442986,EPHB2/LRP8/IGF1R/VPS35/SRCIN1/TANC2/TANC1/ABI2/SHANK3/RELN/PTPRD,11
BP,GO:0007626,locomotory behavior,20/829,215/18805,0.09302325581395349,2.1101354952730946,3.515696534051693,0.0013702178649086928,0.15273740465223884,0.14357843172442986,CLN8/PUM1/ZMPSTE24/NAV2/ARCN1/SPG11/VPS35/GNAO1/MYO15A/GNG7/DPP4/GIGYF2/LARGE1/ARRDC3/GRM1/RELN/HIPK2/ZNF212/IDO1/VPS13A,20
BP,GO:0071872,cellular response to epinephrine stimulus,4/829,12/18805,0.3333333333333333,7.561318858061922,4.882469809102932,0.0013970914874658392,0.15273740465223884,0.14357843172442986,ATP2B4/RYR2/SIRT2/PDE4D,4
BP,GO:0048741,skeletal muscle fiber development,7/829,39/18805,0.1794871794871795,4.0714793851102655,4.123347235346042,0.0014113353726603391,0.15273740465223884,0.14357843172442986,CACNA1S/ACTN3/SPG11/BCL2/DNER/LARGE1/HDAC9,7
BP,GO:0071312,cellular response to alkaloid,7/829,39/18805,0.1794871794871795,4.0714793851102655,4.123347235346042,0.0014113353726603391,0.15273740465223884,0.14357843172442986,CACNA1S/RYR2/RAD51/TRPV1/COMT/OPRM1/SPIDR,7
BP,GO:0022604,regulation of cell morphogenesis,22/829,247/18805,0.08906882591093117,2.0204333790772746,3.4667570268340766,0.00142689820485344,0.15273740465223884,0.14357843172442986,PRAG1/SH3D19/EPHB2/ZMPSTE24/LRP8/F2/BCL9L/PLXNC1/SPAG9/ITSN2/WDPCP/ARHGAP15/FMNL2/DLG1/MYO10/RREB1/CPNE5/RELN/PTPRD/PALM2AKAP2/ANAPC2/SH3KBP1,22
BP,GO:0061298,retina vasculature development in camera-type eye,5/829,20/18805,0.25,5.670989143546442,4.488219753802258,0.0014665543914238338,0.15273740465223884,0.14357843172442986,CLIC4/ACVRL1/LAMA1/BMPR2/LARGE1,5
BP,GO:0030900,forebrain development,32/829,413/18805,0.0774818401937046,1.7575946982419965,3.343130504230254,0.0014913497309313668,0.15273740465223884,0.14357843172442986,YWHAE/EPHB2/LRP8/ATP2B4/PROX1/PRKG1/ZMIZ1/TACC2/DIXDC1/CDON/KDM2B/PCDH9/CCDC85C/B2M/SIN3A/IGF1R/ATP1B2/SOCS7/RTN4/TTC21B/LARGE1/SHANK3/SLIT2/FAT4/DCLK2/SEMA5A/SEMA3A/RELN/PLXNA4/DLC1/AKNA/LHX6,32
BP,GO:0021537,telencephalon development,24/829,280/18805,0.08571428571428572,1.9443391349302086,3.418879168876048,0.0015023351277269393,0.15273740465223884,0.14357843172442986,YWHAE/EPHB2/LRP8/ATP2B4/PROX1/ZMIZ1/TACC2/DIXDC1/CDON/KDM2B/CCDC85C/IGF1R/ATP1B2/SOCS7/RTN4/LARGE1/SHANK3/SLIT2/FAT4/DCLK2/SEMA3A/RELN/PLXNA4/LHX6,24
BP,GO:1905144,response to acetylcholine,8/829,51/18805,0.1568627450980392,3.558267697911493,3.928619575076031,0.0016319463074408469,0.16252853021043534,0.15278242766546105,GNB1/RGS8/ATP2B4/PRKCB/ROCK2/LARGE1/OPRM1/CHRNB3,8
BP,GO:0106070,regulation of adenylate cyclase-activating G protein-coupled receptor signaling pathway,5/829,21/18805,0.23809523809523808,5.400942041472801,4.3332836034368265,0.0018557058398788857,0.18111688997217923,0.17025612737246704,ATP2B4/PDE3A/PRKCA/PDE4D/ARRDC3,5
BP,GO:0007517,muscle organ development,29/829,369/18805,0.07859078590785908,1.782749974665006,3.2610597220367854,0.001969250380550656,0.1864176787635735,0.175239051779908,CACNA1S/PROX1/RYR2/SVIL/ARID5B/BMAL1/ACTN3/BCL9L/CDON/ERO1A/SPG11/TCF12/LUC7L/TRIM72/MYOM1/BCL2/SIRT2/DNER/LARGE1/EP300/MYL3/SGCB/NLN/LAMA2/UTRN/HDAC9/ZFPM2/TGFBR1/DMD,29
BP,GO:0072001,renal system development,27/829,336/18805,0.08035714285714286,1.8228179389970707,3.268191953873808,0.0020255356153318247,0.1864176787635735,0.175239051779908,DLG5/DCHS2/ZMPSTE24/NFIA/PROX1/NUP133/ARID5B/PLCE1/ZBTB16/MYO1E/HOXB7/SMAD2/BCL2/WDPCP/JAG1/COMT/AP1B1/WWTR1/DLG1/SLIT2/NPNT/TFAP2A/MAGI2/GCNT1/TGFBR1/INVS/PRKX,27
BP,GO:0035088,establishment or maintenance of apical/basal cell polarity,8/829,53/18805,0.1509433962264151,3.4239934451601157,3.7949096061071614,0.002102536024051348,0.1864176787635735,0.175239051779908,DLG5/CLIC4/PARD3/DLG2/LLGL1/LLGL2/LAMA1/DLG1,8
BP,GO:0061245,establishment or maintenance of bipolar cell polarity,8/829,53/18805,0.1509433962264151,3.4239934451601157,3.7949096061071614,0.002102536024051348,0.1864176787635735,0.175239051779908,DLG5/CLIC4/PARD3/DLG2/LLGL1/LLGL2/LAMA1/DLG1,8
BP,GO:0097581,lamellipodium organization,11/829,91/18805,0.12087912087912088,2.7420167287477297,3.577219270881084,0.002170134828387081,0.1864176787635735,0.175239051779908,VCL/PLCE1/ABLIM1/SNX1/CDH13/NCK2/ABI2/ABLIM2/SLIT2/RREB1/VAV2,11
BP,GO:0090257,regulation of muscle system process,22/829,256/18805,0.0859375,1.9494025180940893,3.284475057323132,0.0022412844650614157,0.1864176787635735,0.175239051779908,CACNA1C/CACNA1S/ATP2B4/RYR2/PRKG1/ACTN3/ARHGAP42/PRKCA/ROCK2/HDAC4/PPARG/MYL3/DLG1/NPNT/ANK2/IL6ST/PDE4D/JARID2/PI16/MLIP/ZDHHC21/DMD,22
BP,GO:0007519,skeletal muscle tissue development,17/829,178/18805,0.09550561797752809,2.1664452907930225,3.3578305403033992,0.0023019635473154436,0.1864176787635735,0.175239051779908,CACNA1S/SVIL/BMAL1/ACTN3/BCL9L/CDON/ERO1A/SPG11/MYOM1/BCL2/SIRT2/DNER/LARGE1/EP300/NLN/HDAC9/DMD,17
BP,GO:0060021,roof of mouth development,11/829,92/18805,0.11956521739130435,2.712212199087429,3.535376319887964,0.002369015739833981,0.1864176787635735,0.175239051779908,EPHB2/ARID5B/PLEKHA1/SMAD2/WDPCP/DLG1/TFAP2A/ITGB8/BNC2/ANP32B/TGFBR1,11
BP,GO:0021543,pallium development,18/829,194/18805,0.09278350515463918,2.104697001728576,3.3213530518910517,0.0023916675018416985,0.1864176787635735,0.175239051779908,YWHAE/LRP8/ATP2B4/PROX1/ZMIZ1/TACC2/DIXDC1/CDON/CCDC85C/IGF1R/SOCS7/RTN4/LARGE1/SLIT2/FAT4/DCLK2/RELN/LHX6,18
BP,GO:0001945,lymph vessel development,6/829,32/18805,0.1875,4.253241857659831,3.9553084528437363,0.002443409465997089,0.1864176787635735,0.175239051779908,TIE1/PROX1/PTPN14/ACVRL1/CCBE1/BMPR2,6
BP,GO:0016358,dendrite development,21/829,242/18805,0.08677685950413223,1.968442512635955,3.2562167299284885,0.0024827505362581418,0.1864176787635735,0.175239051779908,DLG5/EPHB2/LRP8/PRKG1/TET1/SRCIN1/TANC2/KIDINS220/NCK2/HECW2/ABI2/PREX1/SHANK3/IQSEC1/KIAA0319/SEMA3A/RELN/ZNF212/MATN2/PTPRD/ANAPC2,21
BP,GO:0007178,cell surface receptor protein serine/threonine kinase signaling pathway,32/829,427/18805,0.07494145199063232,1.699968642561931,3.14194989861833,0.0025209391038752285,0.1864176787635735,0.175239051779908,NFIA/HJV/TET1/ZMIZ1/BCL9L/ACVRL1/USP15/CHST11/ERO1A/LTBP2/CTDSPL2/PML/SIN3A/PCSK6/ZNF423/SMAD2/ACVR1/BMPR2/MAP1LC3A/EP300/PPARG/WWTR1/NPNT/RGMB/KIAA0319/ITGB8/MAGI2/HIPK2/INTS9/ZC3H3/TGFBR1/XIAP,32
BP,GO:0001662,behavioral fear response,7/829,43/18805,0.16279069767441862,3.692737116727916,3.796159709701096,0.0025385649770656225,0.1864176787635735,0.175239051779908,EPHB2/FBXL20/BCL2/GNG7/DPP4/COMT/LARGE1,7
BP,GO:0014904,myotube cell development,7/829,43/18805,0.16279069767441862,3.692737116727916,3.796159709701096,0.0025385649770656225,0.1864176787635735,0.175239051779908,CACNA1S/ACTN3/SPG11/BCL2/DNER/LARGE1/HDAC9,7
BP,GO:0001822,kidney development,26/829,325/18805,0.08,1.8147165259348614,3.181654956820738,0.002580019007414667,0.1864176787635735,0.175239051779908,DLG5/DCHS2/ZMPSTE24/PROX1/NUP133/ARID5B/PLCE1/ZBTB16/MYO1E/HOXB7/SMAD2/BCL2/WDPCP/JAG1/COMT/AP1B1/WWTR1/DLG1/SLIT2/NPNT/TFAP2A/MAGI2/GCNT1/TGFBR1/INVS/PRKX,26
BP,GO:0051956,negative regulation of amino acid transport,4/829,14/18805,0.2857142857142857,6.4811304497673605,4.405701476647352,0.002632823920402731,0.1864176787635735,0.175239051779908,SLC43A2/PRKG1/SLC43A1/GRM7,4
BP,GO:0098840,protein transport along microtubule,4/829,14/18805,0.2857142857142857,6.4811304497673605,4.405701476647352,0.002632823920402731,0.1864176787635735,0.175239051779908,DLG2/MAPK8IP3/CEP131/RAB27B,4
BP,GO:0099118,microtubule-based protein transport,4/829,14/18805,0.2857142857142857,6.4811304497673605,4.405701476647352,0.002632823920402731,0.1864176787635735,0.175239051779908,DLG2/MAPK8IP3/CEP131/RAB27B,4
BP,GO:0032924,activin receptor signaling pathway,8/829,55/18805,0.14545454545454545,3.2994845926088385,3.667474218453568,0.002673695255555854,0.1864176787635735,0.175239051779908,HJV/ACVRL1/SMAD2/ACVR1/BMPR2/MAGI2/ZC3H3/TGFBR1,8
BP,GO:0050954,sensory perception of mechanical stimulus,18/829,196/18805,0.09183673469387756,2.083220501710938,3.273702768785387,0.00267402408062503,0.1864176787635735,0.175239051779908,ESPN/KCNQ4/PCDH15/EPS8L2/NAV2/DIAPH3/TRPV1/MYO15A/LOXHD1/MBP/OTOF/MYO7B/LARGE1/GRM7/USP53/ADGRV1/TFAP2A/GSDME,18
BP,GO:0006816,calcium ion transport,33/829,447/18805,0.0738255033557047,1.674654512188211,3.100119001043973,0.002758969668259718,0.18853559823926302,0.17722996918177486,YWHAE/TRPM1/CACNA1C/ZMPSTE24/NOS1AP/CACNA1S/ATP2B4/RYR2/MCU/PLCE1/ANO9/F2/AHNAK/CRACR2A/NALF1/ERO1A/SPG11/GNB5/PML/PRKCB/PLCG2/TRPV1/AFG3L2/BCL2/UBR3/RAMP1/CACNA2D2/CACNA2D3/STIM2/ANK2/PDE4D/OPRM1/DMD,33
BP,GO:0048638,regulation of developmental growth,26/829,327/18805,0.07951070336391437,1.80361734229,3.14812198408979,0.002803880139061047,0.18853559823926302,0.17722996918177486,ZMPSTE24/LPAR3/PROX1/ACTN3/SEMA6D/SIN3A/WNT3/SPAG9/AFG3L2/BCL2/ITSN2/RTN4/BMPR2/CACNA2D2/PLS1/WWC2/SEMA5A/JARID2/KIAA0319/CPNE5/PI16/SEMA3A/PLXNA4/ZFPM2/TGFBR1/ANAPC2,26
BP,GO:0010975,regulation of neuron projection development,33/829,448/18805,0.07366071428571429,1.6709164440806479,3.086472745594403,0.002856830081210951,0.18853559823926302,0.17722996918177486,PRAG1/EPHB2/LRP8/LPAR3/CERS2/IL15RA/BRSK2/PLXNC1/B2M/SEMA6D/IGF1R/ATP1B2/SRCIN1/WNT3/TANC2/KIDINS220/RTN4/ITGA6/HECW2/BMPR2/ABI2/PREX1/EP300/SHANK3/SLIT2/SEMA5A/KIAA0319/MAGI2/SEMA3A/RELN/PTPRD/ANAPC2/DMD,33
BP,GO:0021591,ventricular system development,6/829,33/18805,0.18181818181818182,4.1243557407610485,3.8576074433072876,0.002876789129314026,0.18853559823926302,0.17722996918177486,ODAD2/KDM2B/SEMA6D/ATP1B2/TTC21B/ANP32B,6
BP,GO:0051146,striated muscle cell differentiation,25/829,311/18805,0.08038585209003216,1.8234691779892096,3.1446185580527515,0.0028975757926116247,0.18853559823926302,0.17722996918177486,ZMPSTE24/YBX1/CACNA1S/PROX1/PRKG1/DOCK1/ACTN3/CDON/SPG11/TMOD2/TMOD3/TRIM72/SPAG9/MYOM1/BCL2/ACVR1/TANC1/DNER/HDAC4/MYO18B/LARGE1/SGCB/NLN/PI16/HDAC9,25
BP,GO:0030177,positive regulation of Wnt signaling pathway,15/829,152/18805,0.09868421052631579,2.2385483461367532,3.292427871001549,0.002970171828034919,0.1907162963264527,0.1792799006450994,RNF220/LGR6/BMAL1/DIXDC1/VPS35/WNT3/PLEKHA4/ATP6V1C2/USP34/LYPD6/TTC21B/SEMA5A/UBR5/DDX3X/XIAP,15
BP,GO:0030516,regulation of axon extension,10/829,82/18805,0.12195121951219512,2.7663361675836295,3.442297694880993,0.0031807735866495592,0.19899524790390133,0.18706240085530673,SEMA6D/SIN3A/WNT3/RTN4/BMPR2/SEMA5A/KIAA0319/SEMA3A/PLXNA4/ANAPC2,10
BP,GO:0001659,temperature homeostasis,17/829,184/18805,0.09239130434782608,2.0958003356584674,3.207707040859709,0.003253981412872446,0.19899524790390133,0.18706240085530673,SQSTM1/ACOT11/LEPR/BMAL1/BSCL2/ACTN3/ADIPOR2/IGF1R/ZNF423/TRPV1/SLC27A1/EPAS1/ARRDC3/LNPEP/LAMA4/ALDH1A1/EHMT1,17
BP,GO:1990138,neuron projection extension,16/829,169/18805,0.09467455621301775,2.147593521816404,3.218184555195407,0.0033295507119975387,0.19899524790390133,0.18706240085530673,VCL/SPG11/SEMA6D/SIN3A/WNT3/SPAG9/ITSN2/RTN4/BMPR2/SLIT2/SEMA5A/KIAA0319/CPNE5/SEMA3A/PLXNA4/ANAPC2,16
BP,GO:0046328,regulation of JNK cascade,14/829,139/18805,0.10071942446043165,2.2847150506374154,3.2647087121803127,0.0033481448142769336,0.19899524790390133,0.18706240085530673,MFHAS1/CRACR2A/IGF1R/MAPK8IP3/TAOK1/MAP4K4/ITCH/MAP3K5/NOD1/SEMA3A/MDFIC/HIPK2/DNAJA1/XIAP,14
BP,GO:0030517,negative regulation of axon extension,6/829,34/18805,0.17647058823529413,4.00305116015043,3.76369430094432,0.0033651649436669006,0.19899524790390133,0.18706240085530673,SEMA6D/WNT3/RTN4/SEMA5A/KIAA0319/SEMA3A,6
BP,GO:0007216,G protein-coupled glutamate receptor signaling pathway,4/829,15/18805,0.26666666666666666,6.049055086449538,4.2009567007376996,0.003466105752424511,0.19899524790390133,0.18706240085530673,TRPM1/GRM7/GRM1/GRM8,4
BP,GO:0035332,positive regulation of hippo signaling,4/829,15/18805,0.26666666666666666,6.049055086449538,4.2009567007376996,0.003466105752424511,0.19899524790390133,0.18706240085530673,DLG5/YWHAE/MAP4K4/ARRDC3,4
BP,GO:0071871,response to epinephrine,4/829,15/18805,0.26666666666666666,6.049055086449538,4.2009567007376996,0.003466105752424511,0.19899524790390133,0.18706240085530673,ATP2B4/RYR2/SIRT2/PDE4D,4
BP,GO:0106072,negative regulation of adenylate cyclase-activating G protein-coupled receptor signaling pathway,4/829,15/18805,0.26666666666666666,6.049055086449538,4.2009567007376996,0.003466105752424511,0.19899524790390133,0.18706240085530673,ATP2B4/PDE3A/PDE4D/ARRDC3,4
BP,GO:0035329,hippo signaling,8/829,58/18805,0.13793103448275862,3.128821596439416,3.4869300183798937,0.0037495674878860524,0.21101786477058102,0.1983640756406799,DLG5/YWHAE/STRN4/MAP4K4/WWTR1/FAT4/WWC2/ARRDC3,8
BP,GO:0045601,regulation of endothelial cell differentiation,7/829,46/18805,0.15217391304347827,3.451906435202182,3.575475647745616,0.00376199881865585,0.21101786477058102,0.1983640756406799,VCL/APOLD1/ACVRL1/ROCK2/PROC/JAG1/ZDHHC21,7
BP,GO:0048041,focal adhesion assembly,10/829,85/18805,0.11764705882352941,2.6687007734336197,3.3112415629378704,0.004135517714543513,0.22427817798058836,0.2108292277047895,VCL/SORBS1/ACTN3/ACVRL1/PEAK1/BCL2/ROCK2/WDPCP/MAP4K4/DLC1,10
BP,GO:0060996,dendritic spine development,11/829,99/18805,0.1111111111111111,2.520439619353974,3.257258056741661,0.004210919906032417,0.22427817798058836,0.2108292277047895,DLG5/EPHB2/LRP8/SRCIN1/TANC2/NCK2/ABI2/SHANK3/IQSEC1/RELN/PTPRD,11
BP,GO:0061387,regulation of extent of cell growth,11/829,99/18805,0.1111111111111111,2.520439619353974,3.257258056741661,0.004210919906032417,0.22427817798058836,0.2108292277047895,LPAR3/SEMA6D/SIN3A/WNT3/RTN4/BMPR2/SEMA5A/KIAA0319/SEMA3A/PLXNA4/ANAPC2,11
BP,GO:0030032,lamellipodium assembly,9/829,72/18805,0.125,2.835494571773221,3.350977740466206,0.004257682548601812,0.22427817798058836,0.2108292277047895,VCL/PLCE1/ABLIM1/CDH13/NCK2/ABI2/ABLIM2/SLIT2/VAV2,9
BP,GO:0034762,regulation of transmembrane transport,34/829,478/18805,0.07112970711297072,1.6135031872851802,2.917702036633306,0.0043045196296629005,0.22427817798058836,0.2108292277047895,SLC43A2/YWHAE/CACNA1C/EPHB2/NOS1AP/ATP2B4/CNIH3/RYR2/SORBS1/F2/SLC43A1/AHNAK/CRACR2A/GNB5/PML/PRKCB/ATP1B2/AFG3L2/BCL2/ACTN4/UBR3/TRIB3/KCNJ6/KCNAB1/DLG1/KCNIP4/STIM2/ANK2/PDE4D/KCNIP1/UTRN/OPRM1/RELN/DMD,34
BP,GO:0055002,striated muscle cell development,16/829,174/18805,0.09195402298850575,2.085881064292944,3.0902574206479025,0.004431147775016866,0.22427817798058836,0.2108292277047895,ZMPSTE24/CACNA1S/PROX1/PRKG1/ACTN3/SPG11/TMOD2/TMOD3/MYOM1/BCL2/DNER/MYO18B/LARGE1/SGCB/PI16/HDAC9,16
BP,GO:0060841,venous blood vessel development,4/829,16/18805,0.25,5.670989143546442,4.013958451897636,0.004461975105289823,0.22427817798058836,0.2108292277047895,PROX1/ACVRL1/CCBE1/BMPR2,4
BP,GO:1901985,positive regulation of protein acetylation,4/829,16/18805,0.25,5.670989143546442,4.013958451897636,0.004461975105289823,0.22427817798058836,0.2108292277047895,BMAL1/PML/TAOK1/DDX3X,4
BP,GO:0030198,extracellular matrix organization,26/829,339/18805,0.07669616519174041,1.7397724806160173,2.9516676937828175,0.0045223933515200895,0.22427817798058836,0.2108292277047895,ADAMTSL3/TIE1/LOXL4/COL4A2/ERO1A/PAPLN/MYO1E/MMP15/ADAMTS18/ZNF469/LAMA1/PXDN/DPP4/COL5A2/LARGE1/PPARG/NPNT/TLL1/SH3PXD2B/LAMA2/ST7/DNAJB6/MATN2/B4GALT1/TGFBR1/OLFML2A,26
BP,GO:0060997,dendritic spine morphogenesis,8/829,60/18805,0.13333333333333333,3.024527543224769,3.372969773005601,0.004634381485565228,0.22427817798058836,0.2108292277047895,EPHB2/LRP8/SRCIN1/TANC2/ABI2/SHANK3/RELN/PTPRD,8
BP,GO:0001894,tissue homeostasis,22/829,272/18805,0.08088235294117647,1.8347317817356135,2.9779293849615645,0.004661214275053875,0.22427817798058836,0.2108292277047895,PLEKHM1/ACACA/MUC6/CLN8/RP1L1/NPHP4/ERRFI1/PCDH15/VCL/KMT2A/ATP1B2/PRKCA/BCL2/MBP/GIGYF2/IL20RB/WWTR1/ADGRV1/LAMA2/ALDH1A1/DMD/XIAP,22
BP,GO:0060249,anatomical structure homeostasis,22/829,272/18805,0.08088235294117647,1.8347317817356135,2.9779293849615645,0.004661214275053875,0.22427817798058836,0.2108292277047895,PLEKHM1/ACACA/MUC6/CLN8/RP1L1/NPHP4/ERRFI1/PCDH15/VCL/KMT2A/ATP1B2/PRKCA/BCL2/MBP/GIGYF2/IL20RB/WWTR1/ADGRV1/LAMA2/ALDH1A1/DMD/XIAP,22
BP,GO:1903169,regulation of calcium ion transmembrane transport,16/829,175/18805,0.09142857142857143,2.0739617439255555,3.0651890481461463,0.00468371835804565,0.22427817798058836,0.2108292277047895,YWHAE/CACNA1C/NOS1AP/RYR2/F2/AHNAK/CRACR2A/GNB5/PML/AFG3L2/BCL2/UBR3/STIM2/ANK2/PDE4D/DMD,16
BP,GO:0043062,extracellular structure organization,26/829,340/18805,0.07647058823529412,1.7346555027318529,2.935650806189679,0.0046987166629476025,0.22427817798058836,0.2108292277047895,ADAMTSL3/TIE1/LOXL4/COL4A2/ERO1A/PAPLN/MYO1E/MMP15/ADAMTS18/ZNF469/LAMA1/PXDN/DPP4/COL5A2/LARGE1/PPARG/NPNT/TLL1/SH3PXD2B/LAMA2/ST7/DNAJB6/MATN2/B4GALT1/TGFBR1/OLFML2A,26
BP,GO:0007015,actin filament organization,33/829,463/18805,0.07127429805615551,1.6167830819614046,2.885728445957869,0.004721760365591332,0.22427817798058836,0.2108292277047895,ARHGAP17/ESPN/PROX1/SVIL/SORBS1/SSH3/DIAPH3/TMOD2/TMOD3/CGNL1/MYO1E/MYO15A/SSH2/MYO5B/BCL2/GMFG/ROCK2/NCK2/MYO7B/ABI2/PREX1/MICAL3/BAIAP2L2/SHANK3/PLS1/DLG1/SLIT2/SEMA5A/ELMO1/DLC1/TGFBR1/SH3KBP1/SHROOM4,33
BP,GO:0031507,heterochromatin formation,15/829,160/18805,0.09375,2.1266209288299156,3.073353166867662,0.004816887333036242,0.22427817798058836,0.2108292277047895,SPOCD1/PCGF5/KMT2A/PPHLN1/SIN3A/PPM1D/TDRD12/SIRT2/DYRK1A/RBM15B/YTHDC1/ARB2A/JARID2/UBR5/EHMT1,15
BP,GO:0045229,external encapsulating structure organization,26/829,341/18805,0.07624633431085044,1.7295685364481814,2.919686668333465,0.004880757433515192,0.22427817798058836,0.2108292277047895,ADAMTSL3/TIE1/LOXL4/COL4A2/ERO1A/PAPLN/MYO1E/MMP15/ADAMTS18/ZNF469/LAMA1/PXDN/DPP4/COL5A2/LARGE1/PPARG/NPNT/TLL1/SH3PXD2B/LAMA2/ST7/DNAJB6/MATN2/B4GALT1/TGFBR1/OLFML2A,26
BP,GO:0021987,cerebral cortex development,13/829,130/18805,0.1,2.2683956574185764,3.1163912350352674,0.004893274005402207,0.22427817798058836,0.2108292277047895,YWHAE/LRP8/ZMIZ1/TACC2/DIXDC1/CDON/CCDC85C/SOCS7/RTN4/SLIT2/FAT4/RELN/LHX6,13
BP,GO:0007160,cell-matrix adhesion,20/829,240/18805,0.08333333333333333,1.8903297145154805,2.981019857290646,0.004895482553244809,0.22427817798058836,0.2108292277047895,VCL/SORBS1/VWA2/ACTN3/ACVRL1/ITGBL1/PEAK1/CDH13/SKAP1/BCL2/ROCK2/WDPCP/MAP4K4/ITGA6/JAG1/NPNT/ITGA1/UTRN/ITGB8/DLC1,20
BP,GO:0022898,regulation of transmembrane transporter activity,16/829,176/18805,0.09090909090909091,2.0621778703805242,3.0402876012292293,0.004947912119324234,0.22427817798058836,0.2108292277047895,EPHB2/NOS1AP/CNIH3/AHNAK/CRACR2A/GNB5/ATP1B2/BCL2/ACTN4/KCNAB1/STIM2/ANK2/UTRN/OPRM1/RELN/DMD,16
BP,GO:0010810,regulation of cell-substrate adhesion,19/829,224/18805,0.08482142857142858,1.9240856022746857,2.987841313836153,0.004973096049968199,0.22427817798058836,0.2108292277047895,VCL/DOCK1/ACVRL1/PEAK1/CDH13/SKAP1/BCL2/ACTN4/ROCK2/WDPCP/MAP4K4/ITGA6/JAG1/PREX1/NPNT/RREB1/UTRN/COL26A1/DLC1,19
BP,GO:0060538,skeletal muscle organ development,17/829,192/18805,0.08854166666666667,2.008475321672698,3.016223765971813,0.005009492090140191,0.22427817798058836,0.2108292277047895,CACNA1S/SVIL/BMAL1/ACTN3/BCL9L/CDON/ERO1A/SPG11/MYOM1/BCL2/SIRT2/DNER/LARGE1/EP300/NLN/HDAC9/DMD,17
BP,GO:0090263,positive regulation of canonical Wnt signaling pathway,12/829,116/18805,0.10344827586206896,2.346616197329562,3.124177162126712,0.00513315880285209,0.2250016266158475,0.21150929438996194,RNF220/LGR6/BMAL1/VPS35/PLEKHA4/USP34/LYPD6/TTC21B/SEMA5A/UBR5/DDX3X/XIAP,12
BP,GO:0031346,positive regulation of cell projection organization,27/829,360/18805,0.075,1.7012967430639325,2.885157986538075,0.0051986003780596125,0.2250016266158475,0.21150929438996194,PLEKHM1/EPHB2/LRP8/LPAR3/PLCE1/EPS8L2/PLXNC1/IGF1R/RAB11FIP3/ATP1B2/WNT3/SEPTIN9/MARK4/KIDINS220/ITGA6/BMPR2/ABI2/EP300/SLIT2/SEMA5A/RREB1/MAGI2/RELN/PTPRD/TGFBR1/ANAPC2/DMD,27
BP,GO:0098739,import across plasma membrane,18/829,209/18805,0.0861244019138756,1.9536421929920755,2.977177230870946,0.005268118110030812,0.2250016266158475,0.21150929438996194,SLC12A7/SLC43A2/TRPM1/CLN8/CACNA1C/LRRC8B/CACNA1S/ATP2B4/SLC43A1/ATP12A/NALF1/TRPV1/ATP1B2/SLC27A1/KCNJ6/SLC6A1/DLG1/GRM1,18
BP,GO:0042596,fear response,7/829,49/18805,0.14285714285714285,3.2405652248836803,3.3724178237377913,0.005388137102615496,0.2250016266158475,0.21150929438996194,EPHB2/FBXL20/BCL2/GNG7/DPP4/COMT/LARGE1,7
BP,GO:0045197,establishment or maintenance of epithelial cell apical/basal polarity,7/829,49/18805,0.14285714285714285,3.2405652248836803,3.3724178237377913,0.005388137102615496,0.2250016266158475,0.21150929438996194,DLG5/PARD3/DLG2/LLGL1/LLGL2/LAMA1/DLG1,7
BP,GO:0009135,purine nucleoside diphosphate metabolic process,12/829,117/18805,0.10256410256410256,2.3265596486344378,3.090965500484483,0.005497108795100393,0.2250016266158475,0.21150929438996194,AK4/AK5/MAGI3/PFKP/OGDHL/ACTN3/DLG2/RPTOR/HDAC4/EP300/ZBTB20/DLG1,12
BP,GO:0009179,purine ribonucleoside diphosphate metabolic process,12/829,117/18805,0.10256410256410256,2.3265596486344378,3.090965500484483,0.005497108795100393,0.2250016266158475,0.21150929438996194,AK4/AK5/MAGI3/PFKP/OGDHL/ACTN3/DLG2/RPTOR/HDAC4/EP300/ZBTB20/DLG1,12
BP,GO:0014902,myotube differentiation,13/829,132/18805,0.09848484848484848,2.234026026245568,3.055343850399776,0.005563321309404793,0.2250016266158475,0.21150929438996194,CACNA1S/DOCK1/ACTN3/CDON/SPG11/TRIM72/BCL2/TANC1/DNER/HDAC4/LARGE1/NLN/HDAC9,13
BP,GO:0099173,postsynapse organization,20/829,243/18805,0.0823045267489712,1.8669923106325734,2.921203788387075,0.005609777193561749,0.2250016266158475,0.21150929438996194,DLG5/EPHB2/LRP8/NOS1AP/DOCK1/IGF1R/VPS35/NAE1/SRCIN1/TANC2/RTN4/TANC1/ABI2/SHANK3/DLG1/ELMO1/DBNL/RELN/ARHGAP39/PTPRD,20
BP,GO:0021783,preganglionic parasympathetic fiber development,4/829,17/18805,0.23529411764705882,5.337401546867239,3.8421089134154003,0.005633842248822913,0.2250016266158475,0.21150929438996194,NAV2/TFAP2A/SEMA3A/PLXNA4,4
BP,GO:1901550,regulation of endothelial cell development,4/829,17/18805,0.23529411764705882,5.337401546867239,3.8421089134154003,0.005633842248822913,0.2250016266158475,0.21150929438996194,VCL/ROCK2/PROC/ZDHHC21,4
BP,GO:1903140,regulation of establishment of endothelial barrier,4/829,17/18805,0.23529411764705882,5.337401546867239,3.8421089134154003,0.005633842248822913,0.2250016266158475,0.21150929438996194,VCL/ROCK2/PROC/ZDHHC21,4
BP,GO:0034765,regulation of monoatomic ion transmembrane transport,26/829,345/18805,0.07536231884057971,1.709515567909652,2.856350413224263,0.0056689492904330105,0.2250016266158475,0.21150929438996194,YWHAE/CACNA1C/EPHB2/NOS1AP/ATP2B4/RYR2/F2/AHNAK/CRACR2A/GNB5/PML/ATP1B2/AFG3L2/BCL2/ACTN4/UBR3/KCNJ6/KCNAB1/DLG1/KCNIP4/STIM2/ANK2/PDE4D/KCNIP1/UTRN/DMD,26
BP,GO:0022029,telencephalon cell migration,8/829,62/18805,0.12903225806451613,2.926962138604615,3.263663170437926,0.005671147556096157,0.2250016266158475,0.21150929438996194,LRP8/ZMIZ1/DIXDC1/SOCS7/RTN4/SLIT2/RELN/LHX6,8
BP,GO:1904062,regulation of monoatomic cation transmembrane transport,24/829,311/18805,0.07717041800643087,1.7505304108696411,2.8660840277795514,0.005767515629896191,0.22697964737010815,0.21336870216542952,YWHAE/CACNA1C/NOS1AP/ATP2B4/RYR2/F2/AHNAK/CRACR2A/GNB5/PML/ATP1B2/AFG3L2/BCL2/ACTN4/UBR3/KCNAB1/DLG1/KCNIP4/STIM2/ANK2/PDE4D/KCNIP1/UTRN/DMD,24
BP,GO:0099175,regulation of postsynapse organization,14/829,148/18805,0.0945945945945946,2.1457796759364913,3.0051553194535847,0.005858627902862839,0.22872083332776524,0.21500547705832634,EPHB2/LRP8/DOCK1/VPS35/NAE1/SRCIN1/TANC2/RTN4/TANC1/ABI2/SHANK3/ELMO1/RELN/PTPRD,14
BP,GO:0036010,protein localization to endosome,5/829,27/18805,0.18518518518518517,4.20073269892329,3.5740652603086405,0.005916708024925656,0.2291550409653746,0.2154136472232749,TOLLIP/ANKRD13A/VPS35/ROCK2/PACSIN2,5
BP,GO:0141091,transforming growth factor beta receptor superfamily signaling pathway,29/829,399/18805,0.07268170426065163,1.648708623186434,2.812627811615241,0.005971151728908315,0.2294426806068707,0.21568403841344747,NFIA/HJV/TET1/ZMIZ1/BCL9L/ACVRL1/USP15/CHST11/ERO1A/LTBP2/CTDSPL2/PML/SIN3A/PCSK6/ZNF423/SMAD2/ACVR1/BMPR2/EP300/PPARG/NPNT/RGMB/ITGB8/MAGI2/HIPK2/INTS9/ZC3H3/TGFBR1/XIAP,29
BP,GO:0003300,cardiac muscle hypertrophy,11/829,104/18805,0.10576923076923077,2.3992646376542637,3.072840159791641,0.006116481975092928,0.23319087530041788,0.21920747078499161,ATP2B4/RYR2/PRKG1/PRKCA/ROCK2/HDAC4/PPARG/IL6ST/JARID2/PI16/MLIP,11
BP,GO:0008347,glial cell migration,8/829,63/18805,0.12698412698412698,2.8805024221188273,3.2106433255533515,0.006251439804691954,0.23648857555733904,0.2223074228384132,LRP8/CERS2/ZMIZ1/ATP1B2/SOCS7/RTN4/RELN/MATN2,8
BP,GO:0071559,response to transforming growth factor beta,24/829,315/18805,0.0761904761904762,1.7283014532712966,2.799328428918632,0.006727976125127715,0.2501131096323944,0.2351149550858444,TET1/ZMIZ1/KMT2A/BCL9L/PDE3A/ACVRL1/USP15/CHST11/COL4A2/ERO1A/LTBP2/PML/SIN3A/IGF1R/SMAD2/ROCK2/ACVR1/EP300/PPARG/NPNT/ITGB8/HIPK2/INTS9/TGFBR1,24
BP,GO:0030111,regulation of Wnt signaling pathway,26/829,350/18805,0.07428571428571429,1.6850939169395143,2.778324480425403,0.006800366877929915,0.2501131096323944,0.2351149550858444,NPHP4/PTPRU/RNF220/TRABD2B/LGR6/BMAL1/FRMD8/DIXDC1/WIF1/TSC2/VPS35/WNT3/RNF213/PLEKHA4/ATP6V1C2/USP34/LYPD6/TTC21B/WWTR1/SEMA5A/MDFIC/SOX7/UBR5/INVS/DDX3X/XIAP,26
BP,GO:0040013,negative regulation of locomotion,30/829,421/18805,0.07125890736342043,1.6164339601557554,2.747030337168772,0.006869655213139016,0.2501131096323944,0.2351149550858444,DLG5/CLIC4/PTPRU/TIE1/PODN/CERS2/ATP2B4/PRKG1/TET1/VCL/ACVRL1/STARD13/FRMD5/SEMA6D/SIN3A/ATP1B2/WNT3/CYGB/PTPRM/BCL2/DPP4/JAG1/PPARG/SLIT2/SEMA5A/ARRDC3/MCTP1/MAGI2/DLC1/TGFBR1,30
BP,GO:0051058,negative regulation of small GTPase mediated signal transduction,8/829,64/18805,0.125,2.835494571773221,3.1586577253534855,0.006875671186640018,0.2501131096323944,0.2351149550858444,ARHGAP17/EPHB2/ARHGAP42/RASA3/CGNL1/SLIT2/ARHGAP24/DLC1,8
BP,GO:0021801,cerebral cortex radial glia-guided migration,5/829,28/18805,0.17857142857142858,4.050706531104601,3.469142992857802,0.006946400357401259,0.2501131096323944,0.2351149550858444,LRP8/ZMIZ1/SOCS7/RTN4/RELN,5
BP,GO:0022030,telencephalon glial cell migration,5/829,28/18805,0.17857142857142858,4.050706531104601,3.469142992857802,0.006946400357401259,0.2501131096323944,0.2351149550858444,LRP8/ZMIZ1/SOCS7/RTN4/RELN,5
BP,GO:0120161,regulation of cold-induced thermogenesis,14/829,151/18805,0.09271523178807947,2.1031482916463626,2.922753848455537,0.006970365350410991,0.2501131096323944,0.2351149550858444,ACOT11/LEPR/BMAL1/BSCL2/ACTN3/ADIPOR2/IGF1R/ZNF423/EPAS1/ARRDC3/LNPEP/LAMA4/ALDH1A1/EHMT1,14
BP,GO:0048588,developmental cell growth,19/829,232/18805,0.08189655172413793,1.8577378228859032,2.8230162697119456,0.007190010877899362,0.25611133638064876,0.24075349524306894,LPAR3/PRKG1/VCL/SPG11/SEMA6D/SIN3A/WNT3/SPAG9/ITSN2/RTN4/BMPR2/SLIT2/SEMA5A/KIAA0319/CPNE5/PI16/SEMA3A/PLXNA4/ANAPC2,19
BP,GO:0014706,striated muscle tissue development,30/829,423/18805,0.07092198581560284,1.6087912463961538,2.719556330665316,0.007326926257504852,0.2576349468636881,0.24218574168074902,ZMPSTE24/CACNA1S/PROX1/RYR2/SVIL/PRKG1/BMAL1/ACTN3/BCL9L/CDON/ERO1A/SPG11/LUC7L/MYOM1/BCL2/SIRT2/ACVR1/DNER/MYO18B/LARGE1/EP300/MYL3/SGCB/NLN/JARID2/PI16/HDAC9/ZFPM2/TGFBR1/DMD,30
BP,GO:0106106,cold-induced thermogenesis,14/829,152/18805,0.09210526315789473,2.089311789727636,2.895712959366263,0.007376182084565083,0.2576349468636881,0.24218574168074902,ACOT11/LEPR/BMAL1/BSCL2/ACTN3/ADIPOR2/IGF1R/ZNF423/EPAS1/ARRDC3/LNPEP/LAMA4/ALDH1A1/EHMT1,14
BP,GO:0016601,Rac protein signal transduction,7/829,52/18805,0.1346153846153846,3.053609538832699,3.1844909922236853,0.007491172712719096,0.2576349468636881,0.24218574168074902,ARHGAP17/CDH13/RTN4/ABI2/ARHGAP24/ELMO1/DBNL,7
BP,GO:0032412,regulation of monoatomic ion transmembrane transporter activity,15/829,168/18805,0.08928571428571429,2.0253532655523006,2.866790878609447,0.007502679923747936,0.2576349468636881,0.24218574168074902,EPHB2/NOS1AP/CNIH3/AHNAK/CRACR2A/GNB5/ATP1B2/ACTN4/KCNAB1/STIM2/ANK2/UTRN/OPRM1/RELN/DMD,15
BP,GO:0021885,forebrain cell migration,8/829,65/18805,0.12307692307692308,2.791871578361325,3.1076680503124687,0.007545858127673329,0.2576349468636881,0.24218574168074902,LRP8/ZMIZ1/DIXDC1/SOCS7/RTN4/SLIT2/RELN/LHX6,8
BP,GO:0014897,striated muscle hypertrophy,11/829,107/18805,0.102803738317757,2.3319955356639572,2.9672417922028087,0.007549548647849876,0.2576349468636881,0.24218574168074902,ATP2B4/RYR2/PRKG1/PRKCA/ROCK2/HDAC4/PPARG/IL6ST/JARID2/PI16/MLIP,11
BP,GO:0090659,walking behavior,6/829,40/18805,0.15,3.402593486127865,3.266569204168355,0.007681872549317959,0.2603301252824419,0.244719302411752,CLN8/ZMPSTE24/SPG11/LARGE1/HIPK2/ZNF212,6
BP,GO:1990845,adaptive thermogenesis,15/829,169/18805,0.08875739644970414,2.0133689267028783,2.841779921751676,0.007909153548269045,0.2661839263141582,0.25022207741093644,ACOT11/LEPR/BMAL1/BSCL2/ACTN3/ADIPOR2/IGF1R/ZNF423/TRPV1/EPAS1/ARRDC3/LNPEP/LAMA4/ALDH1A1/EHMT1,15
BP,GO:0098901,regulation of cardiac muscle cell action potential,5/829,29/18805,0.1724137931034483,3.9110269955492702,3.368988669617886,0.008094990521915856,0.2694460491947716,0.2532885855027642,CACNA1C/NOS1AP/RYR2/DLG1/ANK2,5
BP,GO:0015820,L-leucine transport,3/829,10/18805,0.3,6.80518697225573,3.9432190546005512,0.008116510088449063,0.2694460491947716,0.2532885855027642,SLC43A2/SLC43A1/LLGL2,3
BP,GO:0019722,calcium-mediated signaling,19/829,235/18805,0.08085106382978724,1.8340220208916154,2.7628757441614797,0.008204461016401612,0.26952235947726677,0.25336031980196905,CACNA1C/CAMTA1/ZMPSTE24/ATP2B4/RYR2/MCU/PLCE1/ACTN3/NUDT4/MCTP2/NFAT5/PLCG2/CDH13/TRPV1/PDK2/ANK2/MCTP1/RCAN2/DMD,19
BP,GO:0050688,regulation of defense response to virus,8/829,66/18805,0.12121212121212122,2.749570493840699,3.057637983729324,0.008264025229911279,0.26952235947726677,0.25336031980196905,ZMPSTE24/NT5C2/PML/SIN3A/IL12RB1/ITCH/ILRUN/CGAS,8
BP,GO:0098926,postsynaptic signal transduction,7/829,53/18805,0.1320754716981132,2.995994264515101,3.124850780131882,0.00831118264360331,0.26952235947726677,0.25336031980196905,GNB1/RGS8/RNF10/PRKCB/LARGE1/OPRM1/CHRNB3,7
BP,GO:0016236,macroautophagy,27/829,374/18805,0.07219251336898395,1.6376118382433573,2.67469077715563,0.008487954250629114,0.26952235947726677,0.25336031980196905,PLEKHM1/SQSTM1/EPHB2/VTI1A/RAB1B/DIAPH3/SPTLC2/SPG11/TSC2/VPS35/ATP6V0D1/RNF213/PIK3C3/ATP6V1C2/ABI2/MAP1LC3A/LRBA/RETREG1/SNX18/ARHGAP26/ILRUN/NOD1/EXOC4/VPS37A/UBXN2B/STX17/SNX30,27
BP,GO:0050768,negative regulation of neurogenesis,13/829,139/18805,0.09352517985611511,2.121521118449029,2.8500014571154257,0.00850483251580218,0.26952235947726677,0.25336031980196905,EPHB2/CERS2/PROX1/F2/RNF10/B2M/SEMA6D/WNT3/SIRT2/RTN4/SEMA5A/KIAA0319/SEMA3A,13
BP,GO:0048486,parasympathetic nervous system development,4/829,19/18805,0.21052631578947367,4.77556980509174,3.5358839478889474,0.008555242836735808,0.26952235947726677,0.25336031980196905,NAV2/TFAP2A/SEMA3A/PLXNA4,4
BP,GO:0060537,muscle tissue development,31/829,446/18805,0.06950672645739911,1.5766875645734504,2.646911140567844,0.008564174326576496,0.26952235947726677,0.25336031980196905,ZMPSTE24/CACNA1S/PROX1/RYR2/SVIL/PRKG1/BMAL1/ACTN3/BCL9L/CDON/ERO1A/SPG11/LUC7L/MYOM1/BCL2/SIRT2/ACVR1/DNER/MYO18B/LARGE1/EP300/MYL3/DLG1/SGCB/NLN/JARID2/PI16/HDAC9/ZFPM2/TGFBR1/DMD,31
BP,GO:0014896,muscle hypertrophy,11/829,109/18805,0.10091743119266056,2.289206626752692,2.898793543250685,0.008641516492863361,0.26952235947726677,0.25336031980196905,ATP2B4/RYR2/PRKG1/PRKCA/ROCK2/HDAC4/PPARG/IL6ST/JARID2/PI16/MLIP,11
BP,GO:0030866,cortical actin cytoskeleton organization,6/829,41/18805,0.14634146341463414,3.319603401100356,3.1929992013216544,0.008671108696297312,0.26952235947726677,0.25336031980196905,LLGL1/LLGL2/ROCK2/FMNL2/PLS1/DLG1,6
BP,GO:0050919,negative chemotaxis,6/829,41/18805,0.14634146341463414,3.319603401100356,3.1929992013216544,0.008671108696297312,0.26952235947726677,0.25336031980196905,LGR6/DPP4/SLIT2/SEMA5A/SEMA3A/PLXNA4,6
BP,GO:0010720,positive regulation of cell development,31/829,447/18805,0.06935123042505593,1.5731602993283196,2.6337408295522895,0.008828799562446917,0.2726869738274744,0.25633516650995114,EPHB2/LRP8/LPAR3/IL15RA/ZMIZ1/ACTN3/ZBTB16/CDON/PDE3A/PLXNC1/WNT3/PRKCA/RPTOR/BCL2/IL12RB1/SIRT2/IL4I1/PROC/BMPR2/EP300/SHANK3/SMARCC1/SLIT2/SEMA5A/IL6ST/BRD2/OPRM1/ARID1B/RELN/PTPRD/ANAPC2,31
BP,GO:0006893,Golgi to plasma membrane transport,8/829,67/18805,0.11940298507462686,2.7085321282609867,3.0085330780900232,0.00903220090730422,0.2772147196707207,0.2605914038664799,EXOC6/OSBPL5/RAB11FIP3/LLGL1/LLGL2/PREPL/CCDC93/EXOC4,8
BP,GO:0050771,negative regulation of axonogenesis,7/829,54/18805,0.12962962962962962,2.940512889246303,3.066599436814192,0.009195340517509502,0.27890488071347963,0.2621802135783745,EPHB2/SEMA6D/WNT3/RTN4/SEMA5A/KIAA0319/SEMA3A,7
BP,GO:0001952,regulation of cell-matrix adhesion,12/829,125/18805,0.096,2.1776598311218334,2.836888647155366,0.00920157495796521,0.27890488071347963,0.2621802135783745,VCL/ACVRL1/PEAK1/CDH13/SKAP1/BCL2/ROCK2/WDPCP/MAP4K4/JAG1/UTRN/DLC1,12
BP,GO:0003012,muscle system process,32/829,467/18805,0.06852248394004283,1.5543610500512732,2.605139726612124,0.009320528814827395,0.2807665470145536,0.2639302441521624,CACNA1C/NOS1AP/CACNA1S/ATP2B4/RYR2/PRKG1/ACTN3/ARHGAP42/TMOD2/TMOD3/TRIM72/GNAO1/TRPV1/PRKCA/DTNA/ROCK2/HDAC4/LARGE1/PPARG/MYL3/DLG1/NPNT/ANK2/IL6ST/PDE4D/KCNIP1/JARID2/PI16/MLIP/UTRN/ZDHHC21/DMD,32
BP,GO:0035330,regulation of hippo signaling,6/829,42/18805,0.14285714285714285,3.2405652248836803,3.121669735113346,0.00974832410024934,0.2839011519334979,0.26687688095905604,DLG5/YWHAE/STRN4/MAP4K4/WWC2/ARRDC3,6
BP,GO:0060999,positive regulation of dendritic spine development,6/829,42/18805,0.14285714285714285,3.2405652248836803,3.121669735113346,0.00974832410024934,0.2839011519334979,0.26687688095905604,DLG5/EPHB2/LRP8/SHANK3/RELN/PTPRD,6
BP,GO:0006892,post-Golgi vesicle-mediated transport,11/829,111/18805,0.0990990990990991,2.247959660504896,2.831827365896113,0.009851909521903037,0.2839011519334979,0.26687688095905604,EPS15/EXOC6/VTI1A/OSBPL5/RAB11FIP3/LLGL1/LLGL2/PREPL/CCDC93/EXOC4/VPS13A,11
BP,GO:0090100,positive regulation of transmembrane receptor protein serine/threonine kinase signaling pathway,11/829,111/18805,0.0990990990990991,2.247959660504896,2.831827365896113,0.009851909521903037,0.2839011519334979,0.26687688095905604,ACVRL1/ZNF423/SMAD2/ACVR1/BMPR2/EP300/NPNT/KIAA0319/HIPK2/ZC3H3/TGFBR1,11
BP,GO:0150116,regulation of cell-substrate junction organization,8/829,68/18805,0.11764705882352941,2.6687007734336197,2.9603206322071216,0.009852412991477157,0.2839011519334979,0.26687688095905604,VCL/ACVRL1/PEAK1/ROCK2/WDPCP/MAP4K4/IQSEC1/DLC1,8
BP,GO:0040029,epigenetic regulation of gene expression,23/829,308/18805,0.07467532467532467,1.6939318220982877,2.6369225276414645,0.009884909480476605,0.2839011519334979,0.26687688095905604,SPOCD1/ZMPSTE24/TET1/PCGF5/KMT2A/PPHLN1/SIN3A/PPM1D/TDRD12/SIRT2/ATAD2B/HDAC4/DYRK1A/EP300/RBM15B/YTHDC1/ARB2A/JARID2/ARID1B/HDAC9/HIPK2/UBR5/EHMT1,23
BP,GO:0071560,cellular response to transforming growth factor beta stimulus,23/829,308/18805,0.07467532467532467,1.6939318220982877,2.6369225276414645,0.009884909480476605,0.2839011519334979,0.26687688095905604,TET1/ZMIZ1/KMT2A/BCL9L/PDE3A/ACVRL1/USP15/CHST11/COL4A2/ERO1A/LTBP2/PML/SIN3A/IGF1R/SMAD2/ACVR1/EP300/PPARG/NPNT/ITGB8/HIPK2/INTS9/TGFBR1,23
BP,GO:0045814,"negative regulation of gene expression, epigenetic",17/829,206/18805,0.0825242718446602,1.871976998840573,2.702400415427682,0.009895229535895497,0.2839011519334979,0.26687688095905604,SPOCD1/PCGF5/KMT2A/PPHLN1/SIN3A/PPM1D/TDRD12/SIRT2/HDAC4/DYRK1A/RBM15B/YTHDC1/ARB2A/JARID2/HDAC9/UBR5/EHMT1,17
BP,GO:0043297,apical junction assembly,9/829,82/18805,0.10975609756097561,2.489702550825267,2.903184428239003,0.009948175610784454,0.2839011519334979,0.26687688095905604,DLG5/NPHP4/PARD3/VCL/ACVRL1/ROCK2/ABI2/CLDN16/DLG1,9
BP,GO:0050885,neuromuscular process controlling balance,7/829,55/18805,0.12727272727272726,2.8870490185327333,3.009676014647766,0.010146413784877737,0.28639129633532623,0.26921770263791023,CLN8/CAMTA1/PCDH15/GIGYF2/SHANK3/ZNF212/VPS13A,7
BP,GO:0061003,positive regulation of dendritic spine morphogenesis,4/829,20/18805,0.2,4.536791314837153,3.3984015283486917,0.010327414948063829,0.28639129633532623,0.26921770263791023,EPHB2/LRP8/RELN/PTPRD,4
BP,GO:0031669,cellular response to nutrient levels,20/829,258/18805,0.07751937984496124,1.7584462460609123,2.6342299304663204,0.010577133463676147,0.28639129633532623,0.26921770263791023,MCU/IGF1R/TSC2/PDK2/PPM1D/RPTOR/SEH1L/PIK3C3/BCL2/DAPL1/BMPR2/MAP1LC3A/KCNB1/COMT/EP300/PLD1/LARS1/MAP3K5/YWHAG/PLIN2,20
BP,GO:0009267,cellular response to starvation,16/829,191/18805,0.08376963350785341,1.9002267287276036,2.6853728215397967,0.010582696356218618,0.28639129633532623,0.26921770263791023,MCU/IGF1R/TSC2/PPM1D/RPTOR/SEH1L/PIK3C3/BCL2/DAPL1/BMPR2/MAP1LC3A/COMT/LARS1/MAP3K5/YWHAG/PLIN2,16
BP,GO:0097553,calcium ion transmembrane import into cytosol,16/829,191/18805,0.08376963350785341,1.9002267287276036,2.6853728215397967,0.010582696356218618,0.28639129633532623,0.26921770263791023,TRPM1/CACNA1C/CACNA1S/ATP2B4/RYR2/PLCE1/F2/NALF1/ERO1A/PML/PLCG2/TRPV1/BCL2/ANK2/PDE4D/DMD,16
BP,GO:0050770,regulation of axonogenesis,13/829,143/18805,0.09090909090909091,2.0621778703805242,2.738054144768185,0.010665837651090065,0.28639129633532623,0.26921770263791023,EPHB2/LPAR3/BRSK2/PLXNC1/SEMA6D/WNT3/RTN4/BMPR2/SLIT2/SEMA5A/KIAA0319/SEMA3A/ANAPC2,13
BP,GO:0010632,regulation of epithelial cell migration,8/829,69/18805,0.11594202898550725,2.630023950630234,2.912969578122639,0.010726684324171969,0.28639129633532623,0.26921770263791023,DOCK1/PLCG2/RTN4/MAP4K4/BMPR2/IQSEC1/CAPN7/RREB1,8
BP,GO:0014745,negative regulation of muscle adaptation,3/829,11/18805,0.2727272727272727,6.186533611141572,3.695045451029048,0.010798360353627055,0.28639129633532623,0.26921770263791023,ATP2B4/PPARG/MLIP,3
BP,GO:0046710,GDP metabolic process,3/829,11/18805,0.2727272727272727,6.186533611141572,3.695045451029048,0.010798360353627055,0.28639129633532623,0.26921770263791023,MAGI3/DLG2/DLG1,3
BP,GO:0048742,regulation of skeletal muscle fiber development,3/829,11/18805,0.2727272727272727,6.186533611141572,3.695045451029048,0.010798360353627055,0.28639129633532623,0.26921770263791023,ACTN3/BCL2/HDAC9,3
BP,GO:0070934,CRD-mediated mRNA stabilization,3/829,11/18805,0.2727272727272727,6.186533611141572,3.695045451029048,0.010798360353627055,0.28639129633532623,0.26921770263791023,YBX1/IGF2BP2/SYNCRIP,3
BP,GO:1905383,protein localization to presynapse,3/829,11/18805,0.2727272727272727,6.186533611141572,3.695045451029048,0.010798360353627055,0.28639129633532623,0.26921770263791023,DLG2/MAPK8IP3/RAB27B,3
BP,GO:2000169,regulation of peptidyl-cysteine S-nitrosylation,3/829,11/18805,0.2727272727272727,6.186533611141572,3.695045451029048,0.010798360353627055,0.28639129633532623,0.26921770263791023,NOS1AP/ATP2B4/DMD,3
BP,GO:0060412,ventricular septum morphogenesis,6/829,43/18805,0.13953488372093023,3.1652032429096417,3.052454420071881,0.010917474228333168,0.2864216450563714,0.2692462314831032,PROX1/ACVR1/BMPR2/SLIT2/ZFPM2/TGFBR1,6
BP,GO:0009185,ribonucleoside diphosphate metabolic process,12/829,128/18805,0.09375,2.1266209288299156,2.7465347420693944,0.011006958795228554,0.2864216450563714,0.2692462314831032,AK4/AK5/MAGI3/PFKP/OGDHL/ACTN3/DLG2/RPTOR/HDAC4/EP300/ZBTB20/DLG1,12
BP,GO:0010631,epithelial cell migration,10/829,98/18805,0.10204081632653061,2.3146894463454863,2.802141087662415,0.011133491304324391,0.2864216450563714,0.2692462314831032,PROX1/DOCK1/PLCG2/RTN4/WDPCP/MAP4K4/BMPR2/IQSEC1/CAPN7/RREB1,10
BP,GO:0043502,regulation of muscle adaptation,10/829,98/18805,0.10204081632653061,2.3146894463454863,2.802141087662415,0.011133491304324391,0.2864216450563714,0.2692462314831032,ATP2B4/ACTN3/PRKCA/ROCK2/HDAC4/PPARG/IL6ST/JARID2/PI16/MLIP,10
BP,GO:0042752,regulation of circadian rhythm,11/829,113/18805,0.09734513274336283,2.208172763858791,2.766280615630531,0.011188689263172869,0.2864216450563714,0.2692462314831032,PER3/SFPQ/PROX1/PRKG1/BMAL1/PSPC1/PML/SIN3A/ROCK2/PPARG/FBXW11,11
BP,GO:0048813,dendrite morphogenesis,13/829,144/18805,0.09027777777777778,2.0478571907251037,2.7106393862527343,0.011267554013009147,0.2864216450563714,0.2692462314831032,EPHB2/LRP8/TET1/SRCIN1/TANC2/KIDINS220/HECW2/ABI2/SHANK3/SEMA3A/RELN/PTPRD/ANAPC2,13
BP,GO:0030509,BMP signaling pathway,15/829,176/18805,0.08522727272727272,1.9332917534817413,2.671374941584409,0.011269048330086743,0.2864216450563714,0.2692462314831032,NFIA/HJV/ACVRL1/USP15/CTDSPL2/PCSK6/ZNF423/SMAD2/ACVR1/BMPR2/PPARG/RGMB/HIPK2/TGFBR1/XIAP,15
BP,GO:0050905,neuromuscular process,15/829,176/18805,0.08522727272727272,1.9332917534817413,2.671374941584409,0.011269048330086743,0.2864216450563714,0.2692462314831032,CLN8/CAMTA1/ZMPSTE24/PCDH15/VTI1A/ACTN3/VPS35/GIGYF2/COMT/LARGE1/SHANK3/HIPK2/ZNF212/VPS13A/DMD,15
BP,GO:0035264,multicellular organism growth,14/829,160/18805,0.0875,1.9848462002412546,2.686600355926809,0.011340198255983614,0.2867366191150261,0.2695423179687842,CLIC4/ZMPSTE24/ARID5B/PLEKHA1/AFG3L2/BCL2/GIGYF2/COMT/LARGE1/EP300/CACNA2D2/PLS1/WWTR1/VPS13A,14
BP,GO:0032869,cellular response to insulin stimulus,20/829,260/18805,0.07692307692307693,1.7449197364758282,2.5973985451409223,0.011446574245690084,0.28784841427553304,0.27058744379050326,EPHB2/TIE1/SORBS1/VWA2/PTPRE/TBC1D4/IGF1R/TSC2/PRKCB/TRIM72/SOCS7/PDK2/SLC27A1/MERTK/TRIB3/PPARG/SMARCC1/SGCB/HDAC9/YWHAG,20
BP,GO:0099068,postsynapse assembly,9/829,84/18805,0.10714285714285714,2.4304239186627603,2.821601917115348,0.011568007273613597,0.28784841427553304,0.27058744379050326,EPHB2/DOCK1/VPS35/NAE1/RTN4/SHANK3/ELMO1/RELN/PTPRD,9
BP,GO:0045494,photoreceptor cell maintenance,6/829,44/18805,0.13636363636363635,3.093266805570786,2.985236822364599,0.01218242678971276,0.28784841427553304,0.27058744379050326,CLN8/RP1L1/NPHP4/PCDH15/ATP1B2/ADGRV1,6
BP,GO:0098703,calcium ion import across plasma membrane,6/829,44/18805,0.13636363636363635,3.093266805570786,2.985236822364599,0.01218242678971276,0.28784841427553304,0.27058744379050326,TRPM1/CACNA1C/CACNA1S/ATP2B4/NALF1/TRPV1,6
BP,GO:1902656,calcium ion import into cytosol,6/829,44/18805,0.13636363636363635,3.093266805570786,2.985236822364599,0.01218242678971276,0.28784841427553304,0.27058744379050326,TRPM1/CACNA1C/CACNA1S/ATP2B4/NALF1/TRPV1,6
BP,GO:0000381,"regulation of alternative mRNA splicing, via spliceosome",7/829,57/18805,0.12280701754385964,2.7857490529701816,2.8995876459475833,0.012260241397941865,0.28784841427553304,0.27058744379050326,RBM20/ARGLU1/RBFOX3/CELF4/RBM15B/YTHDC1/ARB2A,7
BP,GO:0030865,cortical cytoskeleton organization,7/829,57/18805,0.12280701754385964,2.7857490529701816,2.8995876459475833,0.012260241397941865,0.28784841427553304,0.27058744379050326,PPFIBP1/LLGL1/LLGL2/ROCK2/FMNL2/PLS1/DLG1,7
BP,GO:1903350,response to dopamine,7/829,57/18805,0.12280701754385964,2.7857490529701816,2.8995876459475833,0.012260241397941865,0.28784841427553304,0.27058744379050326,GNB1/RGS8/GNB5/SIN3A/VPS35/GNAO1/COMT,7
BP,GO:0007213,G protein-coupled acetylcholine receptor signaling pathway,4/829,21/18805,0.19047619047619047,4.320753633178241,3.269701607996846,0.01232075826763674,0.28784841427553304,0.27058744379050326,GNB1/RGS8/PRKCB/OPRM1,4
BP,GO:0009048,dosage compensation by inactivation of X chromosome,4/829,21/18805,0.19047619047619047,4.320753633178241,3.269701607996846,0.01232075826763674,0.28784841427553304,0.27058744379050326,PCGF5/RBM15B/YTHDC1/JARID2,4
BP,GO:0032011,ARF protein signal transduction,4/829,21/18805,0.19047619047619047,4.320753633178241,3.269701607996846,0.01232075826763674,0.28784841427553304,0.27058744379050326,CYTH1/MAP4K4/IQSEC1/PSD3,4
BP,GO:0032012,regulation of ARF protein signal transduction,4/829,21/18805,0.19047619047619047,4.320753633178241,3.269701607996846,0.01232075826763674,0.28784841427553304,0.27058744379050326,CYTH1/MAP4K4/IQSEC1/PSD3,4
BP,GO:0061577,calcium ion transmembrane transport via high voltage-gated calcium channel,4/829,21/18805,0.19047619047619047,4.320753633178241,3.269701607996846,0.01232075826763674,0.28784841427553304,0.27058744379050326,CACNA1C/NOS1AP/UBR3/PDE4D,4
BP,GO:0097623,potassium ion export across plasma membrane,4/829,21/18805,0.19047619047619047,4.320753633178241,3.269701607996846,0.01232075826763674,0.28784841427553304,0.27058744379050326,KCNT2/KCNB1/DLG1/KCNIP1,4
BP,GO:0098659,inorganic cation import across plasma membrane,12/829,130/18805,0.09230769230769231,2.093903683770994,2.687672282807035,0.01235450959527831,0.28784841427553304,0.27058744379050326,SLC12A7/TRPM1/CACNA1C/CACNA1S/ATP2B4/ATP12A/NALF1/TRPV1/ATP1B2/KCNJ6/SLC6A1/DLG1,12
BP,GO:0099587,inorganic ion import across plasma membrane,12/829,130/18805,0.09230769230769231,2.093903683770994,2.687672282807035,0.01235450959527831,0.28784841427553304,0.27058744379050326,SLC12A7/TRPM1/CACNA1C/CACNA1S/ATP2B4/ATP12A/NALF1/TRPV1/ATP1B2/KCNJ6/SLC6A1/DLG1,12
BP,GO:0007163,establishment or maintenance of cell polarity,18/829,228/18805,0.07894736842105263,1.7908386769094025,2.580021889480802,0.012448663448816736,0.28784841427553304,0.27058744379050326,DLG5/CLIC4/PARD3/BRSK2/INSC/DLG2/DIAPH3/IGF1R/LLGL1/MYO18A/LLGL2/CYTH1/LAMA1/ROCK2/WDPCP/DLG1/FBXW11/UBXN2B,18
BP,GO:0030010,establishment of cell polarity,14/829,162/18805,0.08641975308641975,1.9603419261642019,2.6362181988907483,0.01255235400810453,0.28784841427553304,0.27058744379050326,PARD3/BRSK2/INSC/DIAPH3/IGF1R/LLGL1/MYO18A/LLGL2/CYTH1/LAMA1/ROCK2/WDPCP/FBXW11/UBXN2B,14
BP,GO:0051494,negative regulation of cytoskeleton organization,14/829,162/18805,0.08641975308641975,1.9603419261642019,2.6362181988907483,0.01255235400810453,0.28784841427553304,0.27058744379050326,SVIL/SSH3/DIAPH3/BBOF1/TMOD2/TMOD3/CGNL1/TAOK1/SSH2/GMFG/DYRK1A/SHANK3/SLIT2/DLC1,14
BP,GO:0007409,axonogenesis,31/829,459/18805,0.06753812636165578,1.5320319254896706,2.478159177889791,0.012563875459157487,0.28784841427553304,0.27058744379050326,EPHB2/LPAR3/LGR6/PARD3/PRKG1/UNC5B/VCL/BRSK2/DSCAML1/PLXNC1/SPG11/SEMA6D/SIN3A/IGF1R/LLGL1/WNT3/PTPRM/AFG3L2/BCL2/RTN4/BMPR2/KALRN/SLIT2/SEMA5A/KIAA0319/LAMA2/SEMA3A/RELN/PLXNA4/MATN2/ANAPC2,31
BP,GO:0010611,regulation of cardiac muscle hypertrophy,8/829,71/18805,0.11267605633802817,2.55593876892234,2.8207349222750433,0.012645444739492683,0.2883634127510481,0.27107156013137784,ATP2B4/PRKCA/ROCK2/PPARG/IL6ST/JARID2/PI16/MLIP,8
BP,GO:0045664,regulation of neuron differentiation,16/829,195/18805,0.08205128205128205,1.86124771890755,2.596139712919326,0.012724772375598813,0.28882274043219636,0.27150334400420867,PROX1/DIXDC1/CDON/B2M/TCF12/SIN3A/MOSMO/SPAG9/MIB1/TCF4/BCL2/JAG1/MMD2/YWHAG/RELN/DMD,16
BP,GO:0010977,negative regulation of neuron projection development,12/829,131/18805,0.0916030534351145,2.0779196861849556,2.658638141703944,0.013073987143327363,0.29537526508998857,0.27766294332661134,PRAG1/EPHB2/CERS2/IL15RA/B2M/SEMA6D/WNT3/RTN4/SLIT2/SEMA5A/KIAA0319/SEMA3A,12
BP,GO:0051961,negative regulation of nervous system development,13/829,147/18805,0.08843537414965986,2.006064186832755,2.6297088588024446,0.013231538278498106,0.2973169807896625,0.27948822309778887,EPHB2/CERS2/PROX1/F2/RNF10/B2M/SEMA6D/WNT3/SIRT2/RTN4/SEMA5A/KIAA0319/SEMA3A,13
BP,GO:0003176,aortic valve development,6/829,45/18805,0.13333333333333333,3.024527543224769,2.919909467916553,0.013546948168657829,0.2973169807896625,0.27948822309778887,TIE1/SMAD2/ROCK2/BMPR2/JAG1/SLIT2,6
BP,GO:0070296,sarcoplasmic reticulum calcium ion transport,6/829,45/18805,0.13333333333333333,3.024527543224769,2.919909467916553,0.013546948168657829,0.2973169807896625,0.27948822309778887,CACNA1C/ZMPSTE24/RYR2/ANK2/PDE4D/DMD,6
BP,GO:1990776,response to angiotensin,6/829,45/18805,0.13333333333333333,3.024527543224769,2.919909467916553,0.013546948168657829,0.2973169807896625,0.27948822309778887,SLC30A10/IGF1R/PRKCA/ROCK2/COMT/ARID1B,6
BP,GO:0090132,epithelium migration,10/829,101/18805,0.09900990099009901,2.245936294473838,2.6961567264033426,0.013589134481622007,0.2973169807896625,0.27948822309778887,PROX1/DOCK1/PLCG2/RTN4/WDPCP/MAP4K4/BMPR2/IQSEC1/CAPN7/RREB1,10
BP,GO:0062042,regulation of cardiac epithelial to mesenchymal transition,3/829,12/18805,0.25,5.670989143546442,3.475820024200054,0.01393211664234744,0.2973169807896625,0.27948822309778887,ACVR1/JAG1/TGFBR1,3
BP,GO:0071233,cellular response to L-leucine,3/829,12/18805,0.25,5.670989143546442,3.475820024200054,0.01393211664234744,0.2973169807896625,0.27948822309778887,RPTOR/EP300/LARS1,3
BP,GO:0072015,podocyte development,3/829,12/18805,0.25,5.670989143546442,3.475820024200054,0.01393211664234744,0.2973169807896625,0.27948822309778887,MYO1E/JAG1/MAGI2,3
BP,GO:0098911,regulation of ventricular cardiac muscle cell action potential,3/829,12/18805,0.25,5.670989143546442,3.475820024200054,0.01393211664234744,0.2973169807896625,0.27948822309778887,CACNA1C/RYR2/DLG1,3
BP,GO:1904779,regulation of protein localization to centrosome,3/829,12/18805,0.25,5.670989143546442,3.475820024200054,0.01393211664234744,0.2973169807896625,0.27948822309778887,RAB11FIP3/MARK4/UBXN2B,3
BP,GO:2000310,regulation of NMDA receptor activity,3/829,12/18805,0.25,5.670989143546442,3.475820024200054,0.01393211664234744,0.2973169807896625,0.27948822309778887,EPHB2/OPRM1/RELN,3
BP,GO:2000321,positive regulation of T-helper 17 cell differentiation,3/829,12/18805,0.25,5.670989143546442,3.475820024200054,0.01393211664234744,0.2973169807896625,0.27948822309778887,IL12RB1/EP300/BRD2,3
BP,GO:0010880,regulation of release of sequestered calcium ion into cytosol by sarcoplasmic reticulum,5/829,33/18805,0.15151515151515152,3.436963117300874,3.008891381259699,0.014002748822314141,0.2973169807896625,0.27948822309778887,CACNA1C/RYR2/ANK2/PDE4D/DMD,5
BP,GO:0007599,hemostasis,19/829,248/18805,0.07661290322580645,1.73788376979649,2.511977651402338,0.014012890488037373,0.2973169807896625,0.27948822309778887,ITPK1/EPHB2/PRKG1/VCL/F2/FLI1/VWF/RASA3/RAB27A/ADAMTS18/PLCG2/PRKCA/MERTK/PROC/PRSS56/SCUBE1/IL6ST/PPIA/VAV2,19
BP,GO:0009306,protein secretion,26/829,372/18805,0.06989247311827956,1.5854378250774996,2.4491201640766596,0.01420788368254345,0.2988554843569484,0.2809344695486586,ZBED6/MCU/BRSK2/BMAL1/F2/ANO1/SNX19/LTBP2/RAB27A/RAB11FIP3/PRKCB/VPS35/GNAO1/MYO18A/PRKCA/MYOM1/SMAD2/KCNB1/COMT/AP1B1/PLA2G6/PPARG/OPRM1/PPIA/RAB11FIP1/VPS13A,26
BP,GO:0050767,regulation of neurogenesis,26/829,372/18805,0.06989247311827956,1.5854378250774996,2.4491201640766596,0.01420788368254345,0.2988554843569484,0.2809344695486586,EPHB2/LRP8/LPAR3/CERS2/PROX1/BMAL1/F2/CDON/PLXNC1/RNF10/B2M/SEMA6D/WNT3/SIRT2/RTN4/BMPR2/SHANK3/SLIT2/SEMA5A/IL6ST/KIAA0319/OPRM1/SEMA3A/RELN/PTPRD/ANAPC2,26
BP,GO:0043279,response to alkaloid,10/829,102/18805,0.09803921568627451,2.2239173111946826,2.6616588069189002,0.014491596260802403,0.3022179049261356,0.2840952609292707,CACNA1S/RYR2/RAD51/IGF1R/TRPV1/COMT/SLC6A1/DHX15/OPRM1/SPIDR,10
BP,GO:0048640,negative regulation of developmental growth,10/829,102/18805,0.09803921568627451,2.2239173111946826,2.6616588069189002,0.014491596260802403,0.3022179049261356,0.2840952609292707,SEMA6D/WNT3/SPAG9/RTN4/WWC2/SEMA5A/JARID2/KIAA0319/PI16/SEMA3A,10
BP,GO:0086009,membrane repolarization,7/829,59/18805,0.11864406779661017,2.6913168816830573,2.794168163636649,0.01467416026838693,0.3034317886005433,0.2852363534773873,YWHAE/ZMPSTE24/NOS1AP/ATP1B2/DLG1/ANK2/KCNIP1,7
BP,GO:1901019,regulation of calcium ion transmembrane transporter activity,7/829,59/18805,0.11864406779661017,2.6913168816830573,2.794168163636649,0.01467416026838693,0.3034317886005433,0.2852363534773873,NOS1AP/AHNAK/CRACR2A/GNB5/STIM2/ANK2/DMD,7
BP,GO:0095500,acetylcholine receptor signaling pathway,6/829,46/18805,0.13043478260869565,2.9587769444590126,2.8563729691020048,0.015014690571158172,0.3085766147009885,0.29007266757267214,GNB1/RGS8/PRKCB/LARGE1/OPRM1/CHRNB3,6
BP,GO:0032970,regulation of actin filament-based process,27/829,392/18805,0.06887755102040816,1.5624153762832032,2.416538949415901,0.015049433257958046,0.3085766147009885,0.29007266757267214,CACNA1C/ARHGAP17/PROX1/RYR2/SVIL/SSH3/DIXDC1/TMOD2/TMOD3/CGNL1/TAOK1/SSH2/GMFG/ROCK2/NCK2/ABI2/PREX1/BAIAP2L2/CELSR1/SHANK3/DLG1/SLIT2/ANK2/SEMA5A/PDE4D/DLC1/TGFBR1,27
BP,GO:0030324,lung development,16/829,199/18805,0.08040201005025126,1.823835704457147,2.508975940744826,0.015192299402707991,0.31020259868290795,0.2916011486324661,DLG5/ERRFI1/PROX1/ABCA3/MOSMO/ODAD4/LAMA1/SMAD2/CCBE1/EPAS1/HS6ST1/BMPR2/EP300/CELSR1/HIPK2/ZFPM2,16
BP,GO:0009132,nucleoside diphosphate metabolic process,12/829,134/18805,0.08955223880597014,2.03139909619574,2.573067699726077,0.015425316743900724,0.31364810712598135,0.29484004548210246,AK4/AK5/MAGI3/PFKP/OGDHL/ACTN3/DLG2/RPTOR/HDAC4/EP300/ZBTB20/DLG1,12
BP,GO:0035592,establishment of protein localization to extracellular region,26/829,375/18805,0.06933333333333333,1.5727543224768796,2.405897930052939,0.015590910365769761,0.3156997617633047,0.29676867164893916,ZBED6/MCU/BRSK2/BMAL1/F2/ANO1/SNX19/LTBP2/RAB27A/RAB11FIP3/PRKCB/VPS35/GNAO1/MYO18A/PRKCA/MYOM1/SMAD2/KCNB1/COMT/AP1B1/PLA2G6/PPARG/OPRM1/PPIA/RAB11FIP1/VPS13A,26
BP,GO:0002363,alpha-beta T cell lineage commitment,5/829,34/18805,0.14705882352941177,3.3358759667920244,2.927530233446825,0.015836815008287798,0.31657021361562654,0.29758692643160056,BCL2/IL12RB1/EP300/IL6ST/BRD2,5
BP,GO:0018198,peptidyl-cysteine modification,5/829,34/18805,0.14705882352941177,3.3358759667920244,2.927530233446825,0.015836815008287798,0.31657021361562654,0.29758692643160056,NOS1AP/ATP2B4/RAB6A/ZDHHC21/DMD,5
BP,GO:0014743,regulation of muscle hypertrophy,8/829,74/18805,0.10810810810810811,2.4523196296417047,2.6881496485795053,0.01597882685468699,0.31657021361562654,0.29758692643160056,ATP2B4/PRKCA/ROCK2/PPARG/IL6ST/JARID2/PI16/MLIP,8
BP,GO:0050881,musculoskeletal movement,7/829,60/18805,0.11666666666666667,2.6464616003216723,2.7430919519393617,0.01600016878687282,0.31657021361562654,0.29758692643160056,CLN8/VTI1A/ACTN3/VPS35/GIGYF2/HIPK2/DMD,7
BP,GO:0060998,regulation of dendritic spine development,7/829,60/18805,0.11666666666666667,2.6464616003216723,2.7430919519393617,0.01600016878687282,0.31657021361562654,0.29758692643160056,DLG5/EPHB2/LRP8/TANC2/SHANK3/RELN/PTPRD,7
BP,GO:1902904,negative regulation of supramolecular fiber organization,14/829,167/18805,0.08383233532934131,1.9016490541233573,2.5133442073204253,0.01602312351702044,0.31657021361562654,0.29758692643160056,SVIL/SSH3/DIAPH3/BBOF1/TMOD2/TMOD3/CGNL1/TAOK1/SSH2/GMFG/DYRK1A/SHANK3/SLIT2/DLC1,14
BP,GO:1903522,regulation of blood circulation,20/829,269/18805,0.07434944237918216,1.686539522244295,2.4355078286742757,0.01608894354068186,0.31658888902632043,0.2976044819621882,YWHAE/CACNA1C/ZMPSTE24/NOS1AP/ATP2B4/RYR2/ARHGAP42/GNAO1/TRPV1/ATP1B2/EPAS1/BMPR2/MYL3/DLG1/ANK2/PDE4D/KCNIP1/TBXAS1/ZDHHC21/DMD,20
BP,GO:0007179,transforming growth factor beta receptor signaling pathway,19/829,252/18805,0.07539682539682539,1.7102983131330536,2.4377537781975214,0.016336595949717203,0.3201710370868271,0.300971824767988,TET1/ZMIZ1/BCL9L/ACVRL1/USP15/CHST11/ERO1A/LTBP2/PML/SIN3A/SMAD2/ACVR1/EP300/PPARG/NPNT/ITGB8/HIPK2/INTS9/TGFBR1,19
BP,GO:0010830,regulation of myotube differentiation,6/829,47/18805,0.1276595744680851,2.8958242435130765,2.7945352535861283,0.016589179922789386,0.3238207920928488,0.3044027204358575,ACTN3/TRIM72/BCL2/HDAC4/NLN/HDAC9,6
BP,GO:0048592,eye morphogenesis,14/829,168/18805,0.08333333333333333,1.8903297145154805,2.489277783840775,0.016797709298227066,0.3239902306623643,0.3045619985389525,SAMD11/EPHB2/PROX1/CDON/KDM2B/PTPRM/BCL2/EFEMP1/COL5A2/ABI2/JAG1/LARGE1/TFAP2A/HIPK2,14
BP,GO:0007549,sex-chromosome dosage compensation,4/829,23/18805,0.17391304347826086,3.9450359259453505,3.0348655356946828,0.01700560192724048,0.3239902306623643,0.3045619985389525,PCGF5/RBM15B/YTHDC1/JARID2,4
BP,GO:0010881,regulation of cardiac muscle contraction by regulation of the release of sequestered calcium ion,4/829,23/18805,0.17391304347826086,3.9450359259453505,3.0348655356946828,0.01700560192724048,0.3239902306623643,0.3045619985389525,CACNA1C/RYR2/ANK2/DMD,4
BP,GO:0032891,negative regulation of organic acid transport,4/829,23/18805,0.17391304347826086,3.9450359259453505,3.0348655356946828,0.01700560192724048,0.3239902306623643,0.3045619985389525,SLC43A2/PRKG1/SLC43A1/GRM7,4
BP,GO:1900273,positive regulation of long-term synaptic potentiation,4/829,23/18805,0.17391304347826086,3.9450359259453505,3.0348655356946828,0.01700560192724048,0.3239902306623643,0.3045619985389525,SQSTM1/EPHB2/SHANK3/RELN,4
BP,GO:0021879,forebrain neuron differentiation,8/829,75/18805,0.10666666666666667,2.4196220345798154,2.645393800507422,0.017219102333656085,0.3239902306623643,0.3045619985389525,PROX1/ZMIZ1/B2M/SIN3A/SHANK3/SLIT2/DCLK2/LHX6,8
BP,GO:0032409,regulation of transporter activity,16/829,202/18805,0.07920792079207921,1.7967490355790707,2.4449027834585166,0.017274791834918046,0.3239902306623643,0.3045619985389525,EPHB2/NOS1AP/CNIH3/AHNAK/CRACR2A/GNB5/ATP1B2/BCL2/ACTN4/KCNAB1/STIM2/ANK2/UTRN/OPRM1/RELN/DMD,16
BP,GO:0010563,negative regulation of phosphorus metabolic process,20/829,271/18805,0.07380073800738007,1.6740927361022704,2.40035551874861,0.017297497585219132,0.3239902306623643,0.3045619985389525,ERRFI1/EPHB2/PARD3/PRKG1/ACTN3/NTF3/TSC2/SRCIN1/SLC27A1/SIRT2/HDAC4/TRIB3/PREX1/WWTR1/SLIT2/PDE4D/PPIA/YWHAG/DNAJA1/DMD,20
BP,GO:0045936,negative regulation of phosphate metabolic process,20/829,271/18805,0.07380073800738007,1.6740927361022704,2.40035551874861,0.017297497585219132,0.3239902306623643,0.3045619985389525,ERRFI1/EPHB2/PARD3/PRKG1/ACTN3/NTF3/TSC2/SRCIN1/SLC27A1/SIRT2/HDAC4/TRIB3/PREX1/WWTR1/SLIT2/PDE4D/PPIA/YWHAG/DNAJA1/DMD,20
BP,GO:0071867,response to monoamine,7/829,61/18805,0.11475409836065574,2.603076983922957,2.6930475109979755,0.017408903007958294,0.3239902306623643,0.3045619985389525,GNB1/RGS8/GNB5/SIN3A/VPS35/GNAO1/COMT,7
BP,GO:0071869,response to catecholamine,7/829,61/18805,0.11475409836065574,2.603076983922957,2.6930475109979755,0.017408903007958294,0.3239902306623643,0.3045619985389525,GNB1/RGS8/GNB5/SIN3A/VPS35/GNAO1/COMT,7
BP,GO:0021559,trigeminal nerve development,3/829,13/18805,0.23076923076923078,5.234759209427485,3.2799690995343673,0.017527340347308233,0.3239902306623643,0.3045619985389525,TFAP2A/SEMA3A/PLXNA4,3
BP,GO:0034498,early endosome to Golgi transport,3/829,13/18805,0.23076923076923078,5.234759209427485,3.2799690995343673,0.017527340347308233,0.3239902306623643,0.3045619985389525,RAB6A/SNX1/SNX8,3
BP,GO:0072310,glomerular epithelial cell development,3/829,13/18805,0.23076923076923078,5.234759209427485,3.2799690995343673,0.017527340347308233,0.3239902306623643,0.3045619985389525,MYO1E/JAG1/MAGI2,3
BP,GO:0007212,G protein-coupled dopamine receptor signaling pathway,5/829,35/18805,0.14285714285714285,3.2405652248836803,2.8491501283623446,0.017824177639560807,0.3245596525412565,0.30509727475728987,GNB1/RGS8/GNB5/VPS35/GNAO1,5
BP,GO:0048048,embryonic eye morphogenesis,5/829,35/18805,0.14285714285714285,3.2405652248836803,2.8491501283623446,0.017824177639560807,0.3245596525412565,0.30509727475728987,PROX1/KDM2B/EFEMP1/TFAP2A/HIPK2,5
BP,GO:0050775,positive regulation of dendrite morphogenesis,5/829,35/18805,0.14285714285714285,3.2405652248836803,2.8491501283623446,0.017824177639560807,0.3245596525412565,0.30509727475728987,EPHB2/LRP8/RELN/PTPRD/ANAPC2,5
BP,GO:0086005,ventricular cardiac muscle cell action potential,5/829,35/18805,0.14285714285714285,3.2405652248836803,2.8491501283623446,0.017824177639560807,0.3245596525412565,0.30509727475728987,CACNA1C/NOS1AP/RYR2/DLG1/ANK2,5
BP,GO:0007188,adenylate cyclase-modulating G protein-coupled receptor signaling pathway,20/829,272/18805,0.07352941176470588,1.6679379833960122,2.3828877630023646,0.01792777596943466,0.325232515728034,0.30572978937505874,GABBR1/GNB1/ADGRL2/LPAR3/ATP2B4/PDE3A/ADGRD1/ADCY7/GNAO1/ADGRG3/PRKCA/ADGRE2/RAMP1/GRM7/PDE4D/ARRDC3/GRM1/OPRM1/GRM8/VIPR2,20
BP,GO:0030323,respiratory tube development,16/829,203/18805,0.07881773399014778,1.7878980551082377,2.4237849484692093,0.018015662535569302,0.3256164191614007,0.3060906718518948,DLG5/ERRFI1/PROX1/ABCA3/MOSMO/ODAD4/LAMA1/SMAD2/CCBE1/EPAS1/HS6ST1/BMPR2/EP300/CELSR1/HIPK2/ZFPM2,16
BP,GO:0051960,regulation of nervous system development,30/829,454/18805,0.06607929515418502,1.4989398617303369,2.311011560603622,0.018267735297929362,0.32785355219116014,0.30819365410894645,DLG5/EPHB2/LRP8/LPAR3/CERS2/PROX1/PARD3/BMAL1/F2/CDON/PLXNC1/RNF10/B2M/SEMA6D/WNT3/SIRT2/RTN4/BMPR2/SHANK3/DLG1/SLIT2/SEMA5A/IL6ST/KIAA0319/OPRM1/SEMA3A/RELN/PTPRD/ANAPC2/SRPX2,30
BP,GO:1902622,regulation of neutrophil migration,6/829,48/18805,0.125,2.835494571773221,2.7343108814667385,0.018273804548359744,0.32785355219116014,0.30819365410894645,MCU/DAPK2/RTN4/IL1R1/DPP4/SLIT2,6
BP,GO:0000380,"alternative mRNA splicing, via spliceosome",8/829,76/18805,0.10526315789473684,2.38778490254587,2.6033197713820093,0.01852709126024785,0.32804592043469705,0.30837448689698227,SFPQ/RBM20/ARGLU1/RBFOX3/CELF4/RBM15B/YTHDC1/ARB2A,8
BP,GO:0050795,regulation of behavior,8/829,76/18805,0.10526315789473684,2.38778490254587,2.6033197713820093,0.01852709126024785,0.32804592043469705,0.30837448689698227,PER3/EPHB2/LEPR/VPS35/CNTNAP4/TTC21B/ARRDC3/RELN,8
BP,GO:0060560,developmental growth involved in morphogenesis,18/829,238/18805,0.07563025210084033,1.715593354350184,2.385831483846472,0.018538817391416308,0.32804592043469705,0.30837448689698227,LPAR3/PRKG1/VCL/SPG11/SEMA6D/SIN3A/WNT3/SPAG9/ITSN2/RTN4/BMPR2/SLIT2/SEMA5A/KIAA0319/CPNE5/SEMA3A/PLXNA4/ANAPC2,18
BP,GO:0090130,tissue migration,10/829,106/18805,0.09433962264150944,2.1399959032250724,2.5275682379866793,0.01855341681147057,0.32804592043469705,0.30837448689698227,PROX1/DOCK1/PLCG2/RTN4/WDPCP/MAP4K4/BMPR2/IQSEC1/CAPN7/RREB1,10
BP,GO:0043484,regulation of RNA splicing,15/829,187/18805,0.08021390374331551,1.819568709159286,2.4187752493872043,0.01869789521682643,0.32940696266466785,0.3096539135661394,TAF5L/RBM20/AHNAK/ARGLU1/CLK3/RBFOX3/CELF4/HNRNPLL/RBM39/DYRK1A/RBM15B/MBNL1/YTHDC1/ARB2A/SRPK1,15
BP,GO:0003179,heart valve morphogenesis,7/829,62/18805,0.11290322580645161,2.561091871279038,2.6439948891018745,0.018902799156377128,0.3294487852968585,0.3096932282838027,TIE1/SMAD2/ROCK2/ACVR1/BMPR2/JAG1/SLIT2,7
BP,GO:0050879,multicellular organismal movement,7/829,62/18805,0.11290322580645161,2.561091871279038,2.6439948891018745,0.018902799156377128,0.3294487852968585,0.3096932282838027,CLN8/VTI1A/ACTN3/VPS35/GIGYF2/HIPK2/DMD,7
BP,GO:0140719,constitutive heterochromatin formation,7/829,62/18805,0.11290322580645161,2.561091871279038,2.6439948891018745,0.018902799156377128,0.3294487852968585,0.3096932282838027,SPOCD1/KMT2A/PPHLN1/PPM1D/TDRD12/SIRT2/EHMT1,7
BP,GO:0022411,cellular component disassembly,30/829,456/18805,0.06578947368421052,1.4923655640911688,2.285702738984361,0.019276597817409483,0.3347679620959369,0.31469343805308303,ZMPSTE24/SVIL/PLXNC1/DIAPH3/BBOF1/TMOD2/TMOD3/IGF1R/PRKCB/MMP15/TAOK1/PRKCA/PIK3C3/ATAD2B/MAP4K4/NCKAP5/DPP4/GIGYF2/MAP1LC3A/MICAL3/IQSEC1/EXOG/SMARCC1/DNASE1L3/SEMA5A/SH3PXD2B/PLIN2/TGFBR1/STX17/MRRF,30
BP,GO:0071772,response to BMP,15/829,188/18805,0.0797872340425532,1.809890152195673,2.3966579178567753,0.01952386641468155,0.3348832392743773,0.3148018025793219,NFIA/HJV/ACVRL1/USP15/CTDSPL2/PCSK6/ZNF423/SMAD2/ACVR1/BMPR2/PPARG/RGMB/HIPK2/TGFBR1/XIAP,15
BP,GO:0071773,cellular response to BMP stimulus,15/829,188/18805,0.0797872340425532,1.809890152195673,2.3966579178567753,0.01952386641468155,0.3348832392743773,0.3148018025793219,NFIA/HJV/ACVRL1/USP15/CTDSPL2/PCSK6/ZNF423/SMAD2/ACVR1/BMPR2/PPARG/RGMB/HIPK2/TGFBR1/XIAP,15
BP,GO:0003177,pulmonary valve development,4/829,24/18805,0.16666666666666666,3.780659429030961,2.92718331992252,0.019711895093523307,0.3348832392743773,0.3148018025793219,SMAD2/BMPR2/JAG1/SLIT2,4
BP,GO:0032528,microvillus organization,4/829,24/18805,0.16666666666666666,3.780659429030961,2.92718331992252,0.019711895093523307,0.3348832392743773,0.3148018025793219,ESPN/GLDN/PLS1/PLD1,4
BP,GO:0048015,phosphatidylinositol-mediated signaling,4/829,24/18805,0.16666666666666666,3.780659429030961,2.92718331992252,0.019711895093523307,0.3348832392743773,0.3148018025793219,PLCE1/PIK3C2G/PLCG2/PIK3C3,4
BP,GO:0086064,cell communication by electrical coupling involved in cardiac conduction,4/829,24/18805,0.16666666666666666,3.780659429030961,2.92718331992252,0.019711895093523307,0.3348832392743773,0.3148018025793219,CACNA1C/RYR2/ATP1B2/PDE4D,4
BP,GO:0071692,protein localization to extracellular region,26/829,383/18805,0.06788511749347259,1.5399030572554306,2.29246461836371,0.019807692414132223,0.3348832392743773,0.3148018025793219,ZBED6/MCU/BRSK2/BMAL1/F2/ANO1/SNX19/LTBP2/RAB27A/RAB11FIP3/PRKCB/VPS35/GNAO1/MYO18A/PRKCA/MYOM1/SMAD2/KCNB1/COMT/AP1B1/PLA2G6/PPARG/OPRM1/PPIA/RAB11FIP1/VPS13A,26
BP,GO:0019934,cGMP-mediated signaling,5/829,36/18805,0.1388888888888889,3.1505495241924675,2.7735499282277147,0.019969471850172907,0.3348832392743773,0.3148018025793219,ATP2B4/PRKG1/PDE3A/CGAS/PDE10A,5
BP,GO:0043369,"CD4-positive or CD8-positive, alpha-beta T cell lineage commitment",5/829,36/18805,0.1388888888888889,3.1505495241924675,2.7735499282277147,0.019969471850172907,0.3348832392743773,0.3148018025793219,BCL2/IL12RB1/EP300/IL6ST/BRD2,5
BP,GO:0086004,regulation of cardiac muscle cell contraction,5/829,36/18805,0.1388888888888889,3.1505495241924675,2.7735499282277147,0.019969471850172907,0.3348832392743773,0.3148018025793219,CACNA1C/RYR2/DLG1/ANK2/PDE4D,5
BP,GO:1905314,semi-lunar valve development,6/829,49/18805,0.12244897959183673,2.7776273356145835,2.6756204389905087,0.020071804657068253,0.3350387830587577,0.31494801910484604,TIE1/SMAD2/ROCK2/BMPR2/JAG1/SLIT2,6
BP,GO:0090092,regulation of transmembrane receptor protein serine/threonine kinase signaling pathway,23/829,329/18805,0.06990881458966565,1.5858085143047798,2.30200100323855,0.02017158616470822,0.3350387830587577,0.31494801910484604,HJV/TET1/BCL9L/ACVRL1/USP15/CHST11/CTDSPL2/SIN3A/PCSK6/ZNF423/SMAD2/ACVR1/BMPR2/EP300/PPARG/NPNT/KIAA0319/MAGI2/HIPK2/INTS9/ZC3H3/TGFBR1/XIAP,23
BP,GO:0043087,regulation of GTPase activity,14/829,172/18805,0.08139534883720931,1.846368558363958,2.39462884586251,0.02018471356952352,0.3350387830587577,0.31494801910484604,RGS8/PRKG1/ARHGAP42/NTF3/DOCK9/GNB5/MAP4K4/ITGA6/RALGAPA2/SNX18/LARS1/ADAP1/RABGAP1/VAV2,14
BP,GO:0016055,Wnt signaling pathway,31/829,477/18805,0.0649895178197065,1.474219399999494,2.2528735954974044,0.020477107267840494,0.33657572083383275,0.316392793656998,NPHP4/PTPRU/RNF220/TRABD2B/LGR6/BMAL1/FRMD8/DIXDC1/BCL9L/WIF1/TSC2/VPS35/PLCG2/WNT3/RNF213/PLEKHA4/ATP6V1C2/USP34/LYPD6/TTC21B/CELSR1/WWTR1/SEMA5A/FBXW11/MAGI2/MDFIC/SOX7/UBR5/INVS/DDX3X/XIAP,31
BP,GO:0051893,regulation of focal adhesion assembly,7/829,63/18805,0.1111111111111111,2.520439619353974,2.5958963191791367,0.02048421907533777,0.33657572083383275,0.316392793656998,VCL/ACVRL1/PEAK1/ROCK2/WDPCP/MAP4K4/DLC1,7
BP,GO:0090109,regulation of cell-substrate junction assembly,7/829,63/18805,0.1111111111111111,2.520439619353974,2.5958963191791367,0.02048421907533777,0.33657572083383275,0.316392793656998,VCL/ACVRL1/PEAK1/ROCK2/WDPCP/MAP4K4/DLC1,7
BP,GO:2000146,negative regulation of cell motility,27/829,403/18805,0.06699751861042183,1.5197688027370115,2.2650931968781736,0.020737484670323894,0.3387316908650498,0.31841947989428104,DLG5/CLIC4/PTPRU/TIE1/PODN/CERS2/ATP2B4/PRKG1/TET1/VCL/ACVRL1/STARD13/FRMD5/SEMA6D/SIN3A/ATP1B2/CYGB/PTPRM/BCL2/DPP4/JAG1/PPARG/SLIT2/MCTP1/MAGI2/DLC1/TGFBR1,27
BP,GO:0007596,blood coagulation,18/829,241/18805,0.07468879668049792,1.6942374204786048,2.329360020948186,0.020754257288657763,0.3387316908650498,0.31841947989428104,ITPK1/EPHB2/PRKG1/VCL/F2/VWF/RASA3/RAB27A/ADAMTS18/PLCG2/PRKCA/MERTK/PROC/PRSS56/SCUBE1/IL6ST/PPIA/VAV2,18
BP,GO:0030168,platelet activation,12/829,140/18805,0.08571428571428572,1.9443391349302086,2.4084290972138445,0.021071273632632295,0.342759384424152,0.32220565084565456,PRKG1/VCL/F2/VWF/RASA3/ADAMTS18/PLCG2/PRKCA/MERTK/IL6ST/PPIA/VAV2,12
BP,GO:0043500,muscle adaptation,11/829,124/18805,0.08870967741935484,2.0122864702906726,2.4286787421205216,0.02115844023576757,0.34303384834068357,0.32246365639963304,CACNA1S/ATP2B4/ACTN3/PRKCA/ROCK2/HDAC4/PPARG/IL6ST/JARID2/PI16/MLIP,11
BP,GO:0015803,branched-chain amino acid transport,3/829,14/18805,0.21428571428571427,4.860847837325521,3.1033275295861165,0.021589481191009705,0.3454316990561553,0.3247177188280252,SLC43A2/SLC43A1/LLGL2,3
BP,GO:0038180,nerve growth factor signaling pathway,3/829,14/18805,0.21428571428571427,4.860847837325521,3.1033275295861165,0.021589481191009705,0.3454316990561553,0.3247177188280252,NTF3/KIDINS220/MAGI2,3
BP,GO:0051775,response to redox state,3/829,14/18805,0.21428571428571427,4.860847837325521,3.1033275295861165,0.021589481191009705,0.3454316990561553,0.3247177188280252,RYR2/BMAL1/SIRT2,3
BP,GO:0140718,facultative heterochromatin formation,3/829,14/18805,0.21428571428571427,4.860847837325521,3.1033275295861165,0.021589481191009705,0.3454316990561553,0.3247177188280252,SIRT2/JARID2/EHMT1,3
BP,GO:0030308,negative regulation of cell growth,14/829,174/18805,0.08045977011494253,1.8251459312563258,2.3482436714582784,0.022059973475047828,0.3491166236486523,0.3281816751209721,ACVRL1/SEMA6D/PML/WNT3/SPAG9/BCL2/RTN4/BMPR2/SLIT2/SEMA5A/KIAA0319/PI16/SEMA3A/DDX3X,14
BP,GO:0045785,positive regulation of cell adhesion,32/829,499/18805,0.06412825651302605,1.4546825859197283,2.2106384622896735,0.02219331763083738,0.3491166236486523,0.3281816751209721,PTPRU/ZMIZ1/DOCK1/ZBTB16/FRMD5/B2M/NFAT5/CDH13/SKAP1/PRKCA/LAMA1/IL12RB1/IL4I1/MAP4K4/NCK2/DPP4/ITGA6/PREX1/EP300/SMARCC1/MAGI1/NPNT/MYO10/IL6ST/RREB1/BRD2/LAMA2/UTRN/ARID1B/YWHAG/COL26A1/GCNT1,32
BP,GO:0003230,cardiac atrium development,5/829,37/18805,0.13513513513513514,3.0653995370521305,2.7005473527171713,0.022276971860062333,0.3491166236486523,0.3281816751209721,PROX1/IGF1R/ACVR1/BMPR2/ANK2,5
BP,GO:0010614,negative regulation of cardiac muscle hypertrophy,5/829,37/18805,0.13513513513513514,3.0653995370521305,2.7005473527171713,0.022276971860062333,0.3491166236486523,0.3281816751209721,ATP2B4/PPARG/JARID2/PI16/MLIP,5
BP,GO:0010770,positive regulation of cell morphogenesis,5/829,37/18805,0.13513513513513514,3.0653995370521305,2.7005473527171713,0.022276971860062333,0.3491166236486523,0.3281816751209721,EPHB2/LRP8/RELN/PTPRD/ANAPC2,5
BP,GO:1904385,cellular response to angiotensin,5/829,37/18805,0.13513513513513514,3.0653995370521305,2.7005473527171713,0.022276971860062333,0.3491166236486523,0.3281816751209721,SLC30A10/IGF1R/PRKCA/ROCK2/ARID1B,5
BP,GO:0071375,cellular response to peptide hormone stimulus,25/829,369/18805,0.06775067750677506,1.53685342643535,2.2366159594384034,0.022483808078410206,0.3491166236486523,0.3281816751209721,EPHB2/TIE1/SLC30A10/SORBS1/VWA2/PTPRE/TBC1D4/IGF1R/TSC2/PRKCB/TRIM72/SOCS7/PDK2/PRKCA/SLC27A1/ROCK2/MERTK/TRIB3/PPARG/SMARCC1/SGCB/ARID1B/HDAC9/YWHAG/LEPROTL1,25
BP,GO:0010842,retina layer formation,4/829,25/18805,0.16,3.629433051869723,2.825141370722581,0.022668938311594736,0.3491166236486523,0.3281816751209721,PTPRM/LARGE1/TFAP2A/HIPK2,4
BP,GO:0031365,N-terminal protein amino acid modification,4/829,25/18805,0.16,3.629433051869723,2.825141370722581,0.022668938311594736,0.3491166236486523,0.3281816751209721,NMT1/EP300/NAA50/NTMT1,4
BP,GO:0072540,T-helper 17 cell lineage commitment,4/829,25/18805,0.16,3.629433051869723,2.825141370722581,0.022668938311594736,0.3491166236486523,0.3281816751209721,IL12RB1/EP300/IL6ST/BRD2,4
BP,GO:1901983,regulation of protein acetylation,4/829,25/18805,0.16,3.629433051869723,2.825141370722581,0.022668938311594736,0.3491166236486523,0.3281816751209721,BMAL1/PML/TAOK1/DDX3X,4
BP,GO:0060541,respiratory system development,17/829,226/18805,0.0752212389380531,1.7063153175272479,2.2940217633485127,0.02271798641292281,0.3491166236486523,0.3281816751209721,DLG5/ERRFI1/PROX1/ABCA3/MOSMO/ODAD4/LAMA1/SMAD2/CCBE1/EPAS1/WDPCP/HS6ST1/BMPR2/EP300/CELSR1/HIPK2/ZFPM2,17
BP,GO:0140115,export across plasma membrane,9/829,94/18805,0.09574468085106383,2.171868182634807,2.445963923367531,0.022749812770547426,0.3491166236486523,0.3281816751209721,YWHAE/KCNT2/SLC30A10/ATP12A/ATP1B2/SLC27A1/KCNB1/DLG1/KCNIP1,9
BP,GO:0030336,negative regulation of cell migration,26/829,388/18805,0.06701030927835051,1.5200589456928604,2.2228740033959604,0.022867653195409968,0.3498249140865224,0.3288474925774514,DLG5/CLIC4/PTPRU/TIE1/PODN/CERS2/ATP2B4/PRKG1/TET1/VCL/ACVRL1/STARD13/SEMA6D/SIN3A/ATP1B2/CYGB/PTPRM/BCL2/DPP4/JAG1/PPARG/SLIT2/MCTP1/MAGI2/DLC1/TGFBR1,26
BP,GO:0090398,cellular senescence,10/829,110/18805,0.09090909090909091,2.0621778703805242,2.3993119312277904,0.023395224572059437,0.3567771747239064,0.3353828575165626,ZMPSTE24/YBX1/ZMIZ1/BMAL1/B2M/PML/IGF1R/FZR1/CGAS/MAP3K5,10
BP,GO:0001933,negative regulation of protein phosphorylation,16/829,210/18805,0.0761904761904762,1.7283014532712966,2.2791798117424045,0.023904501116035017,0.3621543116762144,0.34043755183022917,ERRFI1/EPHB2/PARD3/NTF3/TSC2/SRCIN1/SIRT2/TRIB3/PREX1/WWTR1/SLIT2/PDE4D/PPIA/YWHAG/DNAJA1/DMD,16
BP,GO:1902305,regulation of sodium ion transmembrane transport,6/829,51/18805,0.11764705882352941,2.6687007734336197,2.5625506387809756,0.0240200942651563,0.3621543116762144,0.34043755183022917,ATP2B4/ATP1B2/ACTN4/DLG1/UTRN/DMD,6
BP,GO:0007254,JNK cascade,15/829,193/18805,0.07772020725388601,1.7630018062838677,2.2880396989833467,0.02407592222637473,0.3621543116762144,0.34043755183022917,MFHAS1/CRACR2A/IGF1R/MAPK8IP3/TAOK1/MAP4K4/ITCH/MAP1LC3A/MAP3K5/NOD1/SEMA3A/MDFIC/HIPK2/DNAJA1/XIAP,15
BP,GO:0048024,"regulation of mRNA splicing, via spliceosome",10/829,111/18805,0.09009009009009009,2.043599691368087,2.3681007155802156,0.024736146854253106,0.3621543116762144,0.34043755183022917,RBM20/ARGLU1/RBFOX3/CELF4/RBM39/DYRK1A/RBM15B/YTHDC1/ARB2A/SRPK1,10
BP,GO:0006699,bile acid biosynthetic process,5/829,38/18805,0.13157894736842105,2.9847311281823377,2.629976750646019,0.024750579203583617,0.3621543116762144,0.34043755183022917,ERRFI1/PROX1/SLC27A2/OSBPL6/OSBPL3,5
BP,GO:0014808,release of sequestered calcium ion into cytosol by sarcoplasmic reticulum,5/829,38/18805,0.13157894736842105,2.9847311281823377,2.629976750646019,0.024750579203583617,0.3621543116762144,0.34043755183022917,CACNA1C/RYR2/ANK2/PDE4D/DMD,5
BP,GO:0035640,exploration behavior,5/829,38/18805,0.13157894736842105,2.9847311281823377,2.629976750646019,0.024750579203583617,0.3621543116762144,0.34043755183022917,KMT2A/ABTB3/DPP4/COMT/VPS13A,5
BP,GO:1900181,negative regulation of protein localization to nucleus,5/829,38/18805,0.13157894736842105,2.9847311281823377,2.629976750646019,0.024750579203583617,0.3621543116762144,0.34043755183022917,MFHAS1/SIN3A/DCLK2/ILRUN/MDFIC,5
BP,GO:0050817,coagulation,18/829,246/18805,0.07317073170731707,1.659801700550178,2.2369668849438678,0.02489079223953276,0.3621543116762144,0.34043755183022917,ITPK1/EPHB2/PRKG1/VCL/F2/VWF/RASA3/RAB27A/ADAMTS18/PLCG2/PRKCA/MERTK/PROC/PRSS56/SCUBE1/IL6ST/PPIA/VAV2,18
BP,GO:0043161,proteasome-mediated ubiquitin-dependent protein catabolic process,30/829,467/18805,0.06423982869379015,1.4572134844230684,2.148608766260046,0.02563890307222338,0.3621543116762144,0.34043755183022917,RYBP/SPSB1/UBR4/FAF1/ANAPC16/BMAL1/PSMA1/RNF10/HERC2/PML/TRIM72/SOCS7/FBXL20/FZR1/SIRT2/UBR3/TRIB3/ITCH/SMARCC1/WWTR1/UBXN7/MAEA/KLHL2/FBXL7/FBXW11/FBXL13/UBXN2B/UBR5/ANAPC2/ASB9,30
BP,GO:0001885,endothelial cell development,7/829,66/18805,0.10606060606060606,2.4058741821106118,2.4569769064459326,0.02577600092172001,0.3621543116762144,0.34043755183022917,CLIC4/VCL/ROCK2/PROC/MAGI1/PDE4D/ZDHHC21,7
BP,GO:0070059,intrinsic apoptotic signaling pathway in response to endoplasmic reticulum stress,7/829,66/18805,0.10606060606060606,2.4058741821106118,2.4569769064459326,0.02577600092172001,0.3621543116762144,0.34043755183022917,BRSK2/ERO1A/PML/BCL2/NCK2/TRIB3/MAP3K5,7
BP,GO:0060562,epithelial tube morphogenesis,23/829,337/18805,0.06824925816023739,1.5481632083272183,2.180573638491252,0.02578491726717064,0.3621543116762144,0.34043755183022917,DLG5/CLIC4/TIE1/PROX1/RYR2/DEAF1/ACVRL1/KDM2B/STARD13/PML/TSC2/HOXB7/LAMA1/MIB1/BCL2/ACVR1/CELSR1/DLG1/SLIT2/NPNT/BRD2/DLC1/PRKX,23
BP,GO:0009081,branched-chain amino acid metabolic process,4/829,26/18805,0.15384615384615385,3.4898394729516564,2.728209065117431,0.02588159872042377,0.3621543116762144,0.34043755183022917,PCCA/IVD/HIBCH/MCCC1,4
BP,GO:0032878,regulation of establishment or maintenance of cell polarity,4/829,26/18805,0.15384615384615385,3.4898394729516564,2.728209065117431,0.02588159872042377,0.3621543116762144,0.34043755183022917,LLGL1/LLGL2/ROCK2/WDPCP,4
BP,GO:0048596,embryonic camera-type eye morphogenesis,4/829,26/18805,0.15384615384615385,3.4898394729516564,2.728209065117431,0.02588159872042377,0.3621543116762144,0.34043755183022917,PROX1/KDM2B/TFAP2A/HIPK2,4
BP,GO:0051953,negative regulation of amine transport,4/829,26/18805,0.15384615384615385,3.4898394729516564,2.728209065117431,0.02588159872042377,0.3621543116762144,0.34043755183022917,SLC43A2/PRKG1/SLC43A1/GRM7,4
BP,GO:1901385,regulation of voltage-gated calcium channel activity,4/829,26/18805,0.15384615384615385,3.4898394729516564,2.728209065117431,0.02588159872042377,0.3621543116762144,0.34043755183022917,NOS1AP/AHNAK/GNB5/DMD,4
BP,GO:0007043,cell-cell junction assembly,13/829,161/18805,0.08074534161490683,1.8316238227603414,2.275758478411386,0.02605541574775967,0.3621543116762144,0.34043755183022917,DLG5/NPHP4/EPHB2/PARD3/VCL/ACVRL1/CDH13/PRKCA/ROCK2/ABI2/CLDN16/DLG1/ANK2,13
BP,GO:0002517,T cell tolerance induction,3/829,15/18805,0.2,4.536791314837153,2.9427104515161906,0.02612032505065601,0.3621543116762144,0.34043755183022917,ITCH/AIRE/IDO1,3
BP,GO:0006999,nuclear pore organization,3/829,15/18805,0.2,4.536791314837153,2.9427104515161906,0.02612032505065601,0.3621543116762144,0.34043755183022917,NUP133/SEH1L/RTN4,3
BP,GO:0017014,protein nitrosylation,3/829,15/18805,0.2,4.536791314837153,2.9427104515161906,0.02612032505065601,0.3621543116762144,0.34043755183022917,NOS1AP/ATP2B4/DMD,3
BP,GO:0018119,peptidyl-cysteine S-nitrosylation,3/829,15/18805,0.2,4.536791314837153,2.9427104515161906,0.02612032505065601,0.3621543116762144,0.34043755183022917,NOS1AP/ATP2B4/DMD,3
BP,GO:0033599,regulation of mammary gland epithelial cell proliferation,3/829,15/18805,0.2,4.536791314837153,2.9427104515161906,0.02612032505065601,0.3621543116762144,0.34043755183022917,DEAF1/RTN4/RREB1,3
BP,GO:0034333,adherens junction assembly,3/829,15/18805,0.2,4.536791314837153,2.9427104515161906,0.02612032505065601,0.3621543116762144,0.34043755183022917,DLG5/VCL/ABI2,3
BP,GO:0043201,response to L-leucine,3/829,15/18805,0.2,4.536791314837153,2.9427104515161906,0.02612032505065601,0.3621543116762144,0.34043755183022917,RPTOR/EP300/LARS1,3
BP,GO:0045019,negative regulation of nitric oxide biosynthetic process,3/829,15/18805,0.2,4.536791314837153,2.9427104515161906,0.02612032505065601,0.3621543116762144,0.34043755183022917,ATP2B4/ROCK2/OPRM1,3
BP,GO:0045176,apical protein localization,3/829,15/18805,0.2,4.536791314837153,2.9427104515161906,0.02612032505065601,0.3621543116762144,0.34043755183022917,DLG5/INSC/CELSR1,3
BP,GO:1904406,negative regulation of nitric oxide metabolic process,3/829,15/18805,0.2,4.536791314837153,2.9427104515161906,0.02612032505065601,0.3621543116762144,0.34043755183022917,ATP2B4/ROCK2/OPRM1,3
BP,GO:2000328,regulation of T-helper 17 cell lineage commitment,3/829,15/18805,0.2,4.536791314837153,2.9427104515161906,0.02612032505065601,0.3621543116762144,0.34043755183022917,IL12RB1/EP300/BRD2,3
BP,GO:0003197,endocardial cushion development,6/829,52/18805,0.11538461538461539,2.6173796047137423,2.5080380105484177,0.026176040554604596,0.3621543116762144,0.34043755183022917,ACVRL1/SMAD2/ACVR1/BMPR2/JAG1/TGFBR1,6
BP,GO:0010171,body morphogenesis,6/829,52/18805,0.11538461538461539,2.6173796047137423,2.5080380105484177,0.026176040554604596,0.3621543116762144,0.34043755183022917,ARID5B/PLEKHA1/CDON/ANKRD11/WNT3/EP300,6
BP,GO:0051223,regulation of protein transport,29/829,449/18805,0.0645879732739421,1.4651107809607733,2.1421328887715396,0.02619681803723436,0.3621543116762144,0.34043755183022917,YWHAE/ZBED6/PTPN14/MCU/BRSK2/BMAL1/F2/ANO1/CTDSPL2/RAB11FIP3/PRKCB/VPS35/GNAO1/MYO18A/PRKCA/CEP131/MYOM1/KCNB1/PLA2G6/EP300/EDEM1/PPARG/OPRM1/PPIA/MDFIC/RAB11FIP1/UBR5/DNAJA1/ANP32B,29
BP,GO:0030522,intracellular receptor signaling pathway,26/829,393/18805,0.06615776081424936,1.500719773355801,2.154251434802083,0.026283699753597612,0.3623289683546789,0.3406017351358263,YWHAE/ERRFI1/SRARP/PUM1/ZMIZ1/BMAL1/USP15/PML/PLCG2/RIOK3/SAFB/ACTN4/SIRT2/MARK4/RTN4/ITCH/EP300/PPARG/NR2C2/PLPP1/CGAS/NOD1/UBR5/DNAJA1/DDX3X/XIAP,26
BP,GO:0031333,negative regulation of protein-containing complex assembly,12/829,145/18805,0.08275862068965517,1.8772929578636497,2.277344232591079,0.026842079230889923,0.36826944735838435,0.3461859904201551,SVIL/SSH3/TMOD2/TMOD3/VPS35/SSH2/RIOK3/SIRT2/DYRK1A/EP300/SLIT2/DDX3X,12
BP,GO:0046330,positive regulation of JNK cascade,9/829,97/18805,0.09278350515463918,2.104697001728576,2.342454795323706,0.027248541472050667,0.36826944735838435,0.3461859904201551,MFHAS1/CRACR2A/MAPK8IP3/TAOK1/MAP3K5/NOD1/SEMA3A/HIPK2/XIAP,9
BP,GO:0071453,cellular response to oxygen levels,14/829,179/18805,0.0782122905027933,1.774164201332965,2.2348874561765495,0.027316798279172518,0.36826944735838435,0.3461859904201551,AK4/ERO1A/ATP6V0D1/RPTOR/BCL2/SIRT2/ROCK2/EPAS1/RTN4/MAP1LC3A/PPARG/HIPK2/NDRG1/PTPRD,14
BP,GO:0039531,regulation of cytoplasmic pattern recognition receptor signaling pathway,11/829,129/18805,0.08527131782945736,1.9342908706670032,2.2866036086643677,0.027390365735659023,0.36826944735838435,0.3461859904201551,PUM1/USP15/PLCG2/RIOK3/SIRT2/MARK4/RTN4/ITCH/CGAS/DDX3X/XIAP,11
BP,GO:0003180,aortic valve morphogenesis,5/829,39/18805,0.1282051282051282,2.9081995607930464,2.5616871861902712,0.027393813399814244,0.36826944735838435,0.3461859904201551,TIE1/SMAD2/ROCK2/JAG1/SLIT2,5
BP,GO:0014741,negative regulation of muscle hypertrophy,5/829,39/18805,0.1282051282051282,2.9081995607930464,2.5616871861902712,0.027393813399814244,0.36826944735838435,0.3461859904201551,ATP2B4/PPARG/JARID2/PI16/MLIP,5
BP,GO:0060323,head morphogenesis,5/829,39/18805,0.1282051282051282,2.9081995607930464,2.5616871861902712,0.027393813399814244,0.36826944735838435,0.3461859904201551,ARID5B/PLEKHA1/ANKRD11/WNT3/EP300,5
BP,GO:0070884,regulation of calcineurin-NFAT signaling cascade,5/829,39/18805,0.1282051282051282,2.9081995607930464,2.5616871861902712,0.027393813399814244,0.36826944735838435,0.3461859904201551,CAMTA1/ATP2B4/ACTN3/NFAT5/PLCG2,5
BP,GO:0070979,protein K11-linked ubiquitination,5/829,39/18805,0.1282051282051282,2.9081995607930464,2.5616871861902712,0.027393813399814244,0.36826944735838435,0.3461859904201551,UBR4/ANAPC16/FZR1/UBR5/ANAPC2,5
BP,GO:0060042,retina morphogenesis in camera-type eye,7/829,67/18805,0.1044776119402985,2.3699656122283637,2.41235549045835,0.02772944425673524,0.37150696838254604,0.34922937191784637,SAMD11/PROX1/CDON/PTPRM/LARGE1/TFAP2A/HIPK2,7
BP,GO:0006887,exocytosis,24/829,358/18805,0.0670391061452514,1.5207121725711126,2.136152365744345,0.027835079402702825,0.37150696838254604,0.34922937191784637,HLA-F/ARHGAP17/EXOC6/BRSK2/SYT13/SNX19/APOLD1/RAB27A/PRKCB/TRIM72/GNAO1/LLGL1/SRCIN1/FBXL20/LLGL2/RAB27B/ADGRE2/OTOF/PREPL/KCNB1/MICAL3/EXOC4/RAB11FIP1/STX17,24
BP,GO:0008016,regulation of heart contraction,16/829,214/18805,0.07476635514018691,1.6959967532101505,2.198966340700561,0.02786302262869095,0.37150696838254604,0.34922937191784637,YWHAE/CACNA1C/ZMPSTE24/NOS1AP/ATP2B4/RYR2/GNAO1/TRPV1/ATP1B2/EPAS1/MYL3/DLG1/ANK2/PDE4D/KCNIP1/DMD,16
BP,GO:0034504,protein localization to nucleus,22/829,322/18805,0.06832298136645963,1.5498355423356736,2.137127195667246,0.02844976737348704,0.37727456310098195,0.354651110007351,YWHAE/SQSTM1/MFHAS1/TOR1AIP2/NUP133/TAF3/F2/ZBTB16/SPG11/PML/SIN3A/TSC2/MBTPS1/RGPD2/EP300/WWTR1/DCLK2/ILRUN/MDFIC/DNAJB6/UBR5/NUP214,22
BP,GO:0036294,cellular response to decreased oxygen levels,13/829,163/18805,0.07975460122699386,1.8091499108246316,2.228088298519065,0.028450212955156016,0.37727456310098195,0.354651110007351,AK4/ERO1A/RPTOR/BCL2/SIRT2/ROCK2/EPAS1/RTN4/MAP1LC3A/PPARG/HIPK2/NDRG1/PTPRD,13
BP,GO:0006936,muscle contraction,24/829,359/18805,0.06685236768802229,1.5164762055165972,2.1217895052360722,0.028637065279133872,0.37872324813597097,0.35601292393799866,CACNA1C/NOS1AP/CACNA1S/ATP2B4/RYR2/PRKG1/ACTN3/ARHGAP42/TMOD2/TMOD3/GNAO1/TRPV1/DTNA/ROCK2/LARGE1/MYL3/DLG1/NPNT/ANK2/PDE4D/KCNIP1/UTRN/ZDHHC21/DMD,24
BP,GO:0009154,purine ribonucleotide catabolic process,11/829,130/18805,0.08461538461538462,1.9194117101234112,2.258953330578803,0.02878023479065223,0.3794422473502287,0.35668880801386904,PFKP/OGDHL/NT5C2/ACTN3/NUDT4/RPTOR/HDAC4/EP300/ZBTB20/PDE4D/PDE10A,11
BP,GO:0051153,regulation of striated muscle cell differentiation,9/829,98/18805,0.09183673469387756,2.083220501710938,2.30878606600213,0.02887815328676452,0.3794422473502287,0.35668880801386904,YBX1/PROX1/ACTN3/TRIM72/BCL2/HDAC4/NLN/PI16/HDAC9,9
BP,GO:0021953,central nervous system neuron differentiation,16/829,215/18805,0.07441860465116279,1.6881083962184755,2.1791757077743403,0.028924695904566613,0.3794422473502287,0.35668880801386904,CLN8/EPHB2/PROX1/ZMIZ1/SPG11/B2M/SIN3A/TAOK1/WNT3/TTC21B/GIGYF2/SHANK3/SLIT2/DCLK2/PLXNA4/LHX6,16
BP,GO:0046037,GMP metabolic process,4/829,27/18805,0.14814814814814814,3.3605861591386317,2.6359242645225933,0.02935375362398871,0.3840383852146512,0.3610093362306838,MAGI3/NT5C2/DLG2/DLG1,4
BP,GO:0032414,positive regulation of ion transmembrane transporter activity,7/829,68/18805,0.10294117647058823,2.335113176754417,2.3685271478271526,0.0297809068609451,0.3885850948700858,0.3652834002251583,EPHB2/CRACR2A/ATP1B2/ACTN4/STIM2/ANK2/DMD,7
BP,GO:0032868,response to insulin,22/829,324/18805,0.06790123456790123,1.540268656271873,2.1065676039282812,0.030197872173718103,0.38898112969773024,0.3656556866313003,ERRFI1/EPHB2/TIE1/SORBS1/VWA2/PTPRE/TBC1D4/IGF1R/TSC2/PRKCB/TRIM72/SOCS7/PDK2/SLC27A1/MERTK/TRIB3/PPARG/SMARCC1/SGCB/HDAC9/YWHAG/GCNT1,22
BP,GO:0009167,purine ribonucleoside monophosphate metabolic process,5/829,40/18805,0.125,2.835494571773221,2.4955407883984804,0.030209804949885195,0.38898112969773024,0.3656556866313003,AK4/MAGI3/NT5C2/DLG2/DLG1,5
BP,GO:0048873,homeostasis of number of cells within a tissue,5/829,40/18805,0.125,2.835494571773221,2.4955407883984804,0.030209804949885195,0.38898112969773024,0.3656556866313003,KMT2A/BCL2/GIGYF2/IL20RB/XIAP,5
BP,GO:0106056,regulation of calcineurin-mediated signaling,5/829,40/18805,0.125,2.835494571773221,2.4955407883984804,0.030209804949885195,0.38898112969773024,0.3656556866313003,CAMTA1/ATP2B4/ACTN3/NFAT5/PLCG2,5
BP,GO:1903514,release of sequestered calcium ion into cytosol by endoplasmic reticulum,5/829,40/18805,0.125,2.835494571773221,2.4955407883984804,0.030209804949885195,0.38898112969773024,0.3656556866313003,CACNA1C/RYR2/ANK2/PDE4D/DMD,5
BP,GO:0006874,intracellular calcium ion homeostasis,21/829,306/18805,0.06862745098039216,1.5567421178362784,2.1086112585746375,0.03046394805408593,0.39122122764194567,0.36776145601026733,YWHAE/CACNA1C/CACNA1S/ATP2B4/RYR2/MCU/PLCE1/F2/ERO1A/PML/PRKCB/PLCG2/CCDC47/AFG3L2/BCL2/STIM2/ANK2/SLC10A7/PDE4D/GRM1/DMD,21
BP,GO:0019216,regulation of lipid metabolic process,23/829,343/18805,0.06705539358600583,1.5210816361698911,2.0915551073928866,0.030727693365777076,0.3934140423303665,0.36982277749692344,UBR4/ZMPSTE24/CERS2/PROX1/PRKG1/SORBS1/BSCL2/SCARB1/IGF1R/ABCA3/PLCG2/MBTPS1/PDK2/RNF213/RPTOR/SLC27A1/SIRT2/UGT1A8/TRIB3/PLA2G6/PPARG/ZBTB20/PLPP1,23
BP,GO:2000772,regulation of cellular senescence,6/829,54/18805,0.1111111111111111,2.520439619353974,2.402756150840014,0.030864325737949172,0.3934140423303665,0.36982277749692344,ZMPSTE24/YBX1/BMAL1/B2M/FZR1/CGAS,6
BP,GO:0021819,layer formation in cerebral cortex,3/829,16/18805,0.1875,4.253241857659831,2.7956343398191446,0.03111840580727899,0.3934140423303665,0.36982277749692344,LRP8/SOCS7/RELN,3
BP,GO:0034497,protein localization to phagophore assembly site,3/829,16/18805,0.1875,4.253241857659831,2.7956343398191446,0.03111840580727899,0.3934140423303665,0.36982277749692344,PIK3C3/LRBA/STX17,3
BP,GO:0034638,phosphatidylcholine catabolic process,3/829,16/18805,0.1875,4.253241857659831,2.7956343398191446,0.03111840580727899,0.3934140423303665,0.36982277749692344,SCARB1/PLA2G6/PNPLA7,3
BP,GO:0070942,neutrophil mediated cytotoxicity,3/829,16/18805,0.1875,4.253241857659831,2.7956343398191446,0.03111840580727899,0.3934140423303665,0.36982277749692344,F2/DNASE1/DNASE1L3,3
BP,GO:0021872,forebrain generation of neurons,8/829,84/18805,0.09523809523809523,2.1603768165891206,2.2889168780992537,0.031638087620401156,0.3988321050902167,0.37491594348213214,PROX1/ZMIZ1/B2M/SIN3A/SHANK3/SLIT2/DCLK2/LHX6,8
BP,GO:0001704,formation of primary germ layer,11/829,132/18805,0.08333333333333333,1.8903297145154805,2.20438091273428,0.03171042147028772,0.3988321050902167,0.37491594348213214,TXNRD1/COL4A2/MMP15/WNT3/LAMA3/SMAD2/ACVR1/COL5A2/BMPR2/EXOC4/SOX7,11
BP,GO:0030307,positive regulation of cell growth,13/829,166/18805,0.0783132530120482,1.776454430508524,2.1578167953240386,0.03233796726833973,0.4056793837262156,0.38135262171674883,LPAR3/F2/KDM2B/WNT3/RPTOR/BCL2/ITSN2/BMPR2/SEMA5A/CPNE5/TGFBR1/ANAPC2/DDX3X,13
BP,GO:0010882,regulation of cardiac muscle contraction by calcium ion signaling,4/829,28/18805,0.14285714285714285,3.2405652248836803,2.5478822924116837,0.03308831250175327,0.4110988448548118,0.38644710221684,CACNA1C/RYR2/ANK2/DMD,4
BP,GO:0006418,tRNA aminoacylation for protein translation,5/829,41/18805,0.12195121951219512,2.7663361675836295,2.4314113221616522,0.03320129054066129,0.4110988448548118,0.38644710221684,NARS2/LARS1/FARS2/VARS1/RARS2,5
BP,GO:0050684,regulation of mRNA processing,11/829,133/18805,0.08270676691729323,1.8761167091431836,2.177450149986886,0.03325239346442469,0.4110988448548118,0.38644710221684,RBM20/ARGLU1/RBFOX3/CELF4/SAFB/RBM39/DYRK1A/RBM15B/YTHDC1/ARB2A/SRPK1,11
BP,GO:0007215,glutamate receptor signaling pathway,6/829,55/18805,0.10909090909090909,2.474613444456629,2.3518778108419633,0.03340121291587629,0.4110988448548118,0.38644710221684,TRPM1/KCNB1/SHANK3/GRM7/GRM1/GRM8,6
BP,GO:0045778,positive regulation of ossification,6/829,55/18805,0.10909090909090909,2.474613444456629,2.3518778108419633,0.03340121291587629,0.4110988448548118,0.38644710221684,ACTN3/ZBTB16/ACVR1/BMPR2/ADGRV1/TFAP2A,6
BP,GO:0045815,transcription initiation-coupled chromatin remodeling,6/829,55/18805,0.10909090909090909,2.474613444456629,2.3518778108419633,0.03340121291587629,0.4110988448548118,0.38644710221684,ZMPSTE24/TET1/KMT2A/ATAD2B/EP300/ARID1B,6
BP,GO:1903351,cellular response to dopamine,6/829,55/18805,0.10909090909090909,2.474613444456629,2.3518778108419633,0.03340121291587629,0.4110988448548118,0.38644710221684,GNB1/RGS8/GNB5/SIN3A/VPS35/GNAO1,6
BP,GO:0007189,adenylate cyclase-activating G protein-coupled receptor signaling pathway,14/829,184/18805,0.07608695652173914,1.725953217601091,2.12506345513619,0.03344390192773777,0.4110988448548118,0.38644710221684,GNB1/ADGRL2/LPAR3/ATP2B4/PDE3A/ADGRD1/ADCY7/ADGRG3/PRKCA/ADGRE2/RAMP1/PDE4D/ARRDC3/VIPR2,14
BP,GO:0046928,regulation of neurotransmitter secretion,8/829,85/18805,0.09411764705882353,2.1349606187468955,2.2521286218136343,0.03363184524217038,0.4113253709267277,0.38666004454242436,SYT13/MCTP2/PRKCB/FBXL20/OTOF/PREPL/DYSF/MCTP1,8
BP,GO:0048013,ephrin receptor signaling pathway,8/829,85/18805,0.09411764705882353,2.1349606187468955,2.2521286218136343,0.03363184524217038,0.4113253709267277,0.38666004454242436,EPHB2/TIE1/ANKS1B/IGF1R/NCK2/MERTK/KALRN/ANKS1A,8
BP,GO:0051147,regulation of muscle cell differentiation,13/829,167/18805,0.07784431137724551,1.765816978828832,2.134712678735579,0.03371519433825637,0.4113253709267277,0.38666004454242436,YBX1/ZBED6/PROX1/ACTN3/TRIM72/LAMA1/BCL2/BMPR2/HDAC4/NLN/PI16/LAMA2/HDAC9,13
BP,GO:0050708,regulation of protein secretion,19/829,273/18805,0.0695970695970696,1.5787369044305113,2.068508031877752,0.03381556263933611,0.4115210615460355,0.38684400047834827,ZBED6/MCU/BRSK2/BMAL1/F2/ANO1/RAB11FIP3/PRKCB/VPS35/GNAO1/MYO18A/PRKCA/MYOM1/KCNB1/PLA2G6/PPARG/OPRM1/PPIA/RAB11FIP1,19
BP,GO:0043547,positive regulation of GTPase activity,10/829,117/18805,0.08547008547008547,1.9387997071953647,2.1874610084762645,0.03395994939347992,0.4122501319407513,0.387529351811431,RGS8/ARHGAP42/NTF3/DOCK9/GNB5/MAP4K4/ITGA6/RALGAPA2/SNX18/LARS1,10
BP,GO:0007029,endoplasmic reticulum organization,9/829,101/18805,0.0891089108910891,2.021342665026454,2.210145019843639,0.03417406755209776,0.41381997432813167,0.3890050578347709,TOR1AIP2/CACNA1S/RTN1/CCDC47/ATL2/RTN4/TMCC1/RETREG1/TRAM2,9
BP,GO:0010959,regulation of metal ion transport,26/829,403/18805,0.06451612903225806,1.4634810693023075,2.019797670484008,0.03428189143089335,0.4140980945117811,0.3892665004060271,YWHAE/CACNA1C/NOS1AP/ATP2B4/RYR2/F2/AHNAK/CRACR2A/SPG11/B2M/GNB5/PML/ATP1B2/AFG3L2/BCL2/ACTN4/UBR3/KCNAB1/DLG1/KCNIP4/STIM2/ANK2/PDE4D/KCNIP1/UTRN/DMD,26
BP,GO:1903829,positive regulation of protein localization,31/829,499/18805,0.06212424849699399,1.4092237551097369,1.9896204533505155,0.03499601890242929,0.42168042529346894,0.39639415302608666,YWHAE/SQSTM1/EPHB2/ATP2B4/MCU/SORBS1/F2/ANO1/CTDSPL2/PML/PRKCB/VPS35/MYO18A/NMT1/PRKCA/CEP131/MYOM1/MARK4/ROCK2/RTN4/KCNB1/PLA2G6/EP300/EDEM1/PPARG/PLS1/WWTR1/DLG1/PPIA/UBR5/ANP32B,31
BP,GO:0032956,regulation of actin cytoskeleton organization,23/829,348/18805,0.06609195402298851,1.4992270149605536,2.0186591806368606,0.0353680674421399,0.4228639037626472,0.39750666363192766,ARHGAP17/PROX1/SVIL/SSH3/DIXDC1/TMOD2/TMOD3/CGNL1/TAOK1/SSH2/GMFG/ROCK2/NCK2/ABI2/PREX1/BAIAP2L2/CELSR1/SHANK3/DLG1/SLIT2/SEMA5A/DLC1/TGFBR1,23
BP,GO:0002064,epithelial cell development,16/829,221/18805,0.07239819004524888,1.6422773990360737,2.0625526111804033,0.03593388733399859,0.4228639037626472,0.39750666363192766,CLIC4/PROX1/VCL/BMAL1/MYO1E/ROCK2/EPAS1/PROC/ABI2/JAG1/MAGI1/IL6ST/PDE4D/MAGI2/ZDHHC21/B4GALT1,16
BP,GO:0006473,protein acetylation,6/829,56/18805,0.10714285714285714,2.4304239186627603,2.3021073917510337,0.03606930113361328,0.4228639037626472,0.39750666363192766,BMAL1/PML/TAOK1/EP300/NAA50/DDX3X,6
BP,GO:0007528,neuromuscular junction development,6/829,56/18805,0.10714285714285714,2.4304239186627603,2.3021073917510337,0.03606930113361328,0.4228639037626472,0.39750666363192766,CACNA1S/PPFIBP1/SPG11/AFG3L2/LARGE1/CACNA2D2,6
BP,GO:0051222,positive regulation of protein transport,18/829,257/18805,0.07003891050583658,1.5887596044176802,2.0408537308998143,0.03615292114105658,0.4228639037626472,0.39750666363192766,YWHAE/MCU/F2/ANO1/CTDSPL2/PRKCB/VPS35/MYO18A/PRKCA/CEP131/MYOM1/PLA2G6/EP300/EDEM1/PPARG/PPIA/UBR5/ANP32B,18
BP,GO:0002360,T cell lineage commitment,5/829,42/18805,0.11904761904761904,2.7004710207364004,2.3691829463012852,0.03637061032990615,0.4228639037626472,0.39750666363192766,BCL2/IL12RB1/EP300/IL6ST/BRD2,5
BP,GO:0006476,protein deacetylation,5/829,42/18805,0.11904761904761904,2.7004710207364004,2.3691829463012852,0.03637061032990615,0.4228639037626472,0.39750666363192766,SIRT2/HDAC4/DYRK1A/EP300/HDAC9,5
BP,GO:0009126,purine nucleoside monophosphate metabolic process,5/829,42/18805,0.11904761904761904,2.7004710207364004,2.3691829463012852,0.03637061032990615,0.4228639037626472,0.39750666363192766,AK4/MAGI3/NT5C2/DLG2/DLG1,5
BP,GO:0019933,cAMP-mediated signaling,5/829,42/18805,0.11904761904761904,2.7004710207364004,2.3691829463012852,0.03637061032990615,0.4228639037626472,0.39750666363192766,PDE3A/PDE4D/CGAS/OPRM1/PDE10A,5
BP,GO:0031146,SCF-dependent proteasomal ubiquitin-dependent protein catabolic process,5/829,42/18805,0.11904761904761904,2.7004710207364004,2.3691829463012852,0.03637061032990615,0.4228639037626472,0.39750666363192766,FBXL20/WWTR1/FBXL7/FBXW11/FBXL13,5
BP,GO:0051955,regulation of amino acid transport,5/829,42/18805,0.11904761904761904,2.7004710207364004,2.3691829463012852,0.03637061032990615,0.4228639037626472,0.39750666363192766,SLC43A2/PRKG1/SLC43A1/GRM7/SLC6A1,5
BP,GO:0060391,positive regulation of SMAD protein signal transduction,5/829,42/18805,0.11904761904761904,2.7004710207364004,2.3691829463012852,0.03637061032990615,0.4228639037626472,0.39750666363192766,ACVRL1/ACVR1/BMPR2/KIAA0319/TGFBR1,5
BP,GO:0099622,cardiac muscle cell membrane repolarization,5/829,42/18805,0.11904761904761904,2.7004710207364004,2.3691829463012852,0.03637061032990615,0.4228639037626472,0.39750666363192766,YWHAE/ZMPSTE24/NOS1AP/DLG1/ANK2,5
BP,GO:1903115,regulation of actin filament-based movement,5/829,42/18805,0.11904761904761904,2.7004710207364004,2.3691829463012852,0.03637061032990615,0.4228639037626472,0.39750666363192766,CACNA1C/RYR2/DLG1/ANK2/PDE4D,5
BP,GO:0007162,negative regulation of cell adhesion,21/829,312/18805,0.0673076923076923,1.5268047694163496,2.0150191004337556,0.03642551703135887,0.4228639037626472,0.39750666363192766,DLG5/EPHB2/PRKG1/SCGB1A1/ACVRL1/PLXNC1/ADAMTS18/CDH13/MBP/ACTN4/IL4I1/MAP4K4/DAPL1/JAG1/ITCH/IL20RB/DLG1/SEMA5A/DLC1/IDO1/AKNA,21
BP,GO:0010455,positive regulation of cell fate commitment,3/829,17/18805,0.17647058823529413,4.00305116015043,2.6601294588899598,0.03657938371266243,0.4228639037626472,0.39750666363192766,IL12RB1/EP300/BRD2,3
BP,GO:0048532,anatomical structure arrangement,3/829,17/18805,0.17647058823529413,4.00305116015043,2.6601294588899598,0.03657938371266243,0.4228639037626472,0.39750666363192766,TFAP2A/SEMA3A/PLXNA4,3
BP,GO:0035107,appendage morphogenesis,12/829,152/18805,0.07894736842105263,1.7908386769094025,2.102283136095692,0.03674376656694346,0.4228639037626472,0.39750666363192766,CACNA1C/ERRFI1/NFIA/ZBTB16/CHST11/MOSMO/WNT3/WDPCP/LARGE1/MBNL1/TFAP2A/IQCE,12
BP,GO:0035108,limb morphogenesis,12/829,152/18805,0.07894736842105263,1.7908386769094025,2.102283136095692,0.03674376656694346,0.4228639037626472,0.39750666363192766,CACNA1C/ERRFI1/NFIA/ZBTB16/CHST11/MOSMO/WNT3/WDPCP/LARGE1/MBNL1/TFAP2A/IQCE,12
BP,GO:0002295,T-helper cell lineage commitment,4/829,29/18805,0.13793103448275862,3.128821596439416,2.463727010779232,0.037087244018527254,0.4228639037626472,0.39750666363192766,IL12RB1/EP300/IL6ST/BRD2,4
BP,GO:0010039,response to iron ion,4/829,29/18805,0.13793103448275862,3.128821596439416,2.463727010779232,0.037087244018527254,0.4228639037626472,0.39750666363192766,B2M/BCL2/MAP1LC3A/TFAP2A,4
BP,GO:0021952,central nervous system projection neuron axonogenesis,4/829,29/18805,0.13793103448275862,3.128821596439416,2.463727010779232,0.037087244018527254,0.4228639037626472,0.39750666363192766,EPHB2/SPG11/SLIT2/PLXNA4,4
BP,GO:0061744,motor behavior,4/829,29/18805,0.13793103448275862,3.128821596439416,2.463727010779232,0.037087244018527254,0.4228639037626472,0.39750666363192766,SPG11/ATP1B2/DPP4/VPS13A,4
BP,GO:0099003,vesicle-mediated transport in synapse,18/829,258/18805,0.06976744186046512,1.5826016214548209,2.0234876719941512,0.03733634345483028,0.42471178568664747,0.39924373641553274,RNF220/EPS15/BRSK2/SYT13/PRKCB/VPS35/ATP6V0D1/FBXL20/PIK3C3/RAB27B/ITSN2/OTOF/PREPL/AAK1/PLD1/CLTB/ABCA13/CLTA,18
BP,GO:0008154,actin polymerization or depolymerization,14/829,187/18805,0.0748663101604278,1.6982641285486668,2.0607716873438964,0.037566523145252224,0.42580168603017415,0.40026828035364515,SVIL/SSH3/DIAPH3/TMOD2/TMOD3/SSH2/NCK2/ABI2/PREX1/MICAL3/BAIAP2L2/DLG1/SLIT2/SEMA5A,14
BP,GO:0048678,response to axon injury,8/829,87/18805,0.09195402298850575,2.085881064292944,2.180057867044253,0.037871527212777124,0.42580168603017415,0.40026828035364515,CERS2/IGF1R/MAPK8IP3/PLCG2/BCL2/KCNB1/KIAA0319/MATN2,8
BP,GO:0048864,stem cell development,8/829,87/18805,0.09195402298850575,2.085881064292944,2.180057867044253,0.037871527212777124,0.42580168603017415,0.40026828035364515,SEMA6D/MSI2/BCL2/ACVR1/JAG1/SEMA5A/ARB2A/SEMA3A,8
BP,GO:0120193,tight junction organization,8/829,87/18805,0.09195402298850575,2.085881064292944,2.180057867044253,0.037871527212777124,0.42580168603017415,0.40026828035364515,NPHP4/EPHB2/PARD3/ACVRL1/ROCK2/CLDN16/DLG1/TGFBR1,8
BP,GO:1901379,regulation of potassium ion transmembrane transport,8/829,87/18805,0.09195402298850575,2.085881064292944,2.180057867044253,0.037871527212777124,0.42580168603017415,0.40026828035364515,YWHAE/NOS1AP/ATP1B2/KCNAB1/DLG1/KCNIP4/ANK2/KCNIP1,8
BP,GO:0072659,protein localization to plasma membrane,20/829,295/18805,0.06779661016949153,1.5378953609617467,1.9996843797914827,0.03795568307850938,0.42580168603017415,0.40026828035364515,SQSTM1/ERRFI1/EPHB2/ATP2B4/SORBS1/FRMD8/PACS1/TTC7B/RAB11FIP3/VPS35/SKAP1/ROCK2/PREPL/RAMP1/KCNB1/LARGE1/PLS1/DLG1/KCNIP4/ANK2,20
BP,GO:0009261,ribonucleotide catabolic process,11/829,136/18805,0.08088235294117647,1.8347317817356135,2.098030185760115,0.03819528847822351,0.4275068985636026,0.4018712389862339,PFKP/OGDHL/NT5C2/ACTN3/NUDT4/RPTOR/HDAC4/EP300/ZBTB20/PDE4D/PDE10A,11
BP,GO:0045927,positive regulation of growth,18/829,259/18805,0.0694980694980695,1.5764911904839527,2.006195658559459,0.038547846263446595,0.43046565163757294,0.40465256898976343,LPAR3/PROX1/F2/ACTN3/KDM2B/WNT3/RPTOR/BCL2/ITSN2/BMPR2/CACNA2D2/PLS1/SEMA5A/CPNE5/ZFPM2/TGFBR1/ANAPC2/DDX3X,18
BP,GO:0001895,retina homeostasis,6/829,57/18805,0.10526315789473684,2.38778490254587,2.253398343939521,0.038870366984868766,0.43208972867006734,0.40617925745128425,CLN8/RP1L1/NPHP4/PCDH15/ATP1B2/ADGRV1,6
BP,GO:0014888,striated muscle adaptation,6/829,57/18805,0.10526315789473684,2.38778490254587,2.253398343939521,0.038870366984868766,0.43208972867006734,0.40617925745128425,CACNA1S/ATP2B4/ACTN3/HDAC4/PPARG/MLIP,6
BP,GO:0120032,regulation of plasma membrane bounded cell projection assembly,15/829,206/18805,0.07281553398058252,1.6517444107416819,2.019863332040725,0.0395854352607546,0.4365589438392709,0.4103804739541723,PLEKHM1/EPHB2/PLCE1/EPS8L2/RAB11FIP3/SEPTIN9/MARK4/WDPCP/ABI2/PLD1/SLIT2/ARHGAP24/MYO10/MCIDAS/TGFBR1,15
BP,GO:0048639,positive regulation of developmental growth,13/829,171/18805,0.07602339181286549,1.7245113185053504,2.0438359832949886,0.03964645241136714,0.4365589438392709,0.4103804739541723,LPAR3/PROX1/ACTN3/WNT3/BCL2/ITSN2/BMPR2/CACNA2D2/PLS1/SEMA5A/CPNE5/ZFPM2/ANAPC2,13
BP,GO:0006346,DNA methylation-dependent constitutive heterochromatin formation,5/829,43/18805,0.11627906976744186,2.6376693690913684,2.3087491304426653,0.03971970718537629,0.4365589438392709,0.4103804739541723,SPOCD1/KMT2A/PPM1D/TDRD12/EHMT1,5
BP,GO:0016202,regulation of striated muscle tissue development,5/829,43/18805,0.11627906976744186,2.6376693690913684,2.3087491304426653,0.03971970718537629,0.4365589438392709,0.4103804739541723,ACTN3/CDON/LUC7L/BCL2/SIRT2,5
BP,GO:0150052,regulation of postsynapse assembly,5/829,43/18805,0.11627906976744186,2.6376693690913684,2.3087491304426653,0.03971970718537629,0.4365589438392709,0.4103804739541723,DOCK1/VPS35/NAE1/RTN4/ELMO1,5
BP,GO:0048593,camera-type eye morphogenesis,11/829,137/18805,0.08029197080291971,1.8213395789492222,2.0720011663362232,0.03995107058869332,0.43751560323754707,0.4112797668052697,SAMD11/EPHB2/PROX1/CDON/KDM2B/PTPRM/ABI2/JAG1/LARGE1/TFAP2A/HIPK2,11
BP,GO:0006997,nucleus organization,12/829,154/18805,0.07792207792207792,1.7675810317547351,2.0539477441903564,0.03999310078777047,0.43751560323754707,0.4112797668052697,ZMPSTE24/NUP133/PML/UBE2I/PRKCB/PRKCA/SEH1L/SIRT2/RTN4/SRPK1/HIPK2/UBXN2B,12
BP,GO:0072665,protein localization to vacuole,8/829,88/18805,0.09090909090909091,2.0621778703805242,2.14474824798726,0.04011987187438362,0.43751560323754707,0.4112797668052697,SQSTM1/PIK3C3/ROCK2/RTN4/MFSD1/VPS37A/VPS13A/MVB12B,8
BP,GO:0001558,regulation of cell growth,26/829,410/18805,0.06341463414634146,1.4384948071434875,1.9278016325791454,0.04088891558459881,0.43751560323754707,0.4112797668052697,LPAR3/PAPPA2/F2/ACVRL1/KDM2B/SEMA6D/PML/SIN3A/WNT3/SPAG9/RPTOR/BCL2/ITSN2/RTN4/BMPR2/ITCH/SLIT2/SEMA5A/KIAA0319/CPNE5/PI16/SEMA3A/PLXNA4/TGFBR1/ANAPC2/DDX3X,26
BP,GO:0001667,ameboidal-type cell migration,17/829,243/18805,0.06995884773662552,1.5869434640376874,1.9776201584359328,0.041243640686358274,0.43751560323754707,0.4112797668052697,PROX1/ARID5B/DOCK1/SEMA6D/PML/PLCG2/CYGB/RTN4/WDPCP/MAP4K4/ACVR1/BMPR2/IQSEC1/CAPN7/SEMA5A/RREB1/SEMA3A,17
BP,GO:1902414,protein localization to cell junction,10/829,121/18805,0.08264462809917356,1.8747071548913856,2.0728901680608067,0.041302345023950963,0.43751560323754707,0.4112797668052697,DLG5/VCL/DLG2/CGNL1/MAPK8IP3/VPS35/RAB27B/CACNA2D2/DLG1/RELN,10
BP,GO:0060402,calcium ion transport into cytosol,4/829,30/18805,0.13333333333333333,3.024527543224769,2.383143538262191,0.04135160721964872,0.43751560323754707,0.4112797668052697,CACNA1C/RYR2/PML/BCL2,4
BP,GO:0090330,regulation of platelet aggregation,4/829,30/18805,0.13333333333333333,3.024527543224769,2.383143538262191,0.04135160721964872,0.43751560323754707,0.4112797668052697,PRKG1/ADAMTS18/PRKCA/IL6ST,4
BP,GO:0099625,ventricular cardiac muscle cell membrane repolarization,4/829,30/18805,0.13333333333333333,3.024527543224769,2.383143538262191,0.04135160721964872,0.43751560323754707,0.4112797668052697,ZMPSTE24/NOS1AP/DLG1/ANK2,4
BP,GO:0015800,acidic amino acid transport,7/829,73/18805,0.0958904109589041,2.1751739180726077,2.1603661131318774,0.041567654364554577,0.43751560323754707,0.4112797668052697,CLN8/PRKG1/TRPV1/SLC25A18/GRM7/SLC6A1/GRM1,7
BP,GO:0032272,negative regulation of protein polymerization,7/829,73/18805,0.0958904109589041,2.1751739180726077,2.1603661131318774,0.041567654364554577,0.43751560323754707,0.4112797668052697,SVIL/SSH3/TMOD2/TMOD3/SSH2/DYRK1A/SLIT2,7
BP,GO:0032835,glomerulus development,7/829,73/18805,0.0958904109589041,2.1751739180726077,2.1603661131318774,0.041567654364554577,0.43751560323754707,0.4112797668052697,PLCE1/MYO1E/BCL2/JAG1/COMT/WWTR1/MAGI2,7
BP,GO:0006998,nuclear envelope organization,6/829,58/18805,0.10344827586206896,2.346616197329562,2.205706880068596,0.04180598166261284,0.43751560323754707,0.4112797668052697,ZMPSTE24/UBE2I/PRKCB/PRKCA/SIRT2/UBXN2B,6
BP,GO:0030837,negative regulation of actin filament polymerization,6/829,58/18805,0.10344827586206896,2.346616197329562,2.205706880068596,0.04180598166261284,0.43751560323754707,0.4112797668052697,SVIL/SSH3/TMOD2/TMOD3/SSH2/SLIT2,6
BP,GO:0071868,cellular response to monoamine stimulus,6/829,58/18805,0.10344827586206896,2.346616197329562,2.205706880068596,0.04180598166261284,0.43751560323754707,0.4112797668052697,GNB1/RGS8/GNB5/SIN3A/VPS35/GNAO1,6
BP,GO:0071870,cellular response to catecholamine stimulus,6/829,58/18805,0.10344827586206896,2.346616197329562,2.205706880068596,0.04180598166261284,0.43751560323754707,0.4112797668052697,GNB1/RGS8/GNB5/SIN3A/VPS35/GNAO1,6
BP,GO:0048736,appendage development,14/829,190/18805,0.07368421052631578,1.671449431782109,1.9976272223600602,0.04204082548039244,0.43751560323754707,0.4112797668052697,CACNA1C/ERRFI1/NFIA/ZBTB16/CHST11/MOSMO/WNT3/WDPCP/ITGA6/BMPR2/LARGE1/MBNL1/TFAP2A/IQCE,14
BP,GO:0060173,limb development,14/829,190/18805,0.07368421052631578,1.671449431782109,1.9976272223600602,0.04204082548039244,0.43751560323754707,0.4112797668052697,CACNA1C/ERRFI1/NFIA/ZBTB16/CHST11/MOSMO/WNT3/WDPCP/ITGA6/BMPR2/LARGE1/MBNL1/TFAP2A/IQCE,14
BP,GO:0008593,regulation of Notch signaling pathway,9/829,105/18805,0.08571428571428572,1.9443391349302086,2.0838079520460395,0.04222591230060361,0.43751560323754707,0.4112797668052697,PRAG1/ZMIZ1/ACVRL1/HERC2/LLGL1/LLGL2/AAK1/JAG1/IL6ST,9
BP,GO:0046031,ADP metabolic process,9/829,105/18805,0.08571428571428572,1.9443391349302086,2.0838079520460395,0.04222591230060361,0.43751560323754707,0.4112797668052697,AK4/AK5/PFKP/OGDHL/ACTN3/RPTOR/HDAC4/EP300/ZBTB20,9
BP,GO:0043543,protein acylation,8/829,89/18805,0.0898876404494382,2.03900733251108,2.1099052577710156,0.04245537402476358,0.43751560323754707,0.4112797668052697,BMAL1/PML/TAOK1/NMT1/EP300/NAA50/ZDHHC21/DDX3X,8
BP,GO:0060491,regulation of cell projection assembly,15/829,208/18805,0.07211538461538461,1.635862252946089,1.9802914995296648,0.04249090629442739,0.43751560323754707,0.4112797668052697,PLEKHM1/EPHB2/PLCE1/EPS8L2/RAB11FIP3/SEPTIN9/MARK4/WDPCP/ABI2/PLD1/SLIT2/ARHGAP24/MYO10/MCIDAS/TGFBR1,15
BP,GO:0010544,negative regulation of platelet activation,3/829,18/18805,0.16666666666666666,3.780659429030961,2.5346102806550985,0.04249639260954863,0.43751560323754707,0.4112797668052697,PRKG1/F2/ADAMTS18,3
BP,GO:0010612,regulation of cardiac muscle adaptation,3/829,18/18805,0.16666666666666666,3.780659429030961,2.5346102806550985,0.04249639260954863,0.43751560323754707,0.4112797668052697,ATP2B4/PPARG/MLIP,3
BP,GO:0031649,heat generation,3/829,18/18805,0.16666666666666666,3.780659429030961,2.5346102806550985,0.04249639260954863,0.43751560323754707,0.4112797668052697,TRPV1/SLC27A1/ARRDC3,3
BP,GO:0033631,cell-cell adhesion mediated by integrin,3/829,18/18805,0.16666666666666666,3.780659429030961,2.5346102806550985,0.04249639260954863,0.43751560323754707,0.4112797668052697,SKAP1/DPP4/NPNT,3
BP,GO:0042753,positive regulation of circadian rhythm,3/829,18/18805,0.16666666666666666,3.780659429030961,2.5346102806550985,0.04249639260954863,0.43751560323754707,0.4112797668052697,PRKG1/BMAL1/FBXW11,3
BP,GO:0050687,negative regulation of defense response to virus,3/829,18/18805,0.16666666666666666,3.780659429030961,2.5346102806550985,0.04249639260954863,0.43751560323754707,0.4112797668052697,NT5C2/ITCH/ILRUN,3
BP,GO:0098974,postsynaptic actin cytoskeleton organization,3/829,18/18805,0.16666666666666666,3.780659429030961,2.5346102806550985,0.04249639260954863,0.43751560323754707,0.4112797668052697,NOS1AP/SRCIN1/DBNL,3
BP,GO:1903242,regulation of cardiac muscle hypertrophy in response to stress,3/829,18/18805,0.16666666666666666,3.780659429030961,2.5346102806550985,0.04249639260954863,0.43751560323754707,0.4112797668052697,ATP2B4/PPARG/MLIP,3
BP,GO:0042326,negative regulation of phosphorylation,16/829,226/18805,0.07079646017699115,1.6059438282609393,1.9680280108659594,0.042657858928249415,0.4375914640276291,0.41135107856609304,ERRFI1/EPHB2/PARD3/NTF3/TSC2/SRCIN1/SIRT2/TRIB3/PREX1/WWTR1/SLIT2/PDE4D/PPIA/YWHAG/DNAJA1/DMD,16
BP,GO:0042060,wound healing,28/829,450/18805,0.06222222222222222,1.4114461868382255,1.8971337974320233,0.04268310181908841,0.4375914640276291,0.41135107856609304,ITPK1/EPHB2/PRKG1/VCL/F2/AHNAK/ADIPOR2/VWF/ACVRL1/SCARB1/RASA3/RAB27A/TRIM72/ADAMTS18/PLCG2/PRKCA/MERTK/PROC/PRSS56/SCUBE1/PPARG/ARHGAP24/IL6ST/RREB1/PPIA/B4GALT1/TGFBR1/VAV2,28
BP,GO:0030501,positive regulation of bone mineralization,5/829,44/18805,0.11363636363636363,2.577722337975655,2.2500117071831247,0.04325012774892286,0.4415494213697564,0.41507169506673824,ACTN3/ACVR1/BMPR2/ADGRV1/TFAP2A,5
BP,GO:0043039,tRNA aminoacylation,5/829,44/18805,0.11363636363636363,2.577722337975655,2.2500117071831247,0.04325012774892286,0.4415494213697564,0.41507169506673824,NARS2/LARS1/FARS2/VARS1/RARS2,5
BP,GO:0071456,cellular response to hypoxia,12/829,156/18805,0.07692307692307693,1.7449197364758282,2.006318429518067,0.043438624942327815,0.44172176344032105,0.4152337025610266,AK4/ERO1A/RPTOR/BCL2/SIRT2/ROCK2/EPAS1/RTN4/PPARG/HIPK2/NDRG1/PTPRD,12
BP,GO:0062207,regulation of pattern recognition receptor signaling pathway,14/829,191/18805,0.07329842931937172,1.6626983876366528,1.9768267062599,0.043612644845639766,0.44172176344032105,0.4152337025610266,YWHAE/SQSTM1/MFHAS1/PUM1/USP15/PLCG2/RIOK3/SIRT2/MARK4/RTN4/ITCH/CGAS/DDX3X/XIAP,14
BP,GO:0006195,purine nucleotide catabolic process,11/829,139/18805,0.07913669064748201,1.7951332540722547,2.0205869469856523,0.04362907581521204,0.44172176344032105,0.4152337025610266,PFKP/OGDHL/NT5C2/ACTN3/NUDT4/RPTOR/HDAC4/EP300/ZBTB20/PDE4D/PDE10A,11
BP,GO:0008360,regulation of cell shape,11/829,139/18805,0.07913669064748201,1.7951332540722547,2.0205869469856523,0.04362907581521204,0.44172176344032105,0.4152337025610266,PRAG1/ZMPSTE24/F2/PLXNC1/WDPCP/ARHGAP15/FMNL2/DLG1/MYO10/PALM2AKAP2/SH3KBP1,11
BP,GO:0050772,positive regulation of axonogenesis,7/829,74/18805,0.0945945945945946,2.1457796759364913,2.1207640317979313,0.0442411139551378,0.44423176152484045,0.4175931873868108,LPAR3/PLXNC1/WNT3/BMPR2/SLIT2/SEMA5A/ANAPC2,7
BP,GO:0060411,cardiac septum morphogenesis,7/829,74/18805,0.0945945945945946,2.1457796759364913,2.1207640317979313,0.0442411139551378,0.44423176152484045,0.4175931873868108,PROX1/ACVR1/BMPR2/JAG1/SLIT2/ZFPM2/TGFBR1,7
BP,GO:0061512,protein localization to cilium,7/829,74/18805,0.0945945945945946,2.1457796759364913,2.1207640317979313,0.0442411139551378,0.44423176152484045,0.4175931873868108,NPHP4/RAB11FIP3/ZNF423/ODAD4/WDR35/TTC21B/INVS,7
BP,GO:1903053,regulation of extracellular matrix organization,7/829,74/18805,0.0945945945945946,2.1457796759364913,2.1207640317979313,0.0442411139551378,0.44423176152484045,0.4175931873868108,TIE1/ZNF469/LAMA1/DPP4/PPARG/LAMA2/TGFBR1,7
BP,GO:0002027,regulation of heart rate,9/829,106/18805,0.08490566037735849,1.9259963129025648,2.053094105306801,0.04442232940784271,0.4451354568999434,0.41844269222820385,YWHAE/CACNA1C/NOS1AP/RYR2/TRPV1/EPAS1/ANK2/PDE4D/DMD,9
BP,GO:0141137,"positive regulation of gene expression, epigenetic",6/829,59/18805,0.1016949152542373,2.3068430414426206,2.158991766010964,0.04487750861290256,0.4478727577590895,0.4210158495069267,ZMPSTE24/TET1/KMT2A/ATAD2B/EP300/ARID1B,6
BP,GO:0009953,dorsal/ventral pattern formation,8/829,90/18805,0.08888888888888889,2.0163516954831793,2.0755166028655387,0.04487905298036778,0.4478727577590895,0.4210158495069267,RNF220/DSCAML1/ACVRL1/WNT3/SMAD2/ACVR1/TTC21B/TLL1,8
BP,GO:0021915,neural tube development,12/829,157/18805,0.07643312101910828,1.7338055980269376,1.9827619377186074,0.04523641394043578,0.4505177551618911,0.4235022383510615,ITPK1/RNF220/PROX1/NUP133/DEAF1/KDM2B/TSC2/MIB1/WDPCP/CELSR1/BRD2/DLC1,12
BP,GO:0021602,cranial nerve morphogenesis,4/829,31/18805,0.12903225806451613,2.926962138604615,2.305852264038819,0.045881586178674084,0.45324319949783304,0.426064250088774,EPHB2/TFAP2A/SEMA3A/PLXNA4,4
BP,GO:0070723,response to cholesterol,4/829,31/18805,0.12903225806451613,2.926962138604615,2.305852264038819,0.045881586178674084,0.45324319949783304,0.426064250088774,LRP8/SMAD2/GRAMD1A/TGFBR1,4
BP,GO:0150146,cell junction disassembly,4/829,31/18805,0.12903225806451613,2.926962138604615,2.305852264038819,0.045881586178674084,0.45324319949783304,0.426064250088774,PLXNC1/MAP4K4/IQSEC1/TGFBR1,4
BP,GO:1900027,regulation of ruffle assembly,4/829,31/18805,0.12903225806451613,2.926962138604615,2.305852264038819,0.045881586178674084,0.45324319949783304,0.426064250088774,PLEKHM1/EPS8L2/WDPCP/ARHGAP24,4
BP,GO:0006937,regulation of muscle contraction,13/829,175/18805,0.07428571428571429,1.6850939169395143,1.9553232533952405,0.04627989357343843,0.45499916306113614,0.42771491644099036,CACNA1C/CACNA1S/RYR2/PRKG1/ACTN3/ARHGAP42/MYL3/DLG1/NPNT/ANK2/PDE4D/ZDHHC21/DMD,13
BP,GO:1990266,neutrophil migration,9/829,107/18805,0.08411214953271028,1.9079963473614194,2.0227130173640617,0.04669386449746059,0.45499916306113614,0.42771491644099036,MCU/DAPK2/RTN4/IL1R1/DPP4/PREX1/SLIT2/ITGA1/PPIA,9
BP,GO:0043038,amino acid activation,5/829,45/18805,0.1111111111111111,2.520439619353974,2.192880039989763,0.04696302519645598,0.45499916306113614,0.42771491644099036,NARS2/LARS1/FARS2/VARS1/RARS2,5
BP,GO:0050691,regulation of defense response to virus by host,5/829,45/18805,0.1111111111111111,2.520439619353974,2.192880039989763,0.04696302519645598,0.45499916306113614,0.42771491644099036,NT5C2/PML/SIN3A/IL12RB1/CGAS,5
BP,GO:0090148,membrane fission,5/829,45/18805,0.1111111111111111,2.520439619353974,2.192880039989763,0.04696302519645598,0.45499916306113614,0.42771491644099036,EXOC6/TMCC1/EXOC4/VPS37A/MVB12B,5
BP,GO:1901861,regulation of muscle tissue development,5/829,45/18805,0.1111111111111111,2.520439619353974,2.192880039989763,0.04696302519645598,0.45499916306113614,0.42771491644099036,ACTN3/CDON/LUC7L/BCL2/SIRT2,5
BP,GO:0003170,heart valve development,7/829,75/18805,0.09333333333333334,2.1171692802573383,2.081788402914468,0.047022791622054985,0.45499916306113614,0.42771491644099036,TIE1/SMAD2/ROCK2/ACVR1/BMPR2/JAG1/SLIT2,7
BP,GO:0032411,positive regulation of transporter activity,7/829,75/18805,0.09333333333333334,2.1171692802573383,2.081788402914468,0.047022791622054985,0.45499916306113614,0.42771491644099036,EPHB2/CRACR2A/ATP1B2/ACTN4/STIM2/ANK2/DMD,7
BP,GO:0042130,negative regulation of T cell proliferation,7/829,75/18805,0.09333333333333334,2.1171692802573383,2.081788402914468,0.047022791622054985,0.45499916306113614,0.42771491644099036,DLG5/SCGB1A1/IL4I1/ITCH/IL20RB/DLG1/IDO1,7
BP,GO:0007173,epidermal growth factor receptor signaling pathway,12/829,158/18805,0.0759493670886076,1.7228321448748682,1.9593741432174812,0.047084954374154456,0.45499916306113614,0.42771491644099036,ERRFI1/EPHB2/TIE1/SLC30A10/PLCE1/IGF1R/CDH13/EFEMP1/NCK2/MERTK/ITGA1/MVB12B,12
BP,GO:0098876,vesicle-mediated transport to the plasma membrane,12/829,158/18805,0.0759493670886076,1.7228321448748682,1.9593741432174812,0.047084954374154456,0.45499916306113614,0.42771491644099036,EPS15/EXOC6/VTI1A/OSBPL5/RAB11FIP3/VPS35/LLGL1/LLGL2/PREPL/CCDC93/EXOC4/SNX30,12
BP,GO:0045995,regulation of embryonic development,8/829,91/18805,0.08791208791208792,1.994193984543804,2.041570452116578,0.0473918482775121,0.45705972251829846,0.4296519134458035,LAMA1/LAMA3/WDPCP/JAG1/NR2C2/LAMA4/LAMA2/EHMT1,8
BP,GO:0016482,cytosolic transport,11/829,141/18805,0.07801418439716312,1.769670371035769,1.9700072238865993,0.04753332287955342,0.4575199519767666,0.4300845450204377,EPS15/VTI1A/RAB6A/ERC1/SNX1/VPS35/SPAG9/TANC2/PREPL/SNX8/VPS13A,11
BP,GO:0008286,insulin receptor signaling pathway,13/829,176/18805,0.07386363636363637,1.6755195196841761,1.9335496222947686,0.0480518050304583,0.4605744144916332,0.43295584520158276,EPHB2/TIE1/SORBS1/VWA2/PTPRE/IGF1R/TSC2/PRKCB/TRIM72/SOCS7/PDK2/MERTK/SMARCC1,13
BP,GO:0010718,positive regulation of epithelial to mesenchymal transition,6/829,60/18805,0.1,2.2683956574185764,2.113214130873122,0.04808610192690588,0.4605744144916332,0.43295584520158276,BCL9L/SMAD2/ACVR1/JAG1/WWTR1/TGFBR1,6
BP,GO:0043434,response to peptide hormone,30/829,494/18805,0.06072874493927125,1.3775682130072326,1.8262436734035175,0.04813380151449446,0.4605744144916332,0.43295584520158276,ERRFI1/EPHB2/TIE1/SLC30A10/SORBS1/VWA2/PTPRE/TBC1D4/TCF12/IGF1R/TSC2/PRKCB/TRIM72/TRPV1/SOCS7/PDK2/PRKCA/SLC27A1/ROCK2/MERTK/TRIB3/COMT/PPARG/SMARCC1/SGCB/ARID1B/HDAC9/YWHAG/LEPROTL1/GCNT1,30
BP,GO:0008356,asymmetric cell division,3/829,19/18805,0.15789473684210525,3.581677353818805,2.4177838009207515,0.04886035819195093,0.46209020925721034,0.4343807445951084,PARD3/INSC/ZBTB16,3
BP,GO:0048339,paraxial mesoderm development,3/829,19/18805,0.15789473684210525,3.581677353818805,2.4177838009207515,0.04886035819195093,0.46209020925721034,0.4343807445951084,NUP133/SMAD2/EXOC4,3
BP,GO:0086014,atrial cardiac muscle cell action potential,3/829,19/18805,0.15789473684210525,3.581677353818805,2.4177838009207515,0.04886035819195093,0.46209020925721034,0.4343807445951084,CACNA1C/RYR2/ANK2,3
BP,GO:0086026,atrial cardiac muscle cell to AV node cell signaling,3/829,19/18805,0.15789473684210525,3.581677353818805,2.4177838009207515,0.04886035819195093,0.46209020925721034,0.4343807445951084,CACNA1C/RYR2/ANK2,3
BP,GO:0086066,atrial cardiac muscle cell to AV node cell communication,3/829,19/18805,0.15789473684210525,3.581677353818805,2.4177838009207515,0.04886035819195093,0.46209020925721034,0.4343807445951084,CACNA1C/RYR2/ANK2,3
BP,GO:1902514,regulation of calcium ion transmembrane transport via high voltage-gated calcium channel,3/829,19/18805,0.15789473684210525,3.581677353818805,2.4177838009207515,0.04886035819195093,0.46209020925721034,0.4343807445951084,NOS1AP/UBR3/PDE4D,3
BP,GO:0048754,branching morphogenesis of an epithelial tube,12/829,159/18805,0.07547169811320754,1.7119967225800579,1.936152554748436,0.04898476835362265,0.46237073416959096,0.4346444476943653,DLG5/CLIC4/TIE1/PML/HOXB7/LAMA1/BCL2/ACVR1/CELSR1/DLG1/SLIT2/NPNT,12
BP,GO:0110053,regulation of actin filament organization,18/829,267/18805,0.06741573033707865,1.5292554993833098,1.8704470913384852,0.049288637589631853,0.4643408328907403,0.43649640848529897,SVIL/SSH3/TMOD2/TMOD3/CGNL1/SSH2/GMFG/ROCK2/NCK2/ABI2/PREX1/BAIAP2L2/SHANK3/DLG1/SLIT2/SEMA5A/DLC1/TGFBR1,18
BP,GO:0062014,negative regulation of small molecule metabolic process,10/829,125/18805,0.08,1.8147165259348614,1.9625871597172269,0.04966256298757775,0.46662578486694695,0.438644342202363,UBR4/LEPR/ATP2B4/PROX1/PRKG1/ACTN3/UGT1A8/HDAC4/TRIB3/EP300,10
BP,GO:0060485,mesenchyme development,22/829,342/18805,0.06432748538011696,1.4592018848891428,1.8404390398620145,0.04976249650376991,0.46662578486694695,0.438644342202363,DLG5/NUP133/BCL9L/ACVRL1/SEMA6D/SMAD2/BCL2/ROCK2/RTN4/ACVR1/BMPR2/JAG1/ZFP64/WWTR1/SEMA5A/ARB2A/SEMA3A/EXOC4/ZFPM2/BNC2/TGFBR1/AKNA,22
BP,GO:0032481,positive regulation of type I interferon production,7/829,76/18805,0.09210526315789473,2.089311789727636,2.04341963527287,0.04991365977470211,0.46662578486694695,0.438644342202363,PLCG2/RIOK3/TANK/ZBTB20/CGAS/DDX3X/XIAP,7
BP,GO:0062208,positive regulation of pattern recognition receptor signaling pathway,7/829,76/18805,0.09210526315789473,2.089311789727636,2.04341963527287,0.04991365977470211,0.46662578486694695,0.438644342202363,MFHAS1/PUM1/USP15/PLCG2/MARK4/RTN4/DDX3X,7
CC,GO:0005912,adherens junction,24/857,189/19880,0.12698412698412698,2.945676131207053,5.704475786428461,2.1725809094806855e-6,9.800852757573144e-4,8.28215719387094e-4,DLG5/PARD3/VCL/SORBS1/DLG2/CCDC85C/FRMD5/TMOD3/MYO1E/CDH13/LLGL1/LLGL2/CYTH1/PTPRM/LAMA3/ITGA6/BMPR2/ABI2/JAG1/MAGI1/DLG1/ARHGAP24/NDRG1/SHROOM4,24
CC,GO:0042383,sarcolemma,20/857,143/19880,0.13986013986013987,3.2443635710846914,5.717008434810017,3.4208910148597363e-6,9.800852757573144e-4,8.28215719387094e-4,CACNA1C/NOS1AP/CACNA1S/ATP2B4/RYR2/PRKG1/VCL/AHNAK/IGF1R/TRIM72/DTNA/DYSF/KCNB1/DLG1/SGCB/ANK2/MLIP/LAMA2/UTRN/DMD,20
CC,GO:0005938,cell cortex,31/857,325/19880,0.09538461538461539,2.2126559554797596,4.678412897212072,3.203400252439599e-5,0.005038018224259295,0.004257349835876322,PARD3/VCL/EXOC6/DENND2B/INSC/ACTN3/ERC1/PPFIBP1/MYZAP/MYO1E/PRKCB/LLGL1/LLGL2/SEPTIN9/MYO5B/ACTN4/GMFG/WDPCP/ITCH/MICAL3/GRM7/PLS1/MAEA/MYO10/RAI14/CLTB/DBNL/EXOC4/DLC1/CLTA/SHROOM4,31
CC,GO:0030864,cortical actin cytoskeleton,13/857,80/19880,0.1625,3.7695449241540255,5.268281667420094,3.5169411687673963e-5,0.005038018224259295,0.004257349835876322,VCL/ACTN3/MYZAP/MYO1E/PRKCB/LLGL1/LLGL2/ACTN4/GMFG/PLS1/MAEA/DLC1/SHROOM4,13
CC,GO:0098984,neuron to neuron synapse,35/857,414/19880,0.08454106280193237,1.9611159025699132,4.194553596511209,1.2192967324525744e-4,0.010472471819281697,0.008849705220666079,DLG5/CACNA1C/EPHB2/LRP8/VTI1A/DAGLA/DLG2/PLXNC1/ANKS1B/RNF10/RTN1/TSC2/VPS35/ATP1B2/SRCIN1/MIB1/RTN4/NCK2/TANC1/BMPR2/SHANK3/GRM7/IQSEC1/KALRN/DLG1/SORCS2/GRM1/PDE10A/DBNL/MAGI2/PLXNA4/DLGAP2/PSD3/PTPRD/SH3KBP1,35
CC,GO:0016607,nuclear speck,35/857,415/19880,0.08433734939759036,1.9563903220817926,4.179075246701417,1.2781153568234681e-4,0.010472471819281697,0.008849705220666079,SFPQ/GATAD2B/GPATCH2/TAF5L/DOCK1/ZBTB16/DAZAP2/ADGRD1/PSPC1/WBP4/ARGLU1/ZC3H14/PPP4R3A/TCF12/CLK3/SRRM2/RMI2/ZC3H18/ATPAF2/DDX42/CBX4/ELL/EPAS1/HDAC4/RBM39/DYRK1A/PLA2G6/PACSIN2/RBM15B/DHX15/YTHDC1/RREB1/BRD2/ILRUN/SRPK1,35
CC,GO:0043296,apical junction complex,18/857,155/19880,0.11612903225806452,2.6938683328941924,4.493504344377294,1.2793595590745527e-4,0.010472471819281697,0.008849705220666079,ARHGAP17/NPHP4/MAGI3/PARD3/VCL/SORBS1/CCDC85C/CGNL1/CYTH1/MAGI1/WWTR1/CLDN16/DLG1/USP53/TJAP1/MAGI2/TGFBR1/SHROOM4,18
CC,GO:0005769,early endosome,36/857,440/19880,0.08181818181818182,1.8979526890845444,4.042777473919673,1.8742036532332784e-4,0.013423983666283357,0.011343864216938265,HLA-F/PTP4A2/ZMPSTE24/EPS15/SLC30A10/TOLLIP/DAGLA/SNX19/WDFY2/B2M/SNX1/PML/VPS35/ATP6V0D1/LLGL1/TBC1D16/PPP1R21/DYSF/CCDC93/OSBPL6/DNER/ITCH/AP1B1/PACSIN2/SORCS2/RASGEF1B/ANK2/ARRDC3/LNPEP/KIAA0319/SNX8/DBNL/SNX30/SLC31A1/MVB12B/AP1S2,36
CC,GO:0097060,synaptic membrane,36/857,452/19880,0.07964601769911504,1.8475645645955743,3.8687987163766078,3.1429840665848474e-4,0.020010331890590195,0.016909621878702104,GABBR1/CACNA1C/EPHB2/LRP8/ATP2B4/CNIH3/DAGLA/DLG2/ERC1/RNF10/PCDH9/GNB5/GNAO1/CNTNAP4/TRPV1/ITSN2/OTOF/KCNB1/SHANK3/GRM7/SLC6A1/CACNA2D2/CACNA2D3/DLG1/SORCS2/ANK2/KCTD16/CLTB/UTRN/GRM1/PDE10A/CHRNB3/PTPRD/CLTA/DMD/SRPX2,36
CC,GO:0005923,bicellular tight junction,15/857,129/19880,0.11627906976744186,2.697348782936691,4.105060648722848,4.483456774780495e-4,0.02336423691473468,0.01974382103569019,ARHGAP17/NPHP4/MAGI3/PARD3/CCDC85C/CGNL1/CYTH1/MAGI1/WWTR1/CLDN16/DLG1/USP53/TJAP1/MAGI2/TGFBR1,15
CC,GO:0032279,asymmetric synapse,31/857,376/19880,0.08244680851063829,1.9125350679013877,3.7916637382139875,4.485281083107879e-4,0.02336423691473468,0.01974382103569019,DLG5/CACNA1C/LRP8/DAGLA/DLG2/PLXNC1/ANKS1B/RNF10/RTN1/TSC2/VPS35/SRCIN1/MIB1/RTN4/NCK2/TANC1/BMPR2/SHANK3/GRM7/IQSEC1/KALRN/DLG1/SORCS2/GRM1/PDE10A/DBNL/MAGI2/PLXNA4/DLGAP2/PSD3/SH3KBP1,31
CC,GO:0005901,caveola,11/857,81/19880,0.13580246913580246,3.150236973651987,4.115810595246162,6.895398316004252e-4,0.02794608739680153,0.023615688807805096,LRP8/NOS1AP/ATP2B4/SORBS1/SCARB1/IGF1R/CDH13/BMPR2/PACSIN2/PLPP1/DLC1,11
CC,GO:0016459,myosin complex,9/857,57/19880,0.15789473684210525,3.662715715777191,4.272929356596894,6.902486843469463e-4,0.02794608739680153,0.023615688807805096,CGNL1/MYO1E/MYO15A/MYO18A/MYO5B/MYO7B/MYO18B/MYL3/MYO10,9
CC,GO:0070160,tight junction,15/857,136/19880,0.11029411764705882,2.5585146544031847,3.8708910432287564,7.847147277993238e-4,0.02794608739680153,0.023615688807805096,ARHGAP17/NPHP4/MAGI3/PARD3/CCDC85C/CGNL1/CYTH1/MAGI1/WWTR1/CLDN16/DLG1/USP53/TJAP1/MAGI2/TGFBR1,15
CC,GO:0030130,clathrin coat of trans-Golgi network vesicle,5/857,18/19880,0.2777777777777778,6.443666537015429,4.904157974479475,7.88455790567116e-4,0.02794608739680153,0.023615688807805096,AFTPH/AP1B1/CLTB/CLTA/AP1S2,5
CC,GO:0043034,costamere,5/857,18/19880,0.2777777777777778,6.443666537015429,4.904157974479475,7.88455790567116e-4,0.02794608739680153,0.023615688807805096,SVIL/VCL/AHNAK/ANK2/DMD,5
CC,GO:0030863,cortical cytoskeleton,13/857,109/19880,0.11926605504587157,2.766638476443322,3.9254982644799123,8.291160309696789e-4,0.02794608739680153,0.023615688807805096,VCL/ACTN3/MYZAP/MYO1E/PRKCB/LLGL1/LLGL2/ACTN4/GMFG/PLS1/MAEA/DLC1/SHROOM4,13
CC,GO:0030055,cell-substrate junction,33/857,434/19880,0.07603686635944701,1.7638423608235783,3.41492867648492,0.0012084491070320999,0.03846896324052185,0.03250798767454772,YWHAE/PRAG1/SVIL/VCL/SORBS1/AHNAK/ACTN3/DIXDC1/PPFIBP1/ITGBL1/B2M/PEAK1/SNTB2/CDH13/SSH2/RPL27/MRC2/LAMA3/ACTN4/MAP4K4/DPP4/ITGA6/PACSIN2/ARHGAP24/ITGA1/ARHGAP26/ITGB8/PPIA/YWHAG/DLC1/SH3KBP1/DMD/SHROOM4,33
CC,GO:0012510,trans-Golgi network transport vesicle membrane,5/857,20/19880,0.25,5.799299883313886,4.557759838327384,0.0013280315213439991,0.040050634827900604,0.033844570627049285,AFTPH/AP1B1/CLTB/CLTA/AP1S2,5
CC,GO:0030118,clathrin coat,8/857,51/19880,0.1568627450980392,3.6387763973734186,4.004842548909358,0.0014175140846836277,0.04061177852618593,0.034318762050235194,EPS15/EPS15L1/AFTPH/AP1B1/BAIAP2L2/CLTB/CLTA/AP1S2,8
CC,GO:0043292,contractile muscle fiber,22/857,254/19880,0.08661417322834646,2.009206258785913,3.4358094522198868,0.0015454181537672951,0.04216783819565048,0.035633701791125606,SQSTM1/CACNA1C/NOS1AP/CACNA1S/ATP2B4/RYR2/SVIL/VCL/AHNAK/ACTN3/TMOD2/TMOD3/MYZAP/MYOM1/ACTN4/MYO18B/MYL3/NPNT/ANK2/DNAJB6/IDO1/DMD,22
CC,GO:0002102,podosome,7/857,41/19880,0.17073170731707318,3.960497481287532,4.0275868056853446,0.0016835383078475203,0.04384852047257405,0.03705395318707461,NOS1AP/SVIL/VCL/SH3PXD2A/ERC1/SH3PXD2B/DBNL,7
CC,GO:0030315,T-tubule,8/857,53/19880,0.1509433962264151,3.5014640804914023,3.8703645789205536,0.0018293351545195142,0.045574306240855726,0.038512319042516084,CACNA1C/NOS1AP/CACNA1S/ATP2B4/AHNAK/IGF1R/DYSF/ANK2,8
CC,GO:0014069,postsynaptic density,28/857,360/19880,0.07777777777777778,1.80422663036432,3.268420813022797,0.001980579951744508,0.047286346347900125,0.03995906920186289,DLG5/CACNA1C/LRP8/DAGLA/DLG2/ANKS1B/RNF10/RTN1/TSC2/VPS35/SRCIN1/MIB1/RTN4/NCK2/TANC1/BMPR2/SHANK3/IQSEC1/KALRN/DLG1/SORCS2/GRM1/PDE10A/DBNL/MAGI2/DLGAP2/PSD3/SH3KBP1,28
CC,GO:0001650,fibrillar center,15/857,150/19880,0.1,2.319719953325554,3.4435948033999306,0.0021167736248320908,0.048516451481151524,0.04099856283885313,ACACA/DEAF1/BCL9L/TXNRD1/PSPC1/UTP4/TAF1C/COIL/NFIC/TIMM44/URB1/RAI14/RREB1/POLR1C/AKNA,15
CC,GO:0032421,stereocilium bundle,9/857,70/19880,0.12857142857142856,2.9824970828471407,3.5266918407117775,0.0030354143959128318,0.06236098387577945,0.052697809466076134,ESPN/PCDH15/EPS8L2/DIAPH3/MYO15A/LOXHD1/PLS1/ADGRV1/IDO1,9
CC,GO:0005604,basement membrane,11/857,97/19880,0.1134020618556701,2.6306102563485667,3.416946155121396,0.003038807086411084,0.06236098387577945,0.052697809466076134,VWA2/COL4A2/LAMA1/LAMA3/PXDN/DLG1/NPNT/LAMA4/LAMA2/LAMB4/MATN2,11
CC,GO:0005925,focal adhesion,31/857,424/19880,0.07311320754716981,1.696021663988023,3.0748722762056686,0.003047308112603533,0.06236098387577945,0.052697809466076134,YWHAE/PRAG1/SVIL/VCL/SORBS1/AHNAK/ACTN3/DIXDC1/PPFIBP1/ITGBL1/B2M/PEAK1/SNTB2/CDH13/SSH2/RPL27/MRC2/ACTN4/MAP4K4/DPP4/ITGA6/PACSIN2/ARHGAP24/ITGA1/ARHGAP26/ITGB8/PPIA/YWHAG/DLC1/SH3KBP1/SHROOM4,31
CC,GO:0044754,autolysosome,4/857,15/19880,0.26666666666666666,6.185919875534811,4.26457072382793,0.0031976485423728827,0.06318112464757454,0.05339086495432036,PLEKHM1/SQSTM1/PIK3C3/MAP1LC3A,4
CC,GO:0030658,transport vesicle membrane,21/857,254/19880,0.08267716535433071,1.9178787015683718,3.1248877931393464,0.0034030158120329917,0.06499760200983015,0.05492586924684829,HLA-F/CNIH3/VTI1A/SEC23IP/SYT13/B2M/MCTP2/ATP6V0D1/SNTB2/RAB27B/OTOF/AFTPH/DYSF/AP1B1/MCTP1/CLTB/SLC35F1/SYPL1/CLTA/STX17/AP1S2,21
CC,GO:0099568,cytoplasmic region,24/857,307/19880,0.0781758957654723,1.813461852762648,3.0487783733910994,0.0037534415084476956,0.06580121754459226,0.05560496017362441,RP1L1/ODAD2/INSC/DLG2/ERC1/CFAP54/DNAH10/BBOF1/ZC3H14/MAPK8IP3/TEKT5/ODAD4/SEPTIN9/PIK3C3/MYO5B/RAB27B/WDR35/WDPCP/CFAP90/ROPN1L/FBXW11/CLTB/PACRG/CLTA,24
CC,GO:0000152,nuclear ubiquitin ligase complex,7/857,47/19880,0.14893617021276595,3.4549020581444423,3.576325727020144,0.0037670976500965426,0.06580121754459226,0.05560496017362441,SAMD11/ANAPC16/PCGF5/RAD51/CBX4/FZR1/ANAPC2,7
CC,GO:0045121,membrane raft,23/857,291/19880,0.07903780068728522,1.8334556332126373,3.0399820657280383,0.003930689604994419,0.06580121754459226,0.05560496017362441,LRP8/NOS1AP/ATP2B4/UNC5B/VCL/SORBS1/AHNAK/SCARB1/IGF1R/PLCG2/CDH13/SKAP1/LYPD6/DPP4/BMPR2/PACSIN2/DLG1/PLPP1/IL6ST/RGMB/DLC1/TGFBR1/DMD,23
CC,GO:0099572,postsynaptic specialization,29/857,396/19880,0.07323232323232323,1.6987848143040676,2.9812621400580337,0.00398240694152519,0.06580121754459226,0.05560496017362441,DLG5/CACNA1C/LRP8/DAGLA/DLG2/ANKS1B/RNF10/RTN1/TSC2/VPS35/SRCIN1/MIB1/RTN4/NCK2/TANC1/BMPR2/KCNB1/SHANK3/IQSEC1/KALRN/DLG1/SORCS2/GRM1/PDE10A/DBNL/MAGI2/DLGAP2/PSD3/SH3KBP1,29
CC,GO:0044853,plasma membrane raft,12/857,115/19880,0.10434782608695652,2.4205773426005783,3.242750749198731,0.004019271577767416,0.06580121754459226,0.05560496017362441,LRP8/NOS1AP/ATP2B4/SORBS1/SCARB1/IGF1R/CDH13/SKAP1/BMPR2/PACSIN2/PLPP1/DLC1,12
CC,GO:0009898,cytoplasmic side of plasma membrane,15/857,161/19880,0.09316770186335403,2.1612297701790877,3.1400519236389446,0.004170743115066326,0.06616293292663604,0.05591062578534505,GNB1/RGS8/RASA3/GNB5/MYZAP/GNAO1/CYTH1/DTNA/GNG7/PLEKHA4/KCNAB1/DLG1/SNX18/KCNIP1/SHROOM4,15
CC,GO:0098857,membrane microdomain,23/857,293/19880,0.07849829351535836,1.8209405776958276,3.0047596942542767,0.004272301079032345,0.06616293292663604,0.05591062578534505,LRP8/NOS1AP/ATP2B4/UNC5B/VCL/SORBS1/AHNAK/SCARB1/IGF1R/PLCG2/CDH13/SKAP1/LYPD6/DPP4/BMPR2/PACSIN2/DLG1/PLPP1/IL6ST/RGMB/DLC1/TGFBR1/DMD,23
CC,GO:0030016,myofibril,20/857,244/19880,0.08196721311475409,1.9014097978078313,3.0070375380996177,0.00461890572262326,0.06964823629113495,0.05885586239353739,SQSTM1/CACNA1C/NOS1AP/CACNA1S/ATP2B4/RYR2/SVIL/VCL/AHNAK/ACTN3/TMOD2/TMOD3/MYZAP/MYOM1/ACTN4/MYO18B/MYL3/ANK2/DNAJB6/DMD,20
CC,GO:0031519,PcG protein complex,7/857,49/19880,0.14285714285714285,3.313885647607935,3.442039095928273,0.004777360548134893,0.07019045113028957,0.05931405808750475,RYBP/SAMD11/PCGF5/AEBP2/KDM2B/CBX4/JARID2,7
CC,GO:0042734,presynaptic membrane,16/857,181/19880,0.08839779005524862,2.0505811742104347,3.0136650769969515,0.005253742601027092,0.07472459569131568,0.06314561223111088,GABBR1/EPHB2/ATP2B4/ERC1/GNB5/GNAO1/CNTNAP4/ITSN2/OTOF/SLC6A1/CACNA2D2/CACNA2D3/KCTD16/CLTB/PTPRD/CLTA,16
CC,GO:0030140,trans-Golgi network transport vesicle,6/857,38/19880,0.15789473684210525,3.662715715777191,3.4871614187466755,0.00534678607913428,0.07472459569131568,0.06314561223111088,RAB27B/AFTPH/AP1B1/CLTB/CLTA/AP1S2,6
CC,GO:0031901,early endosome membrane,17/857,200/19880,0.085,1.9717619603267214,2.9316391936619977,0.006046780945621766,0.08160104377180297,0.06895651719487346,HLA-F/ZMPSTE24/EPS15/SLC30A10/DAGLA/SNX19/B2M/SNX1/PML/LLGL1/OSBPL6/ITCH/SORCS2/KIAA0319/SNX8/SNX30/SLC31A1,17
CC,GO:0016010,dystrophin-associated glycoprotein complex,4/857,18/19880,0.2222222222222222,5.154933229612342,3.7431478935895335,0.006467518153524167,0.08160104377180297,0.06895651719487346,SNTB2/SGCB/UTRN/DMD,4
CC,GO:0030132,clathrin coat of coated pit,4/857,18/19880,0.2222222222222222,5.154933229612342,3.7431478935895335,0.006467518153524167,0.08160104377180297,0.06895651719487346,EPS15/EPS15L1/CLTB/CLTA,4
CC,GO:0045211,postsynaptic membrane,24/857,321/19880,0.07476635514018691,1.734370058561162,2.815414405387299,0.006491742972803203,0.08160104377180297,0.06895651719487346,GABBR1/CACNA1C/EPHB2/LRP8/CNIH3/DAGLA/DLG2/RNF10/GNB5/GNAO1/TRPV1/KCNB1/SHANK3/GRM7/SLC6A1/DLG1/SORCS2/ANK2/KCTD16/UTRN/GRM1/PDE10A/CHRNB3/DMD,24
CC,GO:0098858,actin-based cell projection,19/857,235/19880,0.08085106382978724,1.8755182601355544,2.8656377968484756,0.0065508691335129775,0.08160104377180297,0.06895651719487346,ESPN/CLIC4/NOS1AP/PCDH15/EPS8L2/MYO1E/MYO15A/LOXHD1/MYO7B/ITGA6/ABI2/PLS1/MYO10/ADGRV1/UTRN/OSBPL3/EXOC4/B4GALT1/DMD,19
CC,GO:0030135,coated vesicle,24/857,322/19880,0.07453416149068323,1.7289838161432705,2.7991861178194117,0.0067380801539664754,0.08214723251537853,0.06941807101510815,HLA-F/CNIH3/VTI1A/SEC23IP/PACS1/ARCN1/CRACR2A/VWF/APOLD1/B2M/RAB27A/MYO1E/ATP6V0D1/RAB27B/AFTPH/AAK1/AP1B1/SNX18/CLTB/KIAA0319/DBNL/CLTA/STX17/AP1S2,24
CC,GO:0098982,GABA-ergic synapse,11/857,108/19880,0.10185185185185185,2.3626777302389903,3.0138935506752222,0.006891965450487139,0.08227283756519022,0.06952421287772113,GABBR1/GNAO1/CDH13/TRPV1/PIK3C3/STRN4/SLC6A1/CACNA2D2/CACNA2D3/SH3KBP1/SHROOM4,11
CC,GO:0098862,cluster of actin-based cell projections,15/857,173/19880,0.08670520231213873,2.011317878605972,2.8356240566428457,0.008022169414247556,0.09381026682375203,0.0792738545768824,ESPN/PCDH15/VCL/EPS8L2/ACTN3/DIAPH3/MYO1E/PRKCB/MYO15A/LOXHD1/MYO7B/PLS1/ADGRV1/IDO1/B4GALT1,15
CC,GO:0010494,cytoplasmic stress granule,10/857,96/19880,0.10416666666666667,2.416374951380786,2.952602453876178,0.008365438874444435,0.09586792950113322,0.0810126712051461,PUM1/YBX1/DAZAP2/ATXN2/RPTOR/GIGYF2/MBNL1/IGF2BP2/HIPK2/DDX3X,10
CC,GO:0098562,cytoplasmic side of membrane,17/857,209/19880,0.08133971291866028,1.886853550551886,2.7356466866192832,0.009231854770162994,0.10372260359418421,0.0876502207280697,GNB1/RGS8/RASA3/GNB5/MYZAP/GNAO1/RPL27/CYTH1/DTNA/GNG7/PLEKHA4/KCNAB1/DLG1/SNX18/KCNIP1/DNAJA1/SHROOM4,17
CC,GO:0045177,apical part of cell,32/857,479/19880,0.06680584551148225,1.549708528317698,2.584855961682924,0.009773997950639402,0.10770193895608418,0.09101293638247217,ITPK1/SLC5A11/CLIC4/EPS15/PAPPA2/PARD3/INSC/SLC43A1/ANO1/ATP12A/RAB27A/ATP6V0D1/ATP1B2/MYO5B/RAB27B/WDPCP/MYO7B/ACVR1/DPP4/BMPR2/JAG1/KCNB1/PLD1/DLG1/SLC2A9/ANK2/PLPP1/PDE4D/NOD1/PALM2AKAP2/SLC31A1/SHROOM4,32
CC,GO:0097648,G protein-coupled receptor complex,3/857,11/19880,0.2727272727272727,6.326508963615147,3.750586393683163,0.010158244656468307,0.10779026274363591,0.09108757391764953,GABBR1/RAMP1/GRM1,3
CC,GO:0098843,postsynaptic endocytic zone,3/857,11/19880,0.2727272727272727,6.326508963615147,3.750586393683163,0.010158244656468307,0.10779026274363591,0.09108757391764953,EPS15/CLTB/CLTA,3
CC,GO:0030660,Golgi-associated vesicle membrane,7/857,57/19880,0.12280701754385964,2.8487788900489264,2.966783703697381,0.010941235682042213,0.11398778265109433,0.09632475432994102,GPR89A/ARCN1/AFTPH/AP1B1/CLTB/CLTA/AP1S2,7
CC,GO:0031253,cell projection membrane,25/857,359/19880,0.06963788300835655,1.6154038672183526,2.4974947758920103,0.01298507972144916,0.12525492232605304,0.10584598928995019,PLEKHA1/EPS8L2/DAGLA/MOSMO/PRKCB/PLCG2/TRPV1/ATP1B2/ADGRE2/DPP4/KCNB1/PACSIN2/SHANK3/DLG1/EVC2/MYO10/ADGRV1/CLTB/UTRN/IQCE/DLC1/PSD3/B4GALT1/BMX/DMD,25
CC,GO:0031674,I band,13/857,150/19880,0.08666666666666667,2.0104239595488136,2.6365371589367346,0.013066758201088683,0.12525492232605304,0.10584598928995019,CACNA1C/NOS1AP/CACNA1S/ATP2B4/RYR2/ACTN3/MYZAP/ACTN4/MYO18B/MYL3/ANK2/DNAJB6/DMD,13
CC,GO:0000813,ESCRT I complex,3/857,12/19880,0.25,5.799299883313886,3.5297147421655457,0.013115698672885133,0.12525492232605304,0.10584598928995019,DIAPH3/VPS37A/MVB12B,3
CC,GO:0030121,AP-1 adaptor complex,3/857,12/19880,0.25,5.799299883313886,3.5297147421655457,0.013115698672885133,0.12525492232605304,0.10584598928995019,AFTPH/AP1B1/AP1S2,3
CC,GO:0044224,juxtaparanode region of axon,3/857,12/19880,0.25,5.799299883313886,3.5297147421655457,0.013115698672885133,0.12525492232605304,0.10584598928995019,DLG2/SIRT2/KCNAB1,3
CC,GO:0043204,perikaryon,13/857,152/19880,0.08552631578947369,1.983971012712645,2.5847035703701007,0.01446810450652253,0.13590530954487556,0.11484604094910032,CACNA1C/RGS8/DLG2/SIRT2/LYPD6/GIGYF2/KCNB1/SORCS2/ITGA1/CPNE5/OPRM1/PDE10A/DBNL,13
CC,GO:0005767,secondary lysosome,4/857,23/19880,0.17391304347826086,4.034295571000964,3.090389055809699,0.01578443208192431,0.13968036682024623,0.1180361325200942,PLEKHM1/SQSTM1/PIK3C3/MAP1LC3A,4
CC,GO:0090665,glycoprotein complex,4/857,23/19880,0.17391304347826086,4.034295571000964,3.090389055809699,0.01578443208192431,0.13968036682024623,0.1180361325200942,SNTB2/SGCB/UTRN/DMD,4
CC,GO:0030017,sarcomere,17/857,222/19880,0.07657657657657657,1.7763621264204692,2.4689900321744065,0.016052252939495644,0.13968036682024623,0.1180361325200942,SQSTM1/CACNA1C/NOS1AP/CACNA1S/ATP2B4/RYR2/ACTN3/TMOD2/TMOD3/MYZAP/MYOM1/ACTN4/MYO18B/MYL3/ANK2/DNAJB6/DMD,17
CC,GO:0030136,clathrin-coated vesicle,17/857,222/19880,0.07657657657657657,1.7763621264204692,2.4689900321744065,0.016052252939495644,0.13968036682024623,0.1180361325200942,VTI1A/CRACR2A/VWF/APOLD1/RAB27A/MYO1E/ATP6V0D1/RAB27B/AFTPH/AAK1/AP1B1/SNX18/CLTB/KIAA0319/DBNL/CLTA/AP1S2,17
CC,GO:0030125,clathrin vesicle coat,5/857,35/19880,0.14285714285714285,3.313885647607935,2.908027684492277,0.016332608336747816,0.13968036682024623,0.1180361325200942,AFTPH/AP1B1/CLTB/CLTA/AP1S2,5
CC,GO:0099738,cell cortex region,5/857,35/19880,0.14285714285714285,3.313885647607935,2.908027684492277,0.016332608336747816,0.13968036682024623,0.1180361325200942,INSC/ERC1/MYO5B/CLTB/CLTA,5
CC,GO:0035580,specific granule lumen,7/857,62/19880,0.11290322580645161,2.6190386569804645,2.7100126922783887,0.016936778835949184,0.14237143345500958,0.12031020370956996,VCL/TOLLIP/TCN1/CRACR2A/B2M/RAB27A/CANT1,7
CC,GO:0019897,extrinsic component of plasma membrane,10/857,107/19880,0.09345794392523364,2.1679625732014522,2.571181329176168,0.01714420402861372,0.14237143345500958,0.12031020370956996,GNB1/TOLLIP/RNF10/GNB5/GNAO1/CDH13/DTNA/GNG7/PLEKHA4/PDE10A,10
CC,GO:0030133,transport vesicle,29/857,444/19880,0.06531531531531531,1.515132401946871,2.329995496943807,0.017727526399576372,0.14417867377283822,0.12183740228806025,HLA-F/VPS45/CNIH3/VTI1A/SEC23IP/SYT13/RAB1B/RAB6A/ARCN1/NTF3/APOLD1/B2M/RAB27A/MCTP2/ATP6V0D1/SNTB2/RAB27B/OTOF/AFTPH/DYSF/AP1B1/IQSEC1/MCTP1/CLTB/SLC35F1/SYPL1/CLTA/STX17/AP1S2,29
CC,GO:0031234,extrinsic component of cytoplasmic side of plasma membrane,6/857,49/19880,0.12244897959183673,2.8404734122353723,2.737810940000293,0.018191671269479296,0.14417867377283822,0.12183740228806025,GNB1/GNB5/GNAO1/DTNA/GNG7/PLEKHA4,6
CC,GO:0070382,exocytic vesicle,18/857,243/19880,0.07407407407407407,1.7183110765374476,2.39125727341381,0.018349236089267182,0.14417867377283822,0.12183740228806025,VPS45/VTI1A/SYT13/RAB6A/NTF3/RAB27A/MCTP2/ATP6V0D1/RAB27B/OTOF/DYSF/AP1B1/IQSEC1/MCTP1/CLTB/SLC35F1/SYPL1/CLTA,18
CC,GO:0032420,stereocilium,7/857,63/19880,0.1111111111111111,2.577466614806171,2.661703468851377,0.018368312714515167,0.14417867377283822,0.12183740228806025,ESPN/PCDH15/EPS8L2/MYO15A/LOXHD1/PLS1/ADGRV1,7
CC,GO:0005905,clathrin-coated pit,8/857,78/19880,0.10256410256410256,2.3791999521287734,2.590408046992408,0.01896364178901274,0.1468400911500581,0.12408641853408052,EPS15/EPS15L1/AAK1/BMPR2/CLTB/REPS1/CLTA/AP1S2,8
CC,GO:0030672,synaptic vesicle membrane,12/857,143/19880,0.08391608391608392,1.9466181426508147,2.4112955564785743,0.02097253531771898,0.15436213432020446,0.13044288010892635,VTI1A/SYT13/MCTP2/ATP6V0D1/RAB27B/OTOF/DYSF/MCTP1/CLTB/SLC35F1/SYPL1/CLTA,12
CC,GO:0099501,exocytic vesicle membrane,12/857,143/19880,0.08391608391608392,1.9466181426508147,2.4112955564785743,0.02097253531771898,0.15436213432020446,0.13044288010892635,VTI1A/SYT13/MCTP2/ATP6V0D1/RAB27B/OTOF/DYSF/MCTP1/CLTB/SLC35F1/SYPL1/CLTA,12
CC,GO:0005798,Golgi-associated vesicle,9/857,95/19880,0.09473684210526316,2.1976294294663146,2.4835013970469766,0.02131036852441149,0.15436213432020446,0.13044288010892635,GPR89A/PACS1/ARCN1/RAB27B/AFTPH/AP1B1/CLTB/CLTA/AP1S2,9
CC,GO:0032432,actin filament bundle,9/857,95/19880,0.09473684210526316,2.1976294294663146,2.4835013970469766,0.02131036852441149,0.15436213432020446,0.13044288010892635,SORBS1/ABLIM1/DIXDC1/DIAPH3/SEPTIN9/ACTN4/PLS1/RAI14/SHROOM4,9
CC,GO:0016324,apical plasma membrane,27/857,413/19880,0.06537530266343826,1.5165239404307498,2.2514595083331486,0.02134324430422218,0.15436213432020446,0.13044288010892635,ITPK1/SLC5A11/EPS15/PAPPA2/PARD3/SLC43A1/ANO1/ATP12A/RAB27A/ATP6V0D1/ATP1B2/RAB27B/WDPCP/DPP4/BMPR2/JAG1/KCNB1/PLD1/DLG1/SLC2A9/ANK2/PLPP1/PDE4D/NOD1/PALM2AKAP2/SLC31A1/SHROOM4,27
CC,GO:0005770,late endosome,22/857,320/19880,0.06875,1.5948074679113184,2.2767489781391754,0.021551432365822614,0.15436213432020446,0.13044288010892635,PLEKHM1/SQSTM1/ZMPSTE24/VTI1A/ANKRD13A/B2M/RAB27A/ABCA3/VPS35/PIK3C3/RAB27B/KIDINS220/DYSF/RNF149/MAP1LC3A/IFNAR1/PLD1/RASGEF1B/MAGI2/VPS37A/SLC31A1/MVB12B,22
CC,GO:0000407,phagophore assembly site,5/857,38/19880,0.13157894736842105,3.0522630964809925,2.6876968685623464,0.022731683282067944,0.15965664468314356,0.13491697722833842,SQSTM1/RAB1B/PIK3C3/ILRUN/SNX30,5
CC,GO:0032588,trans-Golgi network membrane,10/857,112/19880,0.08928571428571429,2.071178529754959,2.412890859764193,0.02284789679584253,0.15965664468314356,0.13491697722833842,LGR6/VTI1A/RAB6A/CRACR2A/RAB11FIP3/LLGL1/AFTPH/AP1B1/CLTA/AP1S2,10
CC,GO:0016363,nuclear matrix,11/857,129/19880,0.08527131782945736,1.9780557741535734,2.3654409223939385,0.023767671065873203,0.16211013885258366,0.13699028910110864,CLIC4/SFPQ/SORBS1/PSPC1/PML/HLCS/SMARCC1/MAEA/RGS12/ATXN1/SRPK1,11
CC,GO:0030117,membrane coat,9/857,97/19880,0.09278350515463918,2.152317482467009,2.4146829543510093,0.0240477518367707,0.16211013885258366,0.13699028910110864,EPS15/ARCN1/EPS15L1/AFTPH/AP1B1/BAIAP2L2/CLTB/CLTA/AP1S2,9
CC,GO:0048475,coated membrane,9/857,97/19880,0.09278350515463918,2.152317482467009,2.4146829543510093,0.0240477518367707,0.16211013885258366,0.13699028910110864,EPS15/ARCN1/EPS15L1/AFTPH/AP1B1/BAIAP2L2/CLTB/CLTA/AP1S2,9
CC,GO:0001673,male germ cell nucleus,6/857,53/19880,0.11320754716981132,2.6260980603685518,2.51596350464705,0.02587163265475376,0.17237727338574307,0.14566647516752423,TAF3/ZBTB16/RAD51/AIRE/SMARCC1/ZFPM2,6
CC,GO:0032838,plasma membrane bounded cell projection cytoplasm,19/857,272/19880,0.06985294117647059,1.6203926144553504,2.1866667228620975,0.02698336663510151,0.17771803542428927,0.15017965701326916,RP1L1/ODAD2/DLG2/CFAP54/DNAH10/BBOF1/ZC3H14/MAPK8IP3/TEKT5/ODAD4/SEPTIN9/PIK3C3/RAB27B/WDR35/WDPCP/CFAP90/ROPN1L/FBXW11/PACRG,19
CC,GO:0005930,axoneme,14/857,185/19880,0.07567567567567568,1.7554637484625817,2.191137717399554,0.029639552620782484,0.1929939051330496,0.16308844743492754,RP1L1/ODAD2/CFAP54/DNAH10/BBOF1/TEKT5/ODAD4/SEPTIN9/PIK3C3/WDR35/WDPCP/CFAP90/ROPN1L/PACRG,14
CC,GO:0098791,Golgi apparatus subcompartment,25/857,388/19880,0.06443298969072164,1.4946649183798673,2.088559954083474,0.030266281319697545,0.19329414457184707,0.16334216313594135,GPR89B/GPR89A/LGR6/SGMS1/VTI1A/RAB6A/CRACR2A/ATXN2/RAB11FIP3/MBTPS1/LLGL1/MYO18A/CANT1/RAB27B/ASAP2/PREPL/AFTPH/BACE2/AP1B1/CLTB/TJAP1/B4GALT1/CLTA/GCNT1/AP1S2,25
CC,GO:0030018,Z disc,11/857,134/19880,0.08208955223880597,1.9042477228791865,2.2291969002169782,0.030360336843745613,0.19329414457184707,0.16334216313594135,CACNA1C/NOS1AP/ATP2B4/RYR2/ACTN3/MYZAP/ACTN4/MYO18B/ANK2/DNAJB6/DMD,11
CC,GO:0097014,ciliary plasm,14/857,186/19880,0.07526881720430108,1.7460257713203098,2.1696591365117275,0.030835660795542622,0.19416300698731784,0.16407639058356976,RP1L1/ODAD2/CFAP54/DNAH10/BBOF1/TEKT5/ODAD4/SEPTIN9/PIK3C3/WDR35/WDPCP/CFAP90/ROPN1L/PACRG,14
CC,GO:0030662,coated vesicle membrane,15/857,205/19880,0.07317073170731707,1.697356063408942,2.1302094906918545,0.03238877791531631,0.20172575810300267,0.17046725218587533,HLA-F/CNIH3/VTI1A/SEC23IP/ARCN1/B2M/ATP6V0D1/AFTPH/AP1B1/CLTB/KIAA0319/DBNL/CLTA/STX17/AP1S2,15
CC,GO:0044232,organelle membrane contact site,6/857,56/19880,0.10714285714285714,2.485414235705951,2.362621352194483,0.0328687436775272,0.2025138723357321,0.17113324382187337,MICOS10/OSBPL5/GRAMD1A/TMCC1/VPS13A/STX17,6
CC,GO:0036464,cytoplasmic ribonucleoprotein granule,18/857,261/19880,0.06896551724137931,1.5998068643624512,2.0703388205730495,0.03422908138174828,0.20855753383344885,0.17624040702376503,SQSTM1/PUM1/YBX1/TAF5L/RBM20/BMAL1/DAZAP2/ATXN2/EXD1/HELZ/RPTOR/ROCK2/GIGYF2/TNRC6B/MBNL1/IGF2BP2/HIPK2/DDX3X,18
CC,GO:0031941,filamentous actin,4/857,29/19880,0.13793103448275862,3.1996137287249025,2.5159522809735146,0.03457760159542346,0.20855753383344885,0.17624040702376503,ESPN/DIAPH3/SPECC1L/MYO18B,4
CC,GO:0034704,calcium channel complex,7/857,72/19880,0.09722222222222222,2.2552832879554,2.264831284346975,0.03522078393178748,0.21022405409285652,0.1776486908840158,CACNA1C/CACNA1S/RYR2/MCU/CACNA2D2/CACNA2D3/PDE4D,7
CC,GO:0008021,synaptic vesicle,16/857,226/19880,0.07079646017699115,1.6422796129738435,2.0611094503865592,0.03604044809176122,0.2114849004249062,0.17871416220346623,VPS45/VTI1A/SYT13/NTF3/MCTP2/ATP6V0D1/RAB27B/OTOF/DYSF/AP1B1/IQSEC1/MCTP1/CLTB/SLC35F1/SYPL1/CLTA,16
CC,GO:0034399,nuclear periphery,12/857,155/19880,0.07741935483870968,1.7959122219294614,2.1114008435780955,0.03617019239378849,0.2114849004249062,0.17871416220346623,CLIC4/SFPQ/RNF220/SORBS1/PSPC1/PML/HLCS/SMARCC1/MAEA/RGS12/ATXN1/SRPK1,12
CC,GO:0044304,main axon,7/857,73/19880,0.0958904109589041,2.2243889963395724,2.2244347503228825,0.037567490690510755,0.21743608248144103,0.1837431761577347,PARD3/DAGLA/DLG2/MBP/SIRT2/KCNAB1/DLG1,7
CC,GO:0098636,protein complex involved in cell adhesion,6/857,58/19880,0.10344827586206896,2.399710296543677,2.2658261886812814,0.03815481070876993,0.2186270653612517,0.18474960974772808,ITGBL1/LAMA1/ITGA6/ITGA1/LAMA2/ITGB8,6
CC,GO:0031143,pseudopodium,3/857,18/19880,0.16666666666666666,3.866199922209257,2.582137812699592,0.04017658808559304,0.22350665022373603,0.18887307633492895,ACTN3/ACTN4/PLA2G6,3
CC,GO:0031527,filopodium membrane,3/857,18/19880,0.16666666666666666,3.866199922209257,2.582137812699592,0.04017658808559304,0.22350665022373603,0.18887307633492895,MYO10/UTRN/DMD,3
CC,GO:0035102,PRC1 complex,3/857,18/19880,0.16666666666666666,3.866199922209257,2.582137812699592,0.04017658808559304,0.22350665022373603,0.18887307633492895,SAMD11/PCGF5/CBX4,3
CC,GO:0042641,actomyosin,8/857,91/19880,0.08791208791208792,2.039314244681806,2.1091323135779265,0.04252244758482005,0.2337802864513369,0.19755475662278857,SORBS1/ABLIM1/DIXDC1/MYO18A/SEPTIN9/ACTN4/RAI14/SHROOM4,8
CC,GO:0008305,integrin complex,4/857,31/19880,0.12903225806451613,2.9931870365491022,2.35726147658285,0.04283931950678948,0.2337802864513369,0.19755475662278857,ITGBL1/ITGA6/ITGA1/ITGB8,4
CC,GO:0005891,voltage-gated calcium channel complex,5/857,45/19880,0.1111111111111111,2.577466614806171,2.2485290614158893,0.04336085601381132,0.2343940612822065,0.19807342369764855,CACNA1C/CACNA1S/CACNA2D2/CACNA2D3/PDE4D,5
CC,GO:0044291,cell-cell contact zone,7/857,76/19880,0.09210526315789473,2.1365841675366948,2.1070755770772926,0.045214894215263826,0.24079168750557414,0.20347970286132838,VCL/AHNAK/PCDH9/BAIAP2L2/DLG1/ANK2/SLC31A1,7
CC,GO:0055038,recycling endosome membrane,9/857,109/19880,0.08256880733944955,1.9153650990761457,2.033955535160209,0.04585384478079384,0.24079168750557414,0.20347970286132838,HLA-F/SLC30A10/B2M/RAB11FIP3/PACSIN2/SORCS2/SNX18/NDRG1/SLC31A1,9
CC,GO:0032433,filopodium tip,3/857,19/19880,0.15789473684210525,3.662715715777191,2.4646157540393108,0.04622528032393221,0.24079168750557414,0.20347970286132838,ABI2/MYO10/OSBPL3,3
CC,GO:0042588,zymogen granule,3/857,19/19880,0.15789473684210525,3.662715715777191,2.4646157540393108,0.04622528032393221,0.24079168750557414,0.20347970286132838,DNASE1/RAB27B/ANXA4,3
CC,GO:0019005,SCF ubiquitin ligase complex,6/857,61/19880,0.09836065573770492,2.2816917573693973,2.127922535285817,0.04704799051677219,0.24286935645144564,0.20523542567771655,SPSB1/FBXL20/FBXL7/FBXW11/FBXL13/FBXO25,6
CC,GO:0034451,centriolar satellite,10/857,127/19880,0.07874015748031496,1.82655114435083,1.9833676894557313,0.047993865821471714,0.24400680229717656,0.20619661808891562,AK5/ZBED6/FRMD8/RAB11FIP3/SPAG9/CEP131/MIB1/DYSF/RBM39/PACSIN2,10
CC,GO:0016605,PML body,9/857,110/19880,0.08181818181818182,1.8979526890845444,2.0044472754612057,0.04812001511270672,0.24400680229717656,0.20619661808891562,SQSTM1/BMAL1/ZBTB16/RAD51/PML/UBE2I/TDP2/MLIP/HIPK2,9
MF,GO:0030695,GTPase regulator activity,50/849,489/18639,0.10224948875255624,2.2447917795746712,6.093661859013551,8.052632851862384e-8,4.3700351746155327e-5,4.030680773195176e-5,ARHGAP17/ERRFI1/RGS8/PLCE1/DOCK1/EPS8L2/DENND2B/ARHGEF17/ARHGAP42/ARHGAP20/DENND5B/STARD13/TBC1D4/DOCK9/RASA3/HERC2/GNB5/TSC2/RAP1GAP2/LLGL1/ARHGAP23/LLGL2/CYTH1/TBC1D16/ASAP2/ITSN2/RGPD2/TBC1D8/ARHGAP15/RALGAPA2/PREX1/IQSEC1/KALRN/MCF2L2/RGS12/SLIT2/RASGEF1B/ARHGAP24/TBC1D9/FAM13B/ARHGAP26/LARS1/ADAP1/ELMO1/DLC1/PSD3/ARHGAP39/ALDH1A1/RABGAP1/VAV2,50
MF,GO:0060589,nucleoside-triphosphatase regulator activity,50/849,490/18639,0.10204081632653061,2.2402105718612533,6.077607418826144,8.585530794922461e-8,4.3700351746155327e-5,4.030680773195176e-5,ARHGAP17/ERRFI1/RGS8/PLCE1/DOCK1/EPS8L2/DENND2B/ARHGEF17/ARHGAP42/ARHGAP20/DENND5B/STARD13/TBC1D4/DOCK9/RASA3/HERC2/GNB5/TSC2/RAP1GAP2/LLGL1/ARHGAP23/LLGL2/CYTH1/TBC1D16/ASAP2/ITSN2/RGPD2/TBC1D8/ARHGAP15/RALGAPA2/PREX1/IQSEC1/KALRN/MCF2L2/RGS12/SLIT2/RASGEF1B/ARHGAP24/TBC1D9/FAM13B/ARHGAP26/LARS1/ADAP1/ELMO1/DLC1/PSD3/ARHGAP39/ALDH1A1/RABGAP1/VAV2,50
MF,GO:0005096,GTPase activator activity,33/849,271/18639,0.12177121771217712,2.6733730588189273,6.061945219935143,2.739172534673977e-7,9.294925467660361e-5,8.573129476944518e-5,ARHGAP17/ERRFI1/RGS8/DOCK1/ARHGAP42/ARHGAP20/STARD13/TBC1D4/RASA3/GNB5/TSC2/RAP1GAP2/LLGL1/ARHGAP23/LLGL2/TBC1D16/ASAP2/RGPD2/TBC1D8/ARHGAP15/RALGAPA2/PREX1/RGS12/ARHGAP24/TBC1D9/FAM13B/ARHGAP26/LARS1/ADAP1/DLC1/ARHGAP39/ALDH1A1/RABGAP1,33
MF,GO:0003779,actin binding,42/849,443/18639,0.09480812641083522,2.081423637422329,5.03240148493913,6.110853678744387e-6,0.0015552122612404464,0.0014344424951157875,ESPN/SVIL/VCL/SORBS1/ABLIM1/EPS8L2/ACTN3/SSH3/DIXDC1/DIAPH3/TMOD2/TMOD3/MYO1E/DNASE1/SNTB2/MYO15A/MYO18A/SSH2/MYO5B/ACTN4/GMFG/MYO7B/FMNL2/DYRK1A/MICAL3/MYO18B/SHANK3/MYL3/PLS1/MAEA/ABLIM2/KLHL2/MYO10/RAI14/PHACTR2/UTRN/PACRG/DBNL/ACTR3B/FBXO25/DMD/SHROOM4,42
MF,GO:0046332,SMAD binding,13/849,79/18639,0.16455696202531644,3.61269401082435,5.0836850192759115,5.387908094379233e-5,0.010969780880156118,0.010117924253023738,ZMIZ1/ACVRL1/USP15/TCF12/PML/SMAD2/ACVR1/COL5A2/PPARG/MAGI2/HIPK2/ZC3H3/TGFBR1,13
MF,GO:0035591,signaling adaptor activity,17/849,129/18639,0.13178294573643412,2.8931711726518206,4.713538442007145,7.831705547607527e-5,0.013287793745774105,0.012255932190291079,DLG5/YWHAE/GNB1/NOS1AP/SORBS1/GNB5/MAPK8IP3/SOCS7/SPAG9/NCK2/ABI2/IFNAR1/SHANK3/BANK1/WWC2/MAGI2/DDX3X,17
MF,GO:0140036,ubiquitin-modified protein reader activity,6/849,19/18639,0.3157894736842105,6.932862190812721,5.652189937398037,1.428470466915226e-4,0.018421460680339098,0.016990945017953132,SQSTM1/RNF169/USP15/ANKRD13A/FAN1/JARID2,6
MF,GO:0045296,cadherin binding,31/849,334/18639,0.09281437125748503,2.0376526099743977,4.1802848325203605,1.4476589925610295e-4,0.018421460680339098,0.016990945017953132,YWHAE/EPS15/PFKP/VCL/EPS8L2/AHNAK/ERC1/PPFIBP1/DIAPH3/DOCK9/ARGLU1/TMOD3/SNX1/PDXDC1/CDH13/SEPTIN9/PTPRM/EPS15L1/RTN4/FMNL2/ACVR1/ITGA6/BMPR2/GIGYF2/PACSIN2/MB21D2/DLG1/DBNL/SND1/NDRG1/DDX3X,31
MF,GO:0098821,BMP receptor activity,5/849,14/18639,0.35714285714285715,7.840737001514388,5.593508415241524,2.7496877455077595e-4,0.03110202361029888,0.02868680080693475,HJV/ACVRL1/ACVR1/BMPR2/TGFBR1,5
MF,GO:0050321,tau-protein kinase activity,6/849,22/18639,0.2727272727272727,5.987471892065531,5.113314166268131,3.4937302761397354e-4,0.032332885646456824,0.029822080443221474,BRSK2/SIK3/TAOK1/MARK4/ROCK2/DYRK1A,6
MF,GO:0140035,ubiquitin-like protein reader activity,6/849,22/18639,0.2727272727272727,5.987471892065531,5.113314166268131,3.4937302761397354e-4,0.032332885646456824,0.029822080443221474,SQSTM1/RNF169/USP15/ANKRD13A/FAN1/JARID2,6
MF,GO:0030159,signaling receptor complex adaptor activity,9/849,52/18639,0.17307692307692307,3.7997417776569717,4.416523290231595,5.102770764541715e-4,0.04328850531919555,0.039926943175186046,DLG5/GNB1/SORBS1/GNB5/MAPK8IP3/SPAG9/NCK2/SHANK3/MAGI2,9
MF,GO:0004675,transmembrane receptor protein serine/threonine kinase activity,5/849,18/18639,0.2777777777777778,6.098351001177856,4.727483360173558,0.0010107892168540187,0.0729908368412015,0.06732274476512433,HJV/ACVRL1/ACVR1/BMPR2/TGFBR1,5
MF,GO:0140031,phosphorylation-dependent protein binding,4/849,11/18639,0.36363636363636365,7.983295856087376,5.06103329708755,0.0010907379579877907,0.0729908368412015,0.06732274476512433,PLCG2/SOCS7/ANK2/YWHAG,4
MF,GO:0032182,ubiquitin-like protein binding,14/849,120/18639,0.11666666666666667,2.5613074204946997,3.748312625483742,0.0011261749816100916,0.0729908368412015,0.06732274476512433,SQSTM1/FAF1/TOLLIP/HERC2/PML/CBX4/SIRT2/MARK4/UBXN7/JARID2/ILRUN/NOD1/UBXN2B/UBR5,14
MF,GO:0005543,phospholipid binding,38/849,497/18639,0.07645875251509054,1.6785803158171646,3.3496728667710127,0.0013132751088275759,0.0729908368412015,0.06732274476512433,SVIL/PARD3/SH3PXD2A/PLEKHA1/OSBPL5/SYT13/BSCL2/SNX19/PIK3C2G/SCARB1/SYT16/MYO1E/SNX1/TRIM72/ZCCHC14/TRPV1/ZCCHC2/PLEKHA4/WDPCP/ANXA4/DYSF/JAG1/MAP1LC3A/PREX1/BAIAP2L2/PACSIN2/CPNE4/PLD1/MYO10/SNX18/ARHGAP26/SH3PXD2B/CPNE5/CGAS/ADAP1/SNX8/GSDME/SNX30,38
MF,GO:0050145,nucleoside monophosphate kinase activity,5/849,19/18639,0.2631578947368421,5.777385159010601,4.551376292651665,0.0013207685633406232,0.0729908368412015,0.06732274476512433,AK4/AK5/MAGI3/DLG2/DLG1,5
MF,GO:0005025,"transforming growth factor beta receptor activity, type I",4/849,12/18639,0.3333333333333333,7.318021201413427,4.782618830503289,0.0015774051183756709,0.0729908368412015,0.06732274476512433,ACVRL1/ACVR1/BMPR2/TGFBR1,4
MF,GO:0005026,"transforming growth factor beta receptor activity, type II",4/849,12/18639,0.3333333333333333,7.318021201413427,4.782618830503289,0.0015774051183756709,0.0729908368412015,0.06732274476512433,ACVRL1/ACVR1/BMPR2/TGFBR1,4
MF,GO:0016361,"activin receptor activity, type I",4/849,12/18639,0.3333333333333333,7.318021201413427,4.782618830503289,0.0015774051183756709,0.0729908368412015,0.06732274476512433,ACVRL1/ACVR1/BMPR2/TGFBR1,4
MF,GO:0016362,"activin receptor activity, type II",4/849,12/18639,0.3333333333333333,7.318021201413427,4.782618830503289,0.0015774051183756709,0.0729908368412015,0.06732274476512433,ACVRL1/ACVR1/BMPR2/TGFBR1,4
MF,GO:0017002,activin receptor activity,4/849,12/18639,0.3333333333333333,7.318021201413427,4.782618830503289,0.0015774051183756709,0.0729908368412015,0.06732274476512433,ACVRL1/ACVR1/BMPR2/TGFBR1,4
MF,GO:0045159,myosin II binding,4/849,13/18639,0.3076923076923077,6.755096493612395,4.534506317624777,0.002196858273903818,0.09318340511808694,0.08594726229483357,LLGL1/LLGL2/MYL3/SHROOM4,4
MF,GO:0070123,"transforming growth factor beta receptor activity, type III",4/849,13/18639,0.3076923076923077,6.755096493612395,4.534506317624777,0.002196858273903818,0.09318340511808694,0.08594726229483357,ACVRL1/ACVR1/BMPR2/TGFBR1,4
MF,GO:0008093,cytoskeletal anchor activity,5/849,22/18639,0.22727272727272727,4.989559910054609,4.090223192578066,0.0026704414084473293,0.10497220418222913,0.09682060400222148,INSC/MARK4/NCK2/ABI2/ANK2,5
MF,GO:0019199,transmembrane receptor protein kinase activity,10/849,78/18639,0.1282051282051282,2.814623539005164,3.5083158128319716,0.002774894220326587,0.10497220418222913,0.09682060400222148,EPHB2/TIE1/HJV/ACVRL1/IGF1R/EFEMP1/MERTK/ACVR1/BMPR2/TGFBR1,10
MF,GO:0004674,protein serine/threonine kinase activity,33/849,433/18639,0.07621247113163972,1.6731734386603447,3.0962012061310866,0.0027841350814540146,0.10497220418222913,0.09682060400222148,HJV/PRKG1/STK32C/BRSK2/SIK3/ACVRL1/DAPK2/CLK3/PRKCB/TAOK1/PDK2/PPM1D/PRKCA/RIOK3/MARK4/LMTK3/ROCK2/AAK1/MAP4K4/ACVR1/BMPR2/DYRK1A/SNRK/KALRN/DCLK2/MAST4/BRD2/SRPK1/MAP3K5/RPS6KA2/HIPK2/TGFBR1/PRKX,33
MF,GO:0048156,tau protein binding,7/849,43/18639,0.16279069767441862,3.573917330922837,3.6913444974076404,0.0030477804060874835,0.11080858762132349,0.10220376399361035,BRSK2/TAOK1/SMAD2/MARK4/ROCK2/DYRK1A/EP300,7
MF,GO:0019205,nucleobase-containing compound kinase activity,7/849,44/18639,0.1590909090909091,3.492691937038227,3.6162827568341656,0.003484664477335934,0.12232373923889589,0.11282470830430683,AK4/AK5/MAGI3/NT5C2/DLG2/DLG1/NMRK1,7
MF,GO:0140996,histone H3 kinase activity,28/849,357/18639,0.0784313725490196,1.7218873415090417,3.0085498156001487,0.0037849633031898076,0.12843642142157413,0.11846271110334414,EPHB2/TIE1/STK32C/BRSK2/SIK3/DAPK2/CLK3/IGF1R/PRKCB/TAOK1/PRKCA/RIOK3/MARK4/LMTK3/ROCK2/AAK1/MAP4K4/MERTK/DYRK1A/SNRK/KALRN/DCLK2/MAST4/SRPK1/RPS6KA2/HIPK2/PRKX/BMX,28
MF,GO:0035173,histone kinase activity,28/849,360/18639,0.07777777777777778,1.7075382803297998,2.9613551893747605,0.004246515476918539,0.13505296375115294,0.12456544686798515,EPHB2/TIE1/STK32C/BRSK2/SIK3/DAPK2/CLK3/IGF1R/PRKCB/TAOK1/PRKCA/RIOK3/MARK4/LMTK3/ROCK2/AAK1/MAP4K4/MERTK/DYRK1A/SNRK/KALRN/DCLK2/MAST4/SRPK1/RPS6KA2/HIPK2/PRKX/BMX,28
MF,GO:0005201,extracellular matrix structural constituent,16/849,168/18639,0.09523809523809523,2.0908632004038363,3.1027390587651102,0.004302814524096619,0.13505296375115294,0.12456544686798515,MUC6/PODN/VWF/COL4A2/LTBP2/LAMA1/LAMA3/PXDN/EFEMP1/COL5A2/NPNT/COL21A1/LAMA4/LAMA2/MATN2/SRPX2,16
MF,GO:0030165,PDZ domain binding,10/849,83/18639,0.12048192771084337,2.645067904125335,3.2813021134630507,0.004377944797434231,0.13505296375115294,0.12456544686798515,ATP2B4/PLEKHA1/ERC1/ABTB3/LLGL2/DTNA/KIDINS220/GRM7/CLDN16/EXOC4,10
MF,GO:0035403,histone H3T6 kinase activity,21/849,247/18639,0.08502024291497975,1.8665398206034247,2.994939454677136,0.004598768620287304,0.13769254280742574,0.1270000498234141,STK32C/BRSK2/SIK3/DAPK2/PRKCB/TAOK1/PRKCA/RIOK3/MARK4/LMTK3/ROCK2/AAK1/MAP4K4/SNRK/KALRN/DCLK2/MAST4/SRPK1/RPS6KA2/HIPK2/PRKX,21
MF,GO:0005024,transforming growth factor beta receptor activity,4/849,16/18639,0.25,5.488515901060071,3.9237692786445253,0.0050142010502985885,0.14584161912011323,0.1345163108831982,ACVRL1/ACVR1/BMPR2/TGFBR1,4
MF,GO:0035091,phosphatidylinositol binding,23/849,284/18639,0.08098591549295775,1.777969939780023,2.8860929693608877,0.00562332802204875,0.1570134687010674,0.14482061222350542,SVIL/PARD3/SH3PXD2A/OSBPL5/SNX19/PIK3C2G/SCARB1/MYO1E/SNX1/ZCCHC14/TRPV1/ZCCHC2/PLEKHA4/WDPCP/PLD1/MYO10/SNX18/SH3PXD2B/CGAS/ADAP1/SNX8/GSDME/SNX30,23
MF,GO:0043130,ubiquitin binding,11/849,100/18639,0.11,2.414946996466431,3.099292349080316,0.005788215225654798,0.1570134687010674,0.14482061222350542,SQSTM1/FAF1/TOLLIP/SIRT2/MARK4/UBXN7/JARID2/ILRUN/NOD1/UBXN2B/UBR5,11
MF,GO:0031625,ubiquitin protein ligase binding,24/849,302/18639,0.07947019867549669,1.7446937963634663,2.850247607204836,0.0059775735084515915,0.1570134687010674,0.14482061222350542,YWHAE/SQSTM1/MFHAS1/PER3/FAF1/VCL/TOLLIP/DAZAP2/HERC2/PML/NAE1/SMAD2/BCL2/RTN4/TANK/ABI2/TRIB3/MAP1LC3A/UBXN7/PACRG/DNAJA1/TGFBR1/ANAPC2/SH3KBP1,24
MF,GO:0005001,transmembrane receptor protein tyrosine phosphatase activity,4/849,17/18639,0.23529411764705882,5.165662024527125,3.753711193711529,0.006323725163795445,0.1570134687010674,0.14482061222350542,PTPRU/PTPRE/PTPRM/PTPRD,4
MF,GO:0019198,transmembrane receptor protein phosphatase activity,4/849,17/18639,0.23529411764705882,5.165662024527125,3.753711193711529,0.006323725163795445,0.1570134687010674,0.14482061222350542,PTPRU/PTPRE/PTPRM/PTPRD,4
MF,GO:0032183,SUMO binding,4/849,17/18639,0.23529411764705882,5.165662024527125,3.753711193711529,0.006323725163795445,0.1570134687010674,0.14482061222350542,TOLLIP/HERC2/PML/CBX4,4
MF,GO:0044389,ubiquitin-like protein ligase binding,25/849,322/18639,0.07763975155279502,1.7045080438074753,2.785814817330576,0.006800925254655848,0.16484147402951554,0.1520407350163663,YWHAE/SQSTM1/MFHAS1/PER3/FAF1/VCL/TOLLIP/DAZAP2/HERC2/PML/NAE1/SMAD2/BCL2/RTN4/TANK/ABI2/TRIB3/ITCH/MAP1LC3A/UBXN7/PACRG/DNAJA1/TGFBR1/ANAPC2/SH3KBP1,25
MF,GO:0015085,calcium ion transmembrane transporter activity,14/849,147/18639,0.09523809523809523,2.0908632004038363,2.900698171012646,0.007289266920093972,0.16891422039494589,0.15579721289658952,TRPM1/CACNA1C/CACNA1S/ATP2B4/SLC30A10/RYR2/MCU/ANO9/NALF1/TRPV1/CACNA2D2/CACNA2D3/STIM2/OPRM1,14
MF,GO:0051015,actin filament binding,18/849,209/18639,0.0861244019138756,1.8907805974943788,2.8290899056446634,0.007300811097620451,0.16891422039494589,0.15579721289658952,ESPN/SVIL/ABLIM1/ACTN3/MYO1E/MYO15A/MYO18A/MYO5B/ACTN4/MYO7B/FMNL2/MYO18B/PLS1/ABLIM2/MYO10/DBNL/ACTR3B/SHROOM4,18
MF,GO:0070064,proline-rich region binding,4/849,18/18639,0.2222222222222222,4.878680800942285,3.5965352212201744,0.007841706862921575,0.1760265405009548,0.16235722689158483,SH3D19/WBP4/ABI2/GIGYF2,4
MF,GO:0019789,SUMO transferase activity,5/849,28/18639,0.17857142857142858,3.920368500757194,3.37829321817912,0.007954047999060826,0.1760265405009548,0.16235722689158483,ZMIZ1/PML/UBE2I/CBX4/HDAC4,5
MF,GO:0140857,histone H3T45 kinase activity,20/849,246/18639,0.08130081300813008,1.7848832198569333,2.7071469895900195,0.009022964023749615,0.19543356119525762,0.18025719841399007,STK32C/BRSK2/SIK3/DAPK2/TAOK1/RIOK3/MARK4/LMTK3/ROCK2/AAK1/MAP4K4/DYRK1A/SNRK/KALRN/DCLK2/MAST4/SRPK1/RPS6KA2/HIPK2/PRKX,20
MF,GO:0019838,growth factor binding,13/849,136/18639,0.09558823529411764,2.0985501974641445,2.808884043709426,0.00923407443416991,0.19583932862468684,0.18063145603683248,ACVRL1/LTBP2/IGF1R/PCSK6/PXDN/IL1R1/ACVR1/ITGA6/BMPR2/LIFR/IL6ST/TGFBR1/SRPX2,13
MF,GO:0016247,channel regulator activity,15/849,168/18639,0.08928571428571429,1.960184250378597,2.7310492976185032,0.009955027317059157,0.20682077160747392,0.1907601367737222,YWHAE/ATP2B4/PRKG1/ANO9/RASA3/PRKCB/TRPV1/BCL2/KCNB1/KCNAB1/DLG1/KCNIP4/STIM2/PDE4D/KCNIP1,15
MF,GO:0141108,transporter regulator activity,15/849,170/18639,0.08823529411764706,1.9371232591976721,2.681421034702594,0.011027992095334564,0.2185297953865023,0.20155989813334718,YWHAE/ATP2B4/PRKG1/ANO9/RASA3/PRKCB/TRPV1/BCL2/KCNB1/KCNAB1/DLG1/KCNIP4/STIM2/PDE4D/KCNIP1,15
MF,GO:0141003,histone H2AX kinase activity,26/849,354/18639,0.07344632768361582,1.6124453494639757,2.5414818625479216,0.011608061167640784,0.2185297953865023,0.20155989813334718,EPHB2/TIE1/STK32C/BRSK2/SIK3/DAPK2/CLK3/IGF1R/TAOK1/RIOK3/MARK4/LMTK3/ROCK2/AAK1/MAP4K4/MERTK/DYRK1A/SNRK/KALRN/DCLK2/MAST4/SRPK1/RPS6KA2/HIPK2/PRKX/BMX,26
MF,GO:0010854,adenylate cyclase regulator activity,3/849,11/18639,0.2727272727272727,5.987471892065531,3.6145914241952855,0.011806619593573308,0.2185297953865023,0.20155989813334718,GNAO1/GRM7/ADGRV1,3
MF,GO:0048185,activin binding,3/849,11/18639,0.2727272727272727,5.987471892065531,3.6145914241952855,0.011806619593573308,0.2185297953865023,0.20155989813334718,ACVRL1/ACVR1/TGFBR1,3
MF,GO:0050998,nitric-oxide synthase binding,3/849,11/18639,0.2727272727272727,5.987471892065531,3.6145914241952855,0.011806619593573308,0.2185297953865023,0.20155989813334718,NOS1AP/ATP2B4/DMD,3
MF,GO:0099528,G protein-coupled neurotransmitter receptor activity,3/849,11/18639,0.2727272727272727,5.987471892065531,3.6145914241952855,0.011806619593573308,0.2185297953865023,0.20155989813334718,GABBR1/KCTD16/GRM1,3
MF,GO:0005245,voltage-gated calcium channel activity,6/849,43/18639,0.13953488372093023,3.0633577122195743,2.959133164721552,0.012685142433295481,0.21898334896644947,0.2019782310806255,CACNA1C/CACNA1S/TRPV1/CACNA2D2/CACNA2D3/OPRM1,6
MF,GO:0140030,modification-dependent protein binding,15/849,173/18639,0.08670520231213873,1.9035315263792152,2.608227511164065,0.012805292244045563,0.21898334896644947,0.2019782310806255,SQSTM1/EPS15/RNF169/KMT2A/ZFAND6/PLCG2/SOCS7/CBX4/ATAD2B/EP300/ANK2/CHD1/BRD2/CGAS/YWHAG,15
MF,GO:0019955,cytokine binding,13/849,144/18639,0.09027777777777778,1.9819640753828034,2.5841350261139096,0.014457898766395645,0.21898334896644947,0.2019782310806255,LEPR/HJV/ACVRL1/IL12RB1/PXDN/IL1R1/ACVR1/BMPR2/IFNAR1/IL20RB/LIFR/IL6ST/TGFBR1,13
MF,GO:0099106,ion channel regulator activity,14/849,160/18639,0.0875,1.9209805653710246,2.5558581635766298,0.014721035280473364,0.21898334896644947,0.2019782310806255,YWHAE/ATP2B4/PRKG1/ANO9/RASA3/PRKCB/TRPV1/KCNB1/KCNAB1/DLG1/KCNIP4/STIM2/PDE4D/KCNIP1,14
MF,GO:0004694,eukaryotic translation initiation factor 2alpha kinase activity,19/849,243/18639,0.07818930041152264,1.7165728744056188,2.4562203500186794,0.01571850482939255,0.21898334896644947,0.2019782310806255,STK32C/BRSK2/SIK3/DAPK2/TAOK1/RIOK3/MARK4/LMTK3/ROCK2/AAK1/MAP4K4/SNRK/KALRN/DCLK2/MAST4/SRPK1/RPS6KA2/HIPK2/PRKX,19
MF,GO:0017124,SH3 domain binding,11/849,115/18639,0.09565217391304348,2.0999539099708096,2.5847678704937374,0.01580613474044501,0.21898334896644947,0.2019782310806255,ARHGAP17/ESPN/EPS15/DOCK1/SOCS7/SKAP1/ABI2/SHANK3/REPS1/ELMO1/SH3KBP1,11
MF,GO:0005262,calcium channel activity,12/849,131/18639,0.0916030534351145,2.011059261457125,2.5368689849973496,0.016517279730786733,0.21898334896644947,0.2019782310806255,TRPM1/CACNA1C/CACNA1S/RYR2/MCU/ANO9/NALF1/TRPV1/CACNA2D2/CACNA2D3/STIM2/OPRM1,12
MF,GO:0004676,3-phosphoinositide-dependent protein kinase activity,19/849,245/18639,0.07755102040816327,1.7025600346145526,2.418209466986212,0.016993796236099715,0.21898334896644947,0.2019782310806255,STK32C/BRSK2/SIK3/DAPK2/TAOK1/RIOK3/MARK4/LMTK3/ROCK2/AAK1/MAP4K4/SNRK/KALRN/DCLK2/MAST4/SRPK1/RPS6KA2/HIPK2/PRKX,19
MF,GO:0004711,ribosomal protein S6 kinase activity,19/849,245/18639,0.07755102040816327,1.7025600346145526,2.418209466986212,0.016993796236099715,0.21898334896644947,0.2019782310806255,STK32C/BRSK2/SIK3/DAPK2/TAOK1/RIOK3/MARK4/LMTK3/ROCK2/AAK1/MAP4K4/SNRK/KALRN/DCLK2/MAST4/SRPK1/RPS6KA2/HIPK2/PRKX,19
MF,GO:0035175,histone H3S10 kinase activity,19/849,245/18639,0.07755102040816327,1.7025600346145526,2.418209466986212,0.016993796236099715,0.21898334896644947,0.2019782310806255,STK32C/BRSK2/SIK3/DAPK2/TAOK1/RIOK3/MARK4/LMTK3/ROCK2/AAK1/MAP4K4/SNRK/KALRN/DCLK2/MAST4/SRPK1/RPS6KA2/HIPK2/PRKX,19
MF,GO:0035979,histone H2AXS139 kinase activity,19/849,245/18639,0.07755102040816327,1.7025600346145526,2.418209466986212,0.016993796236099715,0.21898334896644947,0.2019782310806255,STK32C/BRSK2/SIK3/DAPK2/TAOK1/RIOK3/MARK4/LMTK3/ROCK2/AAK1/MAP4K4/SNRK/KALRN/DCLK2/MAST4/SRPK1/RPS6KA2/HIPK2/PRKX,19
MF,GO:0044022,histone H3S28 kinase activity,19/849,245/18639,0.07755102040816327,1.7025600346145526,2.418209466986212,0.016993796236099715,0.21898334896644947,0.2019782310806255,STK32C/BRSK2/SIK3/DAPK2/TAOK1/RIOK3/MARK4/LMTK3/ROCK2/AAK1/MAP4K4/SNRK/KALRN/DCLK2/MAST4/SRPK1/RPS6KA2/HIPK2/PRKX,19
MF,GO:0044023,histone H4S1 kinase activity,19/849,245/18639,0.07755102040816327,1.7025600346145526,2.418209466986212,0.016993796236099715,0.21898334896644947,0.2019782310806255,STK32C/BRSK2/SIK3/DAPK2/TAOK1/RIOK3/MARK4/LMTK3/ROCK2/AAK1/MAP4K4/SNRK/KALRN/DCLK2/MAST4/SRPK1/RPS6KA2/HIPK2/PRKX,19
MF,GO:0044024,histone H2AS1 kinase activity,19/849,245/18639,0.07755102040816327,1.7025600346145526,2.418209466986212,0.016993796236099715,0.21898334896644947,0.2019782310806255,STK32C/BRSK2/SIK3/DAPK2/TAOK1/RIOK3/MARK4/LMTK3/ROCK2/AAK1/MAP4K4/SNRK/KALRN/DCLK2/MAST4/SRPK1/RPS6KA2/HIPK2/PRKX,19
MF,GO:0044025,histone H2BS14 kinase activity,19/849,245/18639,0.07755102040816327,1.7025600346145526,2.418209466986212,0.016993796236099715,0.21898334896644947,0.2019782310806255,STK32C/BRSK2/SIK3/DAPK2/TAOK1/RIOK3/MARK4/LMTK3/ROCK2/AAK1/MAP4K4/SNRK/KALRN/DCLK2/MAST4/SRPK1/RPS6KA2/HIPK2/PRKX,19
MF,GO:0072354,histone H3T3 kinase activity,19/849,245/18639,0.07755102040816327,1.7025600346145526,2.418209466986212,0.016993796236099715,0.21898334896644947,0.2019782310806255,STK32C/BRSK2/SIK3/DAPK2/TAOK1/RIOK3/MARK4/LMTK3/ROCK2/AAK1/MAP4K4/SNRK/KALRN/DCLK2/MAST4/SRPK1/RPS6KA2/HIPK2/PRKX,19
MF,GO:0072371,histone H2AS121 kinase activity,19/849,245/18639,0.07755102040816327,1.7025600346145526,2.418209466986212,0.016993796236099715,0.21898334896644947,0.2019782310806255,STK32C/BRSK2/SIK3/DAPK2/TAOK1/RIOK3/MARK4/LMTK3/ROCK2/AAK1/MAP4K4/SNRK/KALRN/DCLK2/MAST4/SRPK1/RPS6KA2/HIPK2/PRKX,19
MF,GO:0072518,Rho-dependent protein serine/threonine kinase activity,19/849,245/18639,0.07755102040816327,1.7025600346145526,2.418209466986212,0.016993796236099715,0.21898334896644947,0.2019782310806255,STK32C/BRSK2/SIK3/DAPK2/TAOK1/RIOK3/MARK4/LMTK3/ROCK2/AAK1/MAP4K4/SNRK/KALRN/DCLK2/MAST4/SRPK1/RPS6KA2/HIPK2/PRKX,19
MF,GO:0140823,histone H2BS36 kinase activity,19/849,245/18639,0.07755102040816327,1.7025600346145526,2.418209466986212,0.016993796236099715,0.21898334896644947,0.2019782310806255,STK32C/BRSK2/SIK3/DAPK2/TAOK1/RIOK3/MARK4/LMTK3/ROCK2/AAK1/MAP4K4/SNRK/KALRN/DCLK2/MAST4/SRPK1/RPS6KA2/HIPK2/PRKX,19
MF,GO:0140855,histone H3S57 kinase activity,19/849,245/18639,0.07755102040816327,1.7025600346145526,2.418209466986212,0.016993796236099715,0.21898334896644947,0.2019782310806255,STK32C/BRSK2/SIK3/DAPK2/TAOK1/RIOK3/MARK4/LMTK3/ROCK2/AAK1/MAP4K4/SNRK/KALRN/DCLK2/MAST4/SRPK1/RPS6KA2/HIPK2/PRKX,19
MF,GO:0140995,histone H2A kinase activity,19/849,245/18639,0.07755102040816327,1.7025600346145526,2.418209466986212,0.016993796236099715,0.21898334896644947,0.2019782310806255,STK32C/BRSK2/SIK3/DAPK2/TAOK1/RIOK3/MARK4/LMTK3/ROCK2/AAK1/MAP4K4/SNRK/KALRN/DCLK2/MAST4/SRPK1/RPS6KA2/HIPK2/PRKX,19
MF,GO:0140997,histone H4 kinase activity,19/849,245/18639,0.07755102040816327,1.7025600346145526,2.418209466986212,0.016993796236099715,0.21898334896644947,0.2019782310806255,STK32C/BRSK2/SIK3/DAPK2/TAOK1/RIOK3/MARK4/LMTK3/ROCK2/AAK1/MAP4K4/SNRK/KALRN/DCLK2/MAST4/SRPK1/RPS6KA2/HIPK2/PRKX,19
MF,GO:0140998,histone H2B kinase activity,19/849,245/18639,0.07755102040816327,1.7025600346145526,2.418209466986212,0.016993796236099715,0.21898334896644947,0.2019782310806255,STK32C/BRSK2/SIK3/DAPK2/TAOK1/RIOK3/MARK4/LMTK3/ROCK2/AAK1/MAP4K4/SNRK/KALRN/DCLK2/MAST4/SRPK1/RPS6KA2/HIPK2/PRKX,19
MF,GO:1990244,histone H2AT120 kinase activity,19/849,245/18639,0.07755102040816327,1.7025600346145526,2.418209466986212,0.016993796236099715,0.21898334896644947,0.2019782310806255,STK32C/BRSK2/SIK3/DAPK2/TAOK1/RIOK3/MARK4/LMTK3/ROCK2/AAK1/MAP4K4/SNRK/KALRN/DCLK2/MAST4/SRPK1/RPS6KA2/HIPK2/PRKX,19
MF,GO:0008081,phosphoric diester hydrolase activity,9/849,87/18639,0.10344827586206896,2.271110028024857,2.596049255810919,0.01741044513326477,0.2215479143207942,0.204343645511476,PLCE1/GDPD4/PDE3A/FAN1/PLCG2/PLD1/PDE4D/TDP2/PDE10A,9
MF,GO:0004677,DNA-dependent protein kinase activity,19/849,246/18639,0.07723577235772358,1.695639058864087,2.3993342403069993,0.01766095840365329,0.22196118092492653,0.2047248199617769,STK32C/BRSK2/SIK3/DAPK2/TAOK1/RIOK3/MARK4/LMTK3/ROCK2/AAK1/MAP4K4/SNRK/KALRN/DCLK2/MAST4/SRPK1/RPS6KA2/HIPK2/PRKX,19
MF,GO:0005085,guanyl-nucleotide exchange factor activity,18/849,230/18639,0.0782608695652174,1.7181441081579354,2.394009920203321,0.018225819633916385,0.22504310526183757,0.20756741794391387,PLCE1/DOCK1/EPS8L2/DENND2B/ARHGEF17/DENND5B/DOCK9/HERC2/CYTH1/ITSN2/PREX1/IQSEC1/KALRN/MCF2L2/RASGEF1B/ELMO1/PSD3/VAV2,18
MF,GO:0035402,histone H3T11 kinase activity,19/849,247/18639,0.07692307692307693,1.6887741234030988,2.3805447233851513,0.018348308189324675,0.22504310526183757,0.20756741794391387,STK32C/BRSK2/SIK3/DAPK2/TAOK1/RIOK3/MARK4/LMTK3/ROCK2/AAK1/MAP4K4/SNRK/KALRN/DCLK2/MAST4/SRPK1/RPS6KA2/HIPK2/PRKX,19
MF,GO:0004679,AMP-activated protein kinase activity,19/849,248/18639,0.07661290322580645,1.6819645503248606,2.3618401052657845,0.019056228360421975,0.23094333893939964,0.21300946989343864,STK32C/BRSK2/SIK3/DAPK2/TAOK1/RIOK3/MARK4/LMTK3/ROCK2/AAK1/MAP4K4/SNRK/KALRN/DCLK2/MAST4/SRPK1/RPS6KA2/HIPK2/PRKX,19
MF,GO:0004726,non-membrane spanning protein tyrosine phosphatase activity,9/849,89/18639,0.10112359550561797,2.220073847619804,2.5204302840738535,0.019927354728224544,0.23588426875968124,0.2175667125774332,PTPRU/PTP4A2/PTPN14/PTPRE/DUSP8/SSH3/SSH2/PTPRM/PTPRD,9
MF,GO:0030946,"protein tyrosine phosphatase activity, metal-dependent",9/849,89/18639,0.10112359550561797,2.220073847619804,2.5204302840738535,0.019927354728224544,0.23588426875968124,0.2175667125774332,PTPRU/PTP4A2/PTPN14/PTPRE/DUSP8/SSH3/SSH2/PTPRM/PTPRD,9
MF,GO:0140793,histone H2AXY142 phosphatase activity,9/849,90/18639,0.1,2.1954063604240286,2.4833737783974965,0.021279804965069014,0.24899817763724433,0.22966226290189423,PTPRU/PTP4A2/PTPN14/PTPRE/DUSP8/SSH3/SSH2/PTPRM/PTPRD,9
MF,GO:0140033,acetylation-dependent protein binding,4/849,24/18639,0.16666666666666666,3.6590106007067136,2.8474735202515915,0.02194861351380021,0.25228618500364136,0.23269494056793308,KMT2A/ATAD2B/EP300/BRD2,4
MF,GO:0017022,myosin binding,8/849,76/18639,0.10526315789473684,2.3109540636042403,2.5017027887025143,0.022056454288137604,0.25228618500364136,0.23269494056793308,RAB6A/RAB27A/LLGL1/LLGL2/RAB27B/MYL3/DMD/SHROOM4,8
MF,GO:0060590,ATPase regulator activity,6/849,49/18639,0.12244897959183673,2.688252686233504,2.5850045944335753,0.023154701908334494,0.261905406029828,0.2415671824822733,TOR1AIP2/BRSK2/ATP1B2/HSPA4/DNAJB6/DNAJA1,6
MF,GO:0016888,"endodeoxyribonuclease activity, producing 5'-phosphomonoesters",3/849,14/18639,0.21428571428571427,4.704442200908632,3.0290345353097385,0.02352855128314256,0.2632095077608695,0.24277001439633505,FAN1/DNASE1/DNASE1L3,3
MF,GO:0106310,protein serine kinase activity,25/849,361/18639,0.06925207756232687,1.5203645155291057,2.1810341360690266,0.025160587231754596,0.27598421769455017,0.25455270621811477,PRKG1/STK32C/BRSK2/SIK3/DAPK2/CLK3/PRKCB/TAOK1/PRKCA/RIOK3/MARK4/LMTK3/ROCK2/AAK1/MAP4K4/DYRK1A/SNRK/KALRN/DCLK2/MAST4/SRPK1/MAP3K5/RPS6KA2/HIPK2/PRKX,25
MF,GO:0019211,phosphatase activator activity,4/849,25/18639,0.16,3.5126501766784455,2.7462982650933117,0.02521270358113278,0.27598421769455017,0.25455270621811477,PPP2R5E/PPP4R3A/ITGA1/PPP2R5D,4
MF,GO:0042578,phosphoric ester hydrolase activity,25/849,363/18639,0.06887052341597796,1.5119878515316998,2.1519784538288467,0.026672207167133193,0.2810448831438241,0.2592203864794655,MTMR10/PTPRU/PTP4A2/PTPN14/PLCE1/NT5C2/PTPRE/DUSP8/SSH3/GDPD4/PDE3A/FAN1/CTDSPL2/PLCG2/SSH2/PPM1D/PTPRM/CTDSPL/PLD1/DLG1/PLPP1/PDE4D/TDP2/PDE10A/PTPRD,25
MF,GO:0005244,voltage-gated monoatomic ion channel activity,14/849,173/18639,0.08092485549132948,1.776629424620601,2.2418987850843486,0.02694891560463256,0.2810448831438241,0.2592203864794655,CACNA1C/KCNT2/KCNQ4/GPR89B/GPR89A/CACNA1S/ANO1/TRPV1/KCNB1/KCNJ6/CACNA2D2/CACNA2D3/KCNAB1/OPRM1,14
MF,GO:0019902,phosphatase binding,15/849,190/18639,0.07894736842105263,1.7332155477031803,2.219154683952578,0.027420565759470883,0.2810448831438241,0.2592203864794655,YWHAE/MFHAS1/SMG7/ATP2B4/TSC2/SKAP1/SMAD2/BCL2/ELL/STRN4/DLG1/ITGA1/MAP3K5/MAGI2/STX17,15
MF,GO:0005516,calmodulin binding,16/849,207/18639,0.07729468599033816,1.6969324525016642,2.2026989990828953,0.027655327612968912,0.2810448831438241,0.2592203864794655,CACNA1C/UBR4/CACNA1S/ATP2B4/RYR2/MYO1E/DAPK2/SNTB2/TRPV1/MYO15A/MYO5B/MBP/STRN4/PLA2G6/MYO10/INVS,16
MF,GO:0160215,deacylase activity,7/849,65/18639,0.1076923076923077,2.364283772764338,2.406989501432851,0.027950192069015087,0.2810448831438241,0.2592203864794655,ACOT11/SIRT2/HIBCH/HDAC4/MACROD2/PLA2G6/HDAC9,7
MF,GO:0000146,microfilament motor activity,5/849,38/18639,0.13157894736842105,2.8886925795053005,2.5459534027703614,0.02800959268105071,0.2810448831438241,0.2592203864794655,MYO1E/MYO15A/MYO5B/MYO7B/MYO10,5
MF,GO:0005402,carbohydrate:monoatomic cation symporter activity,3/849,15/18639,0.2,4.390812720848057,2.869977398364955,0.028435778942842712,0.2810448831438241,0.2592203864794655,SLC5A11/SLC2A9/SLC45A4,3
MF,GO:0120283,protein serine/threonine kinase binding,3/849,15/18639,0.2,4.390812720848057,2.869977398364955,0.028435778942842712,0.2810448831438241,0.2592203864794655,DAZAP2/CCDC102B/XIAP,3
MF,GO:0141050,histone H3K deacetylase activity,3/849,15/18639,0.2,4.390812720848057,2.869977398364955,0.028435778942842712,0.2810448831438241,0.2592203864794655,SIRT2/HDAC4/HDAC9,3
MF,GO:0141051,histone H4K deacetylase activity,3/849,15/18639,0.2,4.390812720848057,2.869977398364955,0.028435778942842712,0.2810448831438241,0.2592203864794655,SIRT2/HDAC4/HDAC9,3
MF,GO:0005112,Notch binding,4/849,26/18639,0.15384615384615385,3.3775482468061977,2.650167652722269,0.02875351453027376,0.2814526710751797,0.25959650770247156,ATRNL1/AAK1/DNER/JAG1,4
MF,GO:0022832,voltage-gated channel activity,14/849,175/18639,0.08,1.7563250883392227,2.19598899907543,0.02934979017761081,0.28455320381721716,0.2624562690569307,CACNA1C/KCNT2/KCNQ4/GPR89B/GPR89A/CACNA1S/ANO1/TRPV1/KCNB1/KCNJ6/CACNA2D2/CACNA2D3/KCNAB1/OPRM1,14
MF,GO:0003712,transcription coregulator activity,32/849,495/18639,0.06464646464646465,1.4192525966377556,2.065272521243205,0.029904340319783566,0.2871945136371667,0.26489246837385244,RYBP/CAMTA1/PTPN14/TAF5L/ARID5B/ZMIZ1/BTAF1/LMO1/BMAL1/BCL9L/AEBP2/KDM2B/PML/SIN3A/CBX4/ACTN4/TRIB3/RALY/TOX2/DYRK1A/MED15/EP300/SMARCC1/WWTR1/TDP2/MLIP/ARID1B/HDAC9/SND1/HIPK2/ZFPM2/MED27,32
MF,GO:0016776,"phosphotransferase activity, phosphate group as acceptor",5/849,39/18639,0.1282051282051282,2.814623539005164,2.478151746667866,0.030965104458617585,0.2924634927981729,0.2697522857780687,AK4/AK5/MAGI3/DLG2/DLG1,5
MF,GO:0008094,"ATP-dependent activity, acting on DNA",16/849,210/18639,0.0761904761904762,1.6726905603230693,2.1416062248845393,0.031027561122006556,0.2924634927981729,0.2697522857780687,BTAF1/NAV2/DDX10/RAD51B/RAD51/MYO18A/DDX42/RNF213/AFG3L2/TDRD12/DHX15/RFC1/MSH3/CHD1/DDX31/DDX3X,16
MF,GO:0001671,ATPase activator activity,4/849,27/18639,0.14814814814814814,3.2524538672948564,2.558625888659953,0.032574456304379204,0.2996474719782231,0.2763783941728622,TOR1AIP2/ATP1B2/DNAJB6/DNAJA1,4
MF,GO:0035255,ionotropic glutamate receptor binding,4/849,27/18639,0.14814814814814814,3.2524538672948564,2.558625888659953,0.032574456304379204,0.2996474719782231,0.2763783941728622,SQSTM1/DLG2/SHANK3/DLG1,4
MF,GO:0005246,calcium channel regulator activity,6/849,53/18639,0.11320754716981132,2.48536569104607,2.3656139989406793,0.03267275971471784,0.2996474719782231,0.2763783941728622,YWHAE/PRKG1/RASA3/PRKCB/STIM2/PDE4D,6
MF,GO:0004177,aminopeptidase activity,5/849,40/18639,0.125,2.7442579505300353,2.4124672948771666,0.03410895179775213,0.3100260083045684,0.2859509868758918,MMP15/BLMH/DPP4/LNPEP/AOPEP,5
MF,GO:0004725,protein tyrosine phosphatase activity,9/849,98/18639,0.09183673469387756,2.016189514675128,2.2033662613894753,0.03455073040131193,0.31126233228792516,0.2870913043127177,PTPRU/PTP4A2/PTPN14/PTPRE/DUSP8/SSH3/SSH2/PTPRM/PTPRD,9
MF,GO:0045499,chemorepellent activity,4/849,28/18639,0.14285714285714285,3.136294800605755,2.471273825562255,0.03667785768859897,0.3275268344473136,0.3020927890879989,SEMA6D/DPP4/SEMA5A/SEMA3A,4
MF,GO:0004812,aminoacyl-tRNA ligase activity,5/849,41/18639,0.12195121951219512,2.6773248297854004,2.3487754961025784,0.03744359998710131,0.3285998688523202,0.3030824971732702,NARS2/LARS1/FARS2/VARS1/RARS2,5
MF,GO:0016875,"ligase activity, forming carbon-oxygen bonds",5/849,41/18639,0.12195121951219512,2.6773248297854004,2.3487754961025784,0.03744359998710131,0.3285998688523202,0.3030824971732702,NARS2/LARS1/FARS2/VARS1/RARS2,5
MF,GO:0097110,scaffold protein binding,7/849,70/18639,0.1,2.1954063604240286,2.188950037357963,0.03970988776819174,0.33993728043101656,0.31353950382014967,YWHAE/ATP2B4/PLCG2/NCK2/SHANK3/IL6ST/PDE4D,7
MF,GO:0030169,low-density lipoprotein particle binding,3/849,17/18639,0.17647058823529413,3.8742465183953443,2.5900064061994423,0.039737265590659106,0.33993728043101656,0.31353950382014967,STAB2/SCARB1/CDH13,3
MF,GO:0031489,myosin V binding,3/849,17/18639,0.17647058823529413,3.8742465183953443,2.5900064061994423,0.039737265590659106,0.33993728043101656,0.31353950382014967,RAB6A/RAB27A/RAB27B,3
MF,GO:0016874,ligase activity,13/849,167/18639,0.07784431137724551,1.7089989632043334,2.0105385306934895,0.04202639825254377,0.35652394517574626,0.3288381336953425,ACACA/NARS2/PCCA/SLC27A2/NAE1/SLC27A1/ITCH/HLCS/MCCC1/LARS1/FARS2/VARS1/RARS2,13
MF,GO:0051721,protein phosphatase 2A binding,4/849,30/18639,0.13333333333333333,2.927208480565371,2.307774298171793,0.045736170235270705,0.37837564445978117,0.34899294267203473,MFHAS1/SMG7/BCL2/STRN4,4
MF,GO:0008308,voltage-gated monoatomic anion channel activity,3/849,18/18639,0.16666666666666666,3.6590106007067136,2.4655870822667914,0.046116377336206625,0.37837564445978117,0.34899294267203473,GPR89B/GPR89A/ANO1,3
MF,GO:0030228,lipoprotein particle receptor activity,3/849,18/18639,0.16666666666666666,3.6590106007067136,2.4655870822667914,0.046116377336206625,0.37837564445978117,0.34899294267203473,LRP8/STAB2/SCARB1,3
MF,GO:0031690,adrenergic receptor binding,3/849,18/18639,0.16666666666666666,3.6590106007067136,2.4655870822667914,0.046116377336206625,0.37837564445978117,0.34899294267203473,PDE4D/ARRDC3/MAGI2,3
MF,GO:0140789,histone phosphatase activity,11/849,136/18639,0.08088235294117647,1.7756963209311993,1.9833786600351198,0.04646066361244857,0.37837564445978117,0.34899294267203473,PTPRU/PTP4A2/PTPN14/PTPRE/DUSP8/SSH3/SSH2/PPM1D/PTPRM/CTDSPL/PTPRD,11
MF,GO:0003727,single-stranded RNA binding,8/849,89/18639,0.0898876404494382,1.973398975662048,2.0108489838802037,0.04975845091545959,0.40201669072966556,0.3707981471728484,MSI1/ZC3H14/MSI2/CBX4/ZFR2/ATXN1/STRBP/DDX3X,8
