ONTOLOGY,ID,Description,GeneRatio,BgRatio,RichFactor,FoldEnrichment,zScore,pvalue,p.adjust,qvalue,geneID,Count
BP,GO:0021955,central nervous system neuron axonogenesis,7/234,37/18805,0.1891891891891892,15.203857703857706,9.70763821058014,3.164043152333037e-7,9.618691183092433e-4,8.712775670003395e-4,DCLK1/SPTBN4/ARHGAP35/GLI2/ADARB1/ARHGEF28/NFIB,7
BP,GO:0007264,small GTPase-mediated signal transduction,21/234,487/18805,0.043121149897330596,3.4653556573474438,6.187574465808997,8.352236722395477e-7,0.0012695399818041125,0.0011499711192519246,ARHGEF10L/OBSCN/SIPA1L2/ITGB1/LRP4/KSR2/CGNL1/KSR1/ARHGEF18/SIPA1L3/ARHGAP35/RASGEF1B/ARHGAP10/ARHGEF28/DOCK2/DEF6/RAPGEF5/DOCK4/DLC1/PREX2/ARHGEF9,21
BP,GO:0051056,regulation of small GTPase mediated signal transduction,16/234,303/18805,0.052805280528052806,4.243603847564243,6.389328063846865,1.3539257726055497e-6,0.0013581945386605186,0.0012302759394514948,ARHGEF10L/OBSCN/SIPA1L2/ITGB1/LRP4/CGNL1/ARHGEF18/SIPA1L3/ARHGAP35/ARHGAP10/ARHGEF28/DOCK2/DEF6/DLC1/PREX2/ARHGEF9,16
BP,GO:0007416,synapse assembly,15/234,273/18805,0.054945054945054944,4.415563069409223,6.38113439967245,1.787098077184893e-6,0.0013581945386605186,0.0012302759394514948,EEF2K/CSMD2/SRGAP2B/LRP4/VSTM5/DCLK1/CDH1/SDK2/ADD2/CLSTN2/NLGN1/NRCAM/DOCK4/ARHGEF9/FGF13,15
BP,GO:0032970,regulation of actin filament-based process,17/234,392/18805,0.04336734693877551,3.4851408512122797,5.5814516931857465,8.929272401240218e-6,0.005428997619954053,0.004917679284556719,ASB2/ARHGEF10L/CACNA1C/CGNL1/SSH2/ARHGEF18/SPTBN4/ARHGAP35/PRKCE/ADD2/BIN1/PDGFRA/SYNPO2/PDE4D/NEDD9/DLC1/FGF13,17
BP,GO:0007409,axonogenesis,18/234,459/18805,0.0392156862745098,3.1514999162057986,5.23832435964662,1.891654126039376e-5,0.008596259894284131,0.007786639848839088,NFASC/ITGB1/LRP4/DCLK1/CDH1/SPTBN4/ARHGAP35/GLI2/ADARB1/BOC/APBB2/UNC5C/ARHGEF28/SMURF1/NRCAM/SMO/NFIB/FGF13,18
BP,GO:0007015,actin filament organization,18/234,463/18805,0.038876889848812095,3.1242731350722712,5.195088050103576,2.122480216558609e-5,0.008596259894284131,0.007786639848839088,ASB2/ARHGEF10L/SORBS1/MYO7A/CGNL1/SSH2/SPIRE1/ARHGEF18/SPTBN4/ARHGAP35/PRKCE/ADD2/BIN1/MICAL3/SYNPO2/NEDD9/DLC1/SHROOM2,18
BP,GO:0021954,central nervous system neuron development,8/234,94/18805,0.0851063829787234,6.839425350063648,6.370902273399043,2.2621736563905607e-5,0.008596259894284131,0.007786639848839088,AGBL4/DCLK1/SPTBN4/ARHGAP35/GLI2/ADARB1/ARHGEF28/NFIB,8
BP,GO:0021952,central nervous system projection neuron axonogenesis,5/234,29/18805,0.1724137931034483,13.85573239021515,7.7769568451050715,2.6600136171813032e-5,0.008984934884701291,0.008138708330463497,DCLK1/SPTBN4/GLI2/ADARB1/NFIB,5
BP,GO:0051494,negative regulation of cytoskeleton organization,10/234,162/18805,0.06172839506172839,4.960694312546163,5.683113598943397,3.645680280963107e-5,0.010330927398761987,0.009357931466468615,ASB2/CGNL1/BMERB1/SSH2/ARHGEF18/SPTBN4/ADD2/DLC1/MID1/FGF13,10
BP,GO:1904062,regulation of monoatomic cation transmembrane transport,14/234,311/18805,0.04501607717041801,3.617638167477396,5.2250420182628865,3.7381645192888766e-5,0.010330927398761987,0.009357931466468615,RGS7/ITGB1/CACNA1C/AKAP6/GNB5/WWP2/PRKCE/COMMD1/BIN1/CACNB4/PDE4D/UTRN/LYN/FGF13,14
BP,GO:1902904,negative regulation of supramolecular fiber organization,10/234,167/18805,0.059880239520958084,4.812170530733405,5.554517081120515,4.7217202540958965e-5,0.011961691310376272,0.01083510542518848,ASB2/CGNL1/BMERB1/SSH2/ARHGEF18/SPTBN4/ADD2/DLC1/MID1/FGF13,10
BP,GO:0034765,regulation of monoatomic ion transmembrane transport,14/234,345/18805,0.04057971014492753,3.2611173045955653,4.758085018809628,1.1343960746724722e-4,0.02638407031148765,0.023899144021763054,RGS7/ITGB1/CACNA1C/AKAP6/GNB5/WWP2/PRKCE/COMMD1/BIN1/CACNB4/PDE4D/UTRN/LYN/FGF13,14
BP,GO:0032956,regulation of actin cytoskeleton organization,14/234,348/18805,0.040229885057471264,3.2330042243835346,4.719695883413759,1.2421390990105833e-4,0.02638407031148765,0.023899144021763054,ASB2/ARHGEF10L/CGNL1/SSH2/ARHGEF18/SPTBN4/ARHGAP35/PRKCE/ADD2/BIN1/PDGFRA/SYNPO2/NEDD9/DLC1,14
BP,GO:0110053,regulation of actin filament organization,12/234,267/18805,0.0449438202247191,3.611831364640353,4.824860148916045,1.364470614641398e-4,0.02638407031148765,0.023899144021763054,ASB2/ARHGEF10L/CGNL1/SSH2/ARHGEF18/SPTBN4/ARHGAP35/PRKCE/ADD2/BIN1/SYNPO2/DLC1,12
BP,GO:1902903,regulation of supramolecular fiber organization,15/234,396/18805,0.03787878787878788,3.0440624190624193,4.614684908619734,1.3886352795519817e-4,0.02638407031148765,0.023899144021763054,ASB2/ARHGEF10L/CGNL1/BMERB1/SSH2/ARHGEF18/SPTBN4/ARHGAP35/PRKCE/ADD2/BIN1/SYNPO2/DLC1/MID1/FGF13,15
BP,GO:0010959,regulation of metal ion transport,15/234,403/18805,0.03722084367245657,2.9911878857288285,4.5357348249315255,1.6806557077361689e-4,0.0300540785383409,0.027223500504258934,RGS7/ITGB1/CACNA1C/AKAP6/GNB5/WWP2/SPTBN4/PRKCE/COMMD1/BIN1/CACNB4/PDE4D/UTRN/LYN/FGF13,15
BP,GO:0035723,interleukin-15-mediated signaling pathway,3/234,10/18805,0.3,24.108974358974358,8.204930574339967,2.1399180123202308e-4,0.034238688197123696,0.031013991801826728,JAK3/PLCB1/IL2RB,3
BP,GO:0071350,cellular response to interleukin-15,3/234,10/18805,0.3,24.108974358974358,8.204930574339967,2.1399180123202308e-4,0.034238688197123696,0.031013991801826728,JAK3/PLCB1/IL2RB,3
BP,GO:0051017,actin filament bundle assembly,9/234,166/18805,0.05421686746987952,4.357043558850788,4.876577395445549,2.3917084892336108e-4,0.03635396903635089,0.03293004951492172,ARHGEF10L/SORBS1/CGNL1/SPIRE1/ARHGEF18/ADD2/SYNPO2/NEDD9/DLC1,9
BP,GO:0061572,actin filament bundle organization,9/234,170/18805,0.052941176470588235,4.254524886877828,4.784788702566939,2.85424191197825e-4,0.038568695310577696,0.03493618661096651,ARHGEF10L/SORBS1/CGNL1/SPIRE1/ARHGEF18/ADD2/SYNPO2/NEDD9/DLC1,9
BP,GO:0070672,response to interleukin-15,3/234,11/18805,0.2727272727272727,21.917249417249415,7.789448516661546,2.915385219251991e-4,0.038568695310577696,0.03493618661096651,JAK3/PLCB1/IL2RB,3
BP,GO:0043269,regulation of monoatomic ion transport,16/234,472/18805,0.03389830508474576,2.724177893669419,4.258451521801188,2.9438884322427206e-4,0.038568695310577696,0.03493618661096651,RGS7/ITGB1/CACNA1C/AKAP6/GNB5/WWP2/SPTBN4/PRKCE/COMMD1/BIN1/CACNB4/PDE4D/UTRN/ABCB1/LYN/FGF13,16
BP,GO:0042692,muscle cell differentiation,15/234,429/18805,0.03496503496503497,2.809903771442233,4.256709816600117,3.281896905873112e-4,0.038568695310577696,0.03493618661096651,ASB2/LAMC1/OBSCN/ITGB1/ATP11A/AKAP6/BIN1/CACNB4/SPEG/PDGFRA/PTCD2/DOCK2/SYNE1/SMO/NRG1,15
BP,GO:0051651,maintenance of location in cell,10/234,212/18805,0.04716981132075472,3.790719238832447,4.586957826362683,3.352413902096243e-4,0.038568695310577696,0.03493618661096651,SRGN/HK1/CACNA1C/AKAP6/PRKCE/PLCB1/PDE4D/ITPR3/SYNE1/LYN,10
BP,GO:0034762,regulation of transmembrane transport,16/234,478/18805,0.03347280334728033,2.6899831920752417,4.2011293042403794,3.3848312739530594e-4,0.038568695310577696,0.03493618661096651,RGS7/ITGB1/SORBS1/CACNA1C/AKAP6/GNB5/WWP2/PRKCE/COMMD1/BIN1/CACNB4/NLGN1/PDE4D/UTRN/LYN/FGF13,16
BP,GO:1901880,negative regulation of protein depolymerization,6/234,75/18805,0.08,6.429059829059829,5.28812577017297,3.42550912297894e-4,0.038568695310577696,0.03493618661096651,ASB2/BMERB1/SPTBN4/ADD2/MID1/FGF13,6
BP,GO:0007626,locomotory behavior,10/234,215/18805,0.046511627906976744,3.7378254820115284,4.532112704573174,3.7470788324921086e-4,0.03927972293371038,0.03558024764355483,ALDH1A3/SPTBN4/PRKCE/CACNB4/DPP4/FOXA2/ADCY5/SLC6A3/PREX2/APBA1,10
BP,GO:0021953,central nervous system neuron differentiation,10/234,215/18805,0.046511627906976744,3.7378254820115284,4.532112704573174,3.7470788324921086e-4,0.03927972293371038,0.03558024764355483,AGBL4/DCLK1/SPTBN4/ARHGAP35/GLI2/ADARB1/ARHGEF28/SMO/TOX/NFIB,10
BP,GO:0045906,negative regulation of vasoconstriction,3/234,13/18805,0.23076923076923078,18.545364891518737,7.103346236954657,4.961093247088558e-4,0.049118464368119084,0.0444923486104569,ITGB1/ITGA9/DOCK4,3
BP,GO:0032535,regulation of cellular component size,13/234,353/18805,0.036827195467422094,2.95955303745672,4.171940033215032,5.034413497936667e-4,0.049118464368119084,0.0444923486104569,ASB2/RIN3/CDH1/SSH2/SPTBN4/ARHGAP35/PRKCE/ADD2/BIN1/SLC12A8/SMURF1/NRCAM/FGF13,13
BP,GO:0051235,maintenance of location,10/234,224/18805,0.044642857142857144,3.587644993894994,4.373302984373058,5.170364670328325e-4,0.049118464368119084,0.0444923486104569,SRGN/HK1/CACNA1C/AKAP6/PRKCE/PLCB1/PDE4D/ITPR3/SYNE1/LYN,10
BP,GO:0045445,myoblast differentiation,7/234,114/18805,0.06140350877192982,4.934585395111711,4.729884518487938,5.62356508733224e-4,0.05118962363471778,0.046368440245298376,ITGB1/CMTM5/PLCB1/PBRM1/BOC/MBNL1/NRG1,7
BP,GO:0008154,actin polymerization or depolymerization,9/234,187/18805,0.0481283422459893,3.8677498971616617,4.423957723760464,5.725155274935542e-4,0.05118962363471778,0.046368440245298376,ASB2/SSH2/SPIRE1/SPTBN4/ARHGAP35/PRKCE/ADD2/BIN1/MICAL3,9
BP,GO:0050807,regulation of synapse organization,12/234,315/18805,0.0380952380952381,3.0614570614570615,4.14167979669684,6.122626245268595e-4,0.053179382244618656,0.04817079776728615,EEF2K/SRGAP2B/ITGB1/LRP4/VSTM5/PRMT8/DCLK1/CLSTN2/NLGN1/NEDD9/NRCAM/DOCK4,12
BP,GO:0099068,postsynapse assembly,6/234,84/18805,0.07142857142857142,5.740231990231989,4.887537732411044,6.302582436718857e-4,0.05322180724340368,0.04820922705981442,CSMD2/LRP4/DCLK1/NLGN1/DOCK4/ARHGEF9,6
BP,GO:0043242,negative regulation of protein-containing complex disassembly,6/234,85/18805,0.07058823529411765,5.672699849170438,4.8466296030755975,6.711817646906843e-4,0.05514574499080217,0.049951962914106134,ASB2/BMERB1/SPTBN4/ADD2/MID1/FGF13,6
BP,GO:0030900,forebrain development,14/234,413/18805,0.03389830508474576,2.724177893669419,3.977022281957013,7.002773565446711e-4,0.056022188523573685,0.050745860518583374,DCLK1/ALDH1A3/BMERB1/CDH1/ARHGAP35/GLI2/PLCB1/SLC6A3/SMO/DLC1/TOX/NFIB/PAX5/FGF13,14
BP,GO:0050803,regulation of synapse structure or activity,12/234,321/18805,0.037383177570093455,3.004233564981228,4.065540317282077,7.223615306257823e-4,0.05630715520775328,0.0510039882352779,EEF2K/SRGAP2B/ITGB1/LRP4/VSTM5/PRMT8/DCLK1/CLSTN2/NLGN1/NEDD9/NRCAM/DOCK4,12
BP,GO:0006935,chemotaxis,15/234,466/18805,0.032188841201716736,2.5867998239242875,3.893522436471717,7.724429636056447e-4,0.058705665234029,0.05317659981032544,CMKLR1/CMTM5/ALKBH1/RIN3/DPP4/DEFB124/ITGA9/ST6GAL1/PDGFRA/UNC5C/DOCK2/NEDD9/DOCK4/NRG1/LYN,15
BP,GO:0042330,taxis,15/234,468/18805,0.03205128205128205,2.5757451238220463,3.874896982274548,8.066681730374524e-4,0.05981149380570378,0.05417827832261811,CMKLR1/CMTM5/ALKBH1/RIN3/DPP4/DEFB124/ITGA9/ST6GAL1/PDGFRA/UNC5C/DOCK2/NEDD9/DOCK4/NRG1/LYN,15
BP,GO:0051261,protein depolymerization,7/234,122/18805,0.05737704918032787,4.611006024940451,4.491591243028477,8.420219829813244e-4,0.060946353053886335,0.055206253320279314,ASB2/BMERB1/SPTBN4/ADD2/MICAL3/MID1/FGF13,7
BP,GO:0055001,muscle cell development,9/234,202/18805,0.04455445544554455,3.58054074638233,4.139141921179806,9.915046299347069e-4,0.0695685947611414,0.06301642794153252,ASB2/OBSCN/ITGB1/AKAP6/BIN1/CACNB4/PDGFRA/PTCD2/SMO,9
BP,GO:0086004,regulation of cardiac muscle cell contraction,4/234,36/18805,0.1111111111111111,8.929249762583096,5.345375097230604,0.001006913871542836,0.0695685947611414,0.06301642794153252,CACNA1C/BIN1/PDE4D/FGF13,4
BP,GO:1901879,regulation of protein depolymerization,6/234,93/18805,0.06451612903225806,5.184725668596636,4.5411282540193065,0.001077396818669324,0.07278414063899433,0.06592912462313337,ASB2/BMERB1/SPTBN4/ADD2/MID1/FGF13,6
BP,GO:0043244,regulation of protein-containing complex disassembly,7/234,130/18805,0.05384615384615385,4.327251808021039,4.2730939903780785,0.0012215252320336625,0.07938860800637552,0.07191156459303269,ASB2/BMERB1/SPTBN4/ADD2/TOM1/MID1/FGF13,7
BP,GO:0032412,regulation of monoatomic ion transmembrane transporter activity,8/234,168/18805,0.047619047619047616,3.8268213268213267,4.131239779358134,0.0012319787979715073,0.07938860800637552,0.07191156459303269,ITGB1/AKAP6/GNB5/WWP2/CACNB4/NLGN1/UTRN/FGF13,8
BP,GO:0051209,release of sequestered calcium ion into cytosol,7/234,131/18805,0.05343511450381679,4.29421935147126,4.247025705716066,0.0012770907332776242,0.07938860800637552,0.07191156459303269,CACNA1C/AKAP6/PRKCE/PLCB1/PDE4D/ITPR3/LYN,7
BP,GO:0051963,regulation of synapse assembly,8/234,169/18805,0.047337278106508875,3.804177413644869,4.110436026057951,0.0012796190106290793,0.07938860800637552,0.07191156459303269,EEF2K/SRGAP2B/LRP4/VSTM5/DCLK1/CLSTN2/NLGN1/DOCK4,8
BP,GO:0051283,negative regulation of sequestering of calcium ion,7/234,132/18805,0.05303030303030303,4.261687386687386,4.221216782552704,0.001334615506112423,0.08114462277163531,0.07350219292610734,CACNA1C/AKAP6/PRKCE/PLCB1/PDE4D/ITPR3/LYN,7
BP,GO:0051282,regulation of sequestering of calcium ion,7/234,134/18805,0.05223880597014925,4.198080112259217,4.1703581461218215,0.0014557329696292614,0.08677310250339126,0.07860056653354278,CACNA1C/AKAP6/PRKCE/PLCB1/PDE4D/ITPR3/LYN,7
BP,GO:0060088,auditory receptor cell stereocilium organization,3/234,19/18805,0.15789473684210525,12.688933873144398,5.722027598733469,0.0015907084517421193,0.09161015028272089,0.08298204748601032,MYO7A/STRC/ANKRD24,3
BP,GO:1903169,regulation of calcium ion transmembrane transport,8/234,175/18805,0.045714285714285714,3.6737484737484736,3.9888577746657865,0.001597150646376384,0.09161015028272089,0.08298204748601032,CACNA1C/AKAP6/GNB5/PRKCE/BIN1/CACNB4/PDE4D/LYN,8
BP,GO:0022898,regulation of transmembrane transporter activity,8/234,176/18805,0.045454545454545456,3.6528749028749026,3.9691155162112444,0.0016556572140550515,0.09320736908754364,0.08442883571087749,ITGB1/AKAP6/GNB5/WWP2/CACNB4/NLGN1/UTRN/FGF13,8
BP,GO:0051208,sequestering of calcium ion,7/234,138/18805,0.050724637681159424,4.0763966307444575,4.071552240927238,0.0017235984445108272,0.09526798675114391,0.08629537858067605,CACNA1C/AKAP6/PRKCE/PLCB1/PDE4D/ITPR3/LYN,7
BP,GO:0022411,cellular component disassembly,14/234,456/18805,0.03070175438596491,2.4672926975558553,3.5604786187553508,0.0017910437180168192,0.09627178495987214,0.08720463623788971,ASB2/EEF2K/LAMC1/ITGB1/VRK1/BMERB1/SPTBN4/ADD2/DPP4/MICAL3/TOM1/NEDD9/MID1/FGF13,14
BP,GO:1903115,regulation of actin filament-based movement,4/234,42/18805,0.09523809523809523,7.653642653642653,4.845609180146753,0.0018050959679976025,0.09627178495987214,0.08720463623788971,CACNA1C/BIN1/PDE4D/FGF13,4
BP,GO:0006607,NLS-bearing protein import into nucleus,3/234,20/18805,0.15,12.054487179487179,5.552178287854598,0.00185433986495055,0.09719298602499435,0.08803907598385914,RGPD5/RGPD8/RGPD6,3
BP,GO:0061577,calcium ion transmembrane transport via high voltage-gated calcium channel,3/234,21/18805,0.14285714285714285,11.480463980463979,5.394007205539319,0.002143661560196119,0.11045307022027459,0.10005028798346204,CACNA1C/BIN1/PDE4D,3
BP,GO:0048813,dendrite morphogenesis,7/234,144/18805,0.04861111111111111,3.9065467711301047,3.9301263288623294,0.0021954833755813076,0.11123782436278624,0.10076113176352107,EEF2K/ITGB1/LRP4/DCLK1/NLGN1/SYNE1/PREX2,7
BP,GO:0008064,regulation of actin polymerization or depolymerization,7/234,146/18805,0.04794520547945205,3.853032431799555,3.8846720334801,0.0023731213893925275,0.11826703317628333,0.1071283098300406,ASB2/SSH2/SPTBN4/ARHGAP35/PRKCE/ADD2/BIN1,7
BP,GO:0002093,auditory receptor cell morphogenesis,3/234,22/18805,0.13636363636363635,10.958624708624708,5.246185374782823,0.0024595056538528498,0.11977657389781061,0.10849567774123013,MYO7A/STRC/ANKRD24,3
BP,GO:0097305,response to alcohol,10/234,276/18805,0.036231884057971016,2.9117118791031835,3.5914216316945127,0.0024822118932769964,0.11977657389781061,0.10849567774123013,RGS7/CDH1/GRAMD1A/PRKCE/ADCY5/ST6GAL1/SETD7/SLC6A3/SMO/GNAQ,10
BP,GO:0001708,cell fate specification,6/234,110/18805,0.05454545454545454,4.383449883449884,3.9949261997018164,0.002543097763861623,0.11980590196760847,0.10852224361054841,ITGB1/CHD3/GLI2/FOXA2/SMO/NFIB,6
BP,GO:0099175,regulation of postsynapse organization,7/234,148/18805,0.0472972972972973,3.8009644259644264,3.840015257391937,0.0025616393512811024,0.11980590196760847,0.10852224361054841,EEF2K/LRP4/DCLK1/NLGN1/NEDD9/NRCAM/DOCK4,7
BP,GO:0030832,regulation of actin filament length,7/234,149/18805,0.04697986577181208,3.775454597602249,3.817977809793897,0.002660113815863564,0.12252645454886721,0.1109865668628243,ASB2/SSH2/SPTBN4/ARHGAP35/PRKCE/ADD2/BIN1,7
BP,GO:0048638,regulation of developmental growth,11/234,327/18805,0.03363914373088685,2.7033508455526802,3.487915141766008,0.0027319596835627554,0.12316194053339391,0.11156220098177233,AKAP6/CDH1/RAI1/SPTBN4/PLCB1/SLC6A3/SMURF1/NRCAM/SMO/NRG1/FGF13,11
BP,GO:0001764,neuron migration,8/234,191/18805,0.041884816753926704,3.3659999105025284,3.689155468507765,0.002754938143510127,0.12316194053339391,0.11156220098177233,DCLK1/ALKBH1/VRK1/APBB2/UNC5C/PEX7/NRCAM/FGF13,8
BP,GO:0046058,cAMP metabolic process,3/234,23/18805,0.13043478260869565,10.48216276477146,5.1075874448148815,0.0028026613578443116,0.12347957286734357,0.11184991780504529,CACNB4/ADCY5/PDE4D,3
BP,GO:0007411,axon guidance,9/234,238/18805,0.037815126050420166,3.038946347769877,3.5533567568116475,0.003041488451517289,0.13038626272386553,0.11810611609613304,NFASC/ARHGAP35/GLI2/BOC/APBB2/UNC5C/NRCAM/SMO/NFIB,9
BP,GO:0097485,neuron projection guidance,9/234,239/18805,0.03765690376569038,3.026231091084648,3.538703351602184,0.0031271459226826985,0.13038626272386553,0.11810611609613304,NFASC/ARHGAP35/GLI2/BOC/APBB2/UNC5C/NRCAM/SMO/NFIB,9
BP,GO:0035024,negative regulation of Rho protein signal transduction,3/234,24/18805,0.125,10.045405982905983,4.9772531881181505,0.0031738761320940947,0.13038626272386553,0.11810611609613304,ITGB1/ARHGAP35/DLC1,3
BP,GO:0045061,thymic T cell selection,3/234,24/18805,0.125,10.045405982905983,4.9772531881181505,0.0031738761320940947,0.13038626272386553,0.11810611609613304,DOCK2/CARD11/TOX,3
BP,GO:0045822,negative regulation of heart contraction,3/234,24/18805,0.125,10.045405982905983,4.9772531881181505,0.0031738761320940947,0.13038626272386553,0.11810611609613304,SPTBN4/BIN1/PDE4D,3
BP,GO:0002028,regulation of sodium ion transport,5/234,80/18805,0.0625,5.0227029914529915,4.047319167176632,0.0032221439205079717,0.1306042335779231,0.11830355783928216,SPTBN4/PRKCE/COMMD1/UTRN/FGF13,5
BP,GO:0030041,actin filament polymerization,7/234,156/18805,0.04487179487179487,3.6060431733508658,3.6688633459043336,0.0034332807976611836,0.13733123190644733,0.1243969884581947,ASB2/SSH2/SPIRE1/SPTBN4/PRKCE/ADD2/BIN1,7
BP,GO:0099173,postsynapse organization,9/234,243/18805,0.037037037037037035,2.9764165875276984,3.4808447027246188,0.0034889897735236467,0.1377471287209336,0.12477371493558251,EEF2K/CSMD2/LRP4/DCLK1/NLGN1/NEDD9/NRCAM/DOCK4/ARHGEF9,9
BP,GO:1902305,regulation of sodium ion transmembrane transport,4/234,51/18805,0.0784313725490196,6.302999832411597,4.256720653047271,0.003694093024289857,0.14397490761334825,0.1304149440154152,PRKCE/COMMD1/UTRN/FGF13,4
BP,GO:0032409,regulation of transporter activity,8/234,202/18805,0.039603960396039604,3.1827028856731827,3.501016997400845,0.003872593705309696,0.1448802734939982,0.131235039979328,ITGB1/AKAP6/GNB5/WWP2/CACNB4/NLGN1/UTRN/FGF13,8
BP,GO:0023061,signal release,14/234,497/18805,0.028169014084507043,2.2637534609365595,3.205055139026438,0.0038917153360607244,0.1448802734939982,0.131235039979328,RPH3AL/CRY1/EIPR1/PRKCE/CACNB4/ABCA12/PLCB1/FOXA2/CADPS/ADCY5/NLGN1/CPE/MCTP1/LYN,14
BP,GO:0061351,neural precursor cell proliferation,7/234,160/18805,0.04375,3.515892094017094,3.5874529408719957,0.003945927852541115,0.1448802734939982,0.131235039979328,ITGB1/EML1/SMO/LYN/TOX/NFIB/FGF13,7
BP,GO:0051279,regulation of release of sequestered calcium ion into cytosol,5/234,84/18805,0.05952380952380952,4.783526658526658,3.9011021703659488,0.003975800763291616,0.1448802734939982,0.131235039979328,CACNA1C/AKAP6/PRKCE/PDE4D/LYN,5
BP,GO:0007599,hemostasis,9/234,248/18805,0.036290322580645164,2.916408188585608,3.4101648951742605,0.0039867223281745854,0.1448802734939982,0.131235039979328,TSPAN18/ADAMTS18/FOXA2/PDGFRA/METAP1/ITPR3/LYN/GNAQ/PRRG1,9
BP,GO:1903523,negative regulation of blood circulation,3/234,26/18805,0.11538461538461539,9.272682445759369,4.738187054643327,0.00400327071496574,0.1448802734939982,0.131235039979328,SPTBN4/BIN1/PDE4D,3
BP,GO:2000179,positive regulation of neural precursor cell proliferation,4/234,53/18805,0.07547169811320754,6.065150782131914,4.144975050641081,0.004245867135254672,0.1518521893079318,0.1375503210628634,ITGB1/SMO/LYN/TOX,4
BP,GO:0035023,regulation of Rho protein signal transduction,5/234,86/18805,0.05813953488372093,4.672281852514411,3.831416056529975,0.004396426242318336,0.15403626444672497,0.13952869383401403,ITGB1/ARHGEF18/ARHGAP35/ARHGEF28/DLC1,5
BP,GO:0048732,gland development,13/234,451/18805,0.028824833702882482,2.3164572554816454,3.1764723157090735,0.004408274673310879,0.15403626444672497,0.13952869383401403,DEAF1/ALDH1A3/CDH1/FA2H/ARHGAP35/GLI2/CACNB4/PDGFRA/SLC6A3/PTCD2/SMO/NRG1/NFIB,13
BP,GO:0010543,regulation of platelet activation,4/234,54/18805,0.07407407407407407,5.952833175055397,4.091228800798331,0.00454151929875544,0.15688884850246065,0.14211261346344772,ADAMTS18/PDGFRA/LYN/GNAQ,4
BP,GO:1901379,regulation of potassium ion transmembrane transport,5/234,87/18805,0.05747126436781609,4.61857746340505,3.7973723504413406,0.0046182094903403316,0.1577455825914001,0.14288865791520175,RGS7/ITGB1/AKAP6/WWP2/BIN1,5
BP,GO:0048562,embryonic organ morphogenesis,10/234,302/18805,0.033112582781456956,2.6610346974585384,3.266453699045071,0.004692787778015412,0.15851194272407615,0.14358284008524347,ASB2/MYO7A/LRIG3/STRC/ALDH1A3/ANKRD24/PDGFRA/MTHFD1L/SMO/PAX5,10
BP,GO:0050885,neuromuscular process controlling balance,4/234,55/18805,0.07272727272727272,5.844599844599844,4.038815595619124,0.004850722970915854,0.16204613001740875,0.1467841676334977,CAMTA1/MYO7A/ALDH1A3/ADCY5,4
BP,GO:0060117,auditory receptor cell development,3/234,28/18805,0.10714285714285714,8.610347985347985,4.523617056884834,0.00495287630867152,0.16366026063436326,0.14824627486824596,MYO7A/STRC/ANKRD24,3
BP,GO:0099003,vesicle-mediated transport in synapse,9/234,258/18805,0.03488372093023256,2.8033691115086463,3.2739575847479636,0.0051479150997799485,0.16484511437588878,0.1493195357366084,RPH3AL/AP3M1/BIN1/CACNB4/CADPS/NLGN1/SNAP91/SYNE1/NRG1,9
BP,GO:0002688,regulation of leukocyte chemotaxis,6/234,127/18805,0.047244094488188976,3.796688875429033,3.5497374694420443,0.005159454809593407,0.16484511437588878,0.1493195357366084,CMKLR1/RIN3/DPP4/DEFB124/NEDD9/LYN,6
BP,GO:0030833,regulation of actin filament polymerization,6/234,127/18805,0.047244094488188976,3.796688875429033,3.5497374694420443,0.005159454809593407,0.16484511437588878,0.1493195357366084,ASB2/SSH2/SPTBN4/PRKCE/ADD2/BIN1,6
BP,GO:0009649,entrainment of circadian clock,3/234,29/18805,0.10344827586206896,8.313439434129089,4.424197793025133,0.0054742146400800175,0.16484511437588878,0.1493195357366084,CRY1/PHLPP1/GNAQ,3
BP,GO:0098901,regulation of cardiac muscle cell action potential,3/234,29/18805,0.10344827586206896,8.313439434129089,4.424197793025133,0.0054742146400800175,0.16484511437588878,0.1493195357366084,CACNA1C/BIN1/FGF13,3
BP,GO:0030100,regulation of endocytosis,10/234,309/18805,0.032362459546925564,2.6007523580339114,3.1847832946835877,0.005495733144832146,0.16484511437588878,0.1493195357366084,EEF2K/RIN3/BIN1/IL2RB/NLGN1/MCTP1/DOCK2/SNAP91/SYNE1/NRG1,10
BP,GO:0032984,protein-containing complex disassembly,9/234,261/18805,0.034482758620689655,2.77114647804303,3.2343605350302846,0.0055429812052087595,0.16484511437588878,0.1493195357366084,ASB2/EEF2K/BMERB1/SPTBN4/ADD2/MICAL3/TOM1/MID1/FGF13,9
BP,GO:0031032,actomyosin structure organization,8/234,215/18805,0.037209302325581395,2.9902603856092225,3.2946162705743567,0.005613022553748681,0.16484511437588878,0.1493195357366084,ARHGEF10L/OBSCN/ITGB1/SORBS1/CGNL1/ARHGEF18/PDGFRA/DLC1,8
BP,GO:0048639,positive regulation of developmental growth,7/234,171/18805,0.04093567251461988,3.28972359674114,3.376319012754566,0.005656321624990082,0.16484511437588878,0.1493195357366084,AKAP6/SPTBN4/PLCB1/SLC6A3/SMURF1/SMO/NRG1,7
BP,GO:0031589,cell-substrate adhesion,11/234,361/18805,0.030470914127423823,2.448741624641902,3.119840470361832,0.00572128982072384,0.16484511437588878,0.1493195357366084,LAMC1/ITGB1/SORBS1/STRC/PRKCE/ITGA9/ST6GAL1/EDIL3/NEDD9/UTRN/DLC1,11
BP,GO:0051146,striated muscle cell differentiation,10/234,311/18805,0.03215434083601286,2.5840272624838536,3.161861370828114,0.005743839894280294,0.16484511437588878,0.1493195357366084,ASB2/OBSCN/ITGB1/ATP11A/AKAP6/PDGFRA/DOCK2/SYNE1/SMO/NRG1,10
BP,GO:0055007,cardiac muscle cell differentiation,6/234,130/18805,0.046153846153846156,3.709072978303748,3.47918466380534,0.005772778458924195,0.16484511437588878,0.1493195357366084,ASB2/ITGB1/AKAP6/PDGFRA/SYNE1/NRG1,6
BP,GO:0010639,negative regulation of organelle organization,11/234,362/18805,0.03038674033149171,2.441977145015819,3.1096555376518733,0.005837667297826164,0.16484511437588878,0.1493195357366084,ASB2/CGNL1/BMERB1/SSH2/ARHGEF18/SPTBN4/NANOS2/ADD2/DLC1/MID1/FGF13,11
BP,GO:0030042,actin filament depolymerization,4/234,58/18805,0.06896551724137931,5.54229295608606,3.889006354309013,0.005862374002961991,0.16484511437588878,0.1493195357366084,ASB2/SPTBN4/ADD2/MICAL3,4
BP,GO:0030837,negative regulation of actin filament polymerization,4/234,58/18805,0.06896551724137931,5.54229295608606,3.889006354309013,0.005862374002961991,0.16484511437588878,0.1493195357366084,ASB2/SSH2/SPTBN4/ADD2,4
BP,GO:0061178,regulation of insulin secretion involved in cellular response to glucose stimulus,4/234,58/18805,0.06896551724137931,5.54229295608606,3.889006354309013,0.005862374002961991,0.16484511437588878,0.1493195357366084,PRKCE/ABCA12/FOXA2/ADCY5,4
BP,GO:0050920,regulation of chemotaxis,8/234,217/18805,0.03686635944700461,2.9627003820552207,3.264246499041453,0.005926507938786878,0.16484511437588878,0.1493195357366084,CMKLR1/RIN3/DPP4/DEFB124/ST6GAL1/PDGFRA/NEDD9/LYN,8
BP,GO:0001654,eye development,12/234,415/18805,0.02891566265060241,2.32375656472042,3.060953383200941,0.005979400159938093,0.16484511437588878,0.1493195357366084,MYO7A/CACNA1C/ALDH1A3/ADAMTS18/SDK2/SIPA1L3/ARHGAP35/BFSP1/PDGFRA/SLC6A3/NFIB/SHROOM2,12
BP,GO:0046777,protein autophosphorylation,7/234,173/18805,0.04046242774566474,3.251692110073613,3.3397789631863475,0.006019015689382781,0.16484511437588878,0.1493195357366084,EEF2K/MAP3K9/VRK1/PDGFRA/NRG1/LYN/TAF1,7
BP,GO:0050796,regulation of insulin secretion,7/234,174/18805,0.040229885057471264,3.2330042243835346,3.3217082937498312,0.0062067465125414355,0.16846883391183895,0.15260196312789848,RPH3AL/EIPR1/PRKCE/ABCA12/PLCB1/FOXA2/ADCY5,7
BP,GO:0150063,visual system development,12/234,419/18805,0.028639618138424822,2.301572731167003,3.0244557149947995,0.0064359124496418596,0.16862372161858596,0.15274226307279115,MYO7A/CACNA1C/ALDH1A3/ADAMTS18/SDK2/SIPA1L3/ARHGAP35/BFSP1/PDGFRA/SLC6A3/NFIB/SHROOM2,12
BP,GO:0019227,neuronal action potential propagation,2/234,10/18805,0.2,16.072649572649574,5.351602429162656,0.006496278936698573,0.16862372161858596,0.15274226307279115,CACNB4/NRCAM,2
BP,GO:0031055,chromatin remodeling at centromere,2/234,10/18805,0.2,16.072649572649574,5.351602429162656,0.006496278936698573,0.16862372161858596,0.15274226307279115,ITGB3BP/CENPP,2
BP,GO:0034080,CENP-A containing chromatin assembly,2/234,10/18805,0.2,16.072649572649574,5.351602429162656,0.006496278936698573,0.16862372161858596,0.15274226307279115,ITGB3BP/CENPP,2
BP,GO:0050905,neuromuscular process,7/234,176/18805,0.03977272727272727,3.19626554001554,3.285956538376137,0.006595275081227525,0.16862372161858596,0.15274226307279115,CAMTA1/MYO7A/ALDH1A3/SPTBN4/ADARB1/ADCY5/SLC6A3,7
BP,GO:0007026,negative regulation of microtubule depolymerization,3/234,31/18805,0.0967741935483871,7.777088502894954,4.238976435250113,0.006612562416938574,0.16862372161858596,0.15274226307279115,BMERB1/MID1/FGF13,3
BP,GO:0040018,positive regulation of multicellular organism growth,3/234,31/18805,0.0967741935483871,7.777088502894954,4.238976435250113,0.006612562416938574,0.16862372161858596,0.15274226307279115,SPTBN4/SLC6A3/SMO,3
BP,GO:0007517,muscle organ development,11/234,369/18805,0.02981029810298103,2.395652375327172,3.0392924930325624,0.006705500270122462,0.16862372161858596,0.15274226307279115,ASB2/ITGB1/TCF12/SPEG/ADARB1/PTCD2/COL19A1/UTRN/SMO/NRG1/PAX5,11
BP,GO:1903522,regulation of blood circulation,9/234,269/18805,0.03345724907063197,2.688733199885616,3.1314434703726937,0.0067116678670555594,0.16862372161858596,0.15274226307279115,ITGB1/CACNA1C/SPTBN4/BIN1/ITGA9/KCNMB2/PDE4D/DOCK4/FGF13,9
BP,GO:0001508,action potential,7/234,177/18805,0.03954802259887006,3.1782075426143224,3.2682719083223457,0.006796192668904519,0.16934775174975195,0.15339810200046783,CACNA1C/AKAP6/BIN1/CACNB4/KCNMB2/NRCAM/FGF13,7
BP,GO:1901888,regulation of cell junction assembly,9/234,270/18805,0.03333333333333333,2.6787749287749287,3.11884266472161,0.006870115651986821,0.16979798034178809,0.15380592679159197,EEF2K/SRGAP2B/LRP4/VSTM5/DCLK1/CLSTN2/NLGN1/DOCK4/DLC1,9
BP,GO:0046879,hormone secretion,10/234,320/18805,0.03125,2.5113514957264957,3.0608788945769265,0.006970566027459775,0.17089129615707835,0.15479627103425103,RPH3AL/CRY1/EIPR1/PRKCE/ABCA12/PLCB1/FOXA2/ADCY5/CPE/LYN,10
BP,GO:0019082,viral protein processing,3/234,32/18805,0.09375,7.534054487179487,4.152468109147956,0.007230509418772579,0.1745932753816442,0.15814958739556137,ST6GALNAC3/MGAT5/ST6GAL1,3
BP,GO:2001257,regulation of cation channel activity,5/234,97/18805,0.05154639175257732,4.142435456868447,3.483003876879699,0.007291497997932125,0.1745932753816442,0.15814958739556137,ITGB1/AKAP6/GNB5/CACNB4/FGF13,5
BP,GO:0048880,sensory system development,12/234,426/18805,0.028169014084507043,2.2637534609365595,2.9615674187065135,0.007300850700895717,0.1745932753816442,0.15814958739556137,MYO7A/CACNA1C/ALDH1A3/ADAMTS18/SDK2/SIPA1L3/ARHGAP35/BFSP1/PDGFRA/SLC6A3/NFIB/SHROOM2,12
BP,GO:0050708,regulation of protein secretion,9/234,273/18805,0.03296703296703297,2.6493378416455338,3.08137962149422,0.00736272619272092,0.1745932753816442,0.15814958739556137,RPH3AL/DNAJC1/EIPR1/PRKCE/ABCA12/PLCB1/FOXA2/ADCY5/SEC24A,9
BP,GO:0030879,mammary gland development,6/234,137/18805,0.043795620437956206,3.5195583005801985,3.3223945406767563,0.007408727804023718,0.1745932753816442,0.15814958739556137,DEAF1/ARHGAP35/GLI2/SLC6A3/SMO/NRG1,6
BP,GO:1903034,regulation of response to wounding,7/234,181/18805,0.03867403314917127,3.107970911838315,3.1987686029462057,0.007645616977681419,0.17600929066642676,0.15943223835989348,PTPRF/ITGB1/ADAMTS18/PRKCE/FOXA2/PDGFRA/EXTL3,7
BP,GO:0060397,growth hormone receptor signaling pathway via JAK-STAT,2/234,11/18805,0.18181818181818182,14.61149961149961,5.068834498425994,0.007875110139981541,0.17600929066642676,0.15943223835989348,JAK3/LYN,2
BP,GO:0070669,response to interleukin-2,2/234,11/18805,0.18181818181818182,14.61149961149961,5.068834498425994,0.007875110139981541,0.17600929066642676,0.15943223835989348,JAK3/IL2RB,2
BP,GO:0097090,presynaptic membrane organization,2/234,11/18805,0.18181818181818182,14.61149961149961,5.068834498425994,0.007875110139981541,0.17600929066642676,0.15943223835989348,LRP4/NLGN1,2
BP,GO:0098870,action potential propagation,2/234,11/18805,0.18181818181818182,14.61149961149961,5.068834498425994,0.007875110139981541,0.17600929066642676,0.15943223835989348,CACNB4/NRCAM,2
BP,GO:0010880,regulation of release of sequestered calcium ion into cytosol by sarcoplasmic reticulum,3/234,33/18805,0.09090909090909091,7.305749805749805,4.069619797240007,0.00788154218898545,0.17600929066642676,0.15943223835989348,CACNA1C/AKAP6/PDE4D,3
BP,GO:0051497,negative regulation of stress fiber assembly,3/234,33/18805,0.09090909090909091,7.305749805749805,4.069619797240007,0.00788154218898545,0.17600929066642676,0.15943223835989348,CGNL1/ARHGEF18/DLC1,3
BP,GO:0035270,endocrine system development,6/234,139/18805,0.04316546762589928,3.4689171739531455,3.2794702462530485,0.007931997638585679,0.17600929066642676,0.15943223835989348,CDH1/GLI2/FOXA2/PDGFRA/SLC6A3/SMO,6
BP,GO:0030168,platelet activation,6/234,140/18805,0.04285714285714286,3.4441391941391943,3.2583021958093683,0.008203379304158955,0.17844765879395327,0.16164095408759757,ADAMTS18/PDGFRA/METAP1/ITPR3/LYN/GNAQ,6
BP,GO:0042886,amide transport,10/234,328/18805,0.03048780487804878,2.4500990202209714,2.9739540670415177,0.008223446365549955,0.17844765879395327,0.16164095408759757,RPH3AL/EIPR1/PRKCE/ABCA12/PLCB1/FOXA2/SLC38A3/ADCY5/CPE/ABCB1,10
BP,GO:0045058,T cell selection,4/234,64/18805,0.0625,5.0227029914529915,3.618486694957914,0.00828722477255103,0.17844765879395327,0.16164095408759757,JAK3/DOCK2/CARD11/TOX,4
BP,GO:0051058,negative regulation of small GTPase mediated signal transduction,4/234,64/18805,0.0625,5.0227029914529915,3.618486694957914,0.00828722477255103,0.17844765879395327,0.16164095408759757,ITGB1/CGNL1/ARHGAP35/DLC1,4
BP,GO:0010464,regulation of mesenchymal cell proliferation,3/234,34/18805,0.08823529411764706,7.090874811463047,3.990164789746164,0.008566048890031389,0.17844765879395327,0.16164095408759757,SYNE1/SMO/NFIB,3
BP,GO:0098884,postsynaptic neurotransmitter receptor internalization,3/234,34/18805,0.08823529411764706,7.090874811463047,3.990164789746164,0.008566048890031389,0.17844765879395327,0.16164095408759757,AP3M1/SYNE1/NRG1,3
BP,GO:0140239,postsynaptic endocytosis,3/234,34/18805,0.08823529411764706,7.090874811463047,3.990164789746164,0.008566048890031389,0.17844765879395327,0.16164095408759757,AP3M1/SYNE1/NRG1,3
BP,GO:0009914,hormone transport,10/234,331/18805,0.030211480362537766,2.427892684690268,2.9420124135117294,0.00873554978733473,0.17844765879395327,0.16164095408759757,RPH3AL/CRY1/EIPR1/PRKCE/ABCA12/PLCB1/FOXA2/ADCY5/CPE/LYN,10
BP,GO:0055074,calcium ion homeostasis,10/234,331/18805,0.030211480362537766,2.427892684690268,2.9420124135117294,0.00873554978733473,0.17844765879395327,0.16164095408759757,CACNA1C/TMTC2/AKAP6/PRKCE/CACNB4/PLCB1/ATP13A5/PDE4D/ITPR3/LYN,10
BP,GO:0032615,interleukin-12 production,4/234,65/18805,0.06153846153846154,4.945430637738331,3.5766933127954936,0.008746283276414158,0.17844765879395327,0.16164095408759757,CMKLR1/JAK3/PLCB1/DEFB124,4
BP,GO:0032655,regulation of interleukin-12 production,4/234,65/18805,0.06153846153846154,4.945430637738331,3.5766933127954936,0.008746283276414158,0.17844765879395327,0.16164095408759757,CMKLR1/JAK3/PLCB1/DEFB124,4
BP,GO:0040014,regulation of multicellular organism growth,4/234,65/18805,0.06153846153846154,4.945430637738331,3.5766933127954936,0.008746283276414158,0.17844765879395327,0.16164095408759757,RAI1/SPTBN4/SLC6A3/SMO,4
BP,GO:0045744,negative regulation of G protein-coupled receptor signaling pathway,4/234,66/18805,0.06060606060606061,4.870499870499871,3.53574734877412,0.009221647547184736,0.18050415320482696,0.16350376204426154,RPH3AL/RGS7/CRY1/PDE4D,4
BP,GO:0051965,positive regulation of synapse assembly,4/234,66/18805,0.06060606060606061,4.870499870499871,3.53574734877412,0.009221647547184736,0.18050415320482696,0.16350376204426154,EEF2K/VSTM5/CLSTN2/NLGN1,4
BP,GO:0008611,ether lipid biosynthetic process,2/234,12/18805,0.16666666666666666,13.393874643874643,4.820755110635393,0.009373101588043272,0.18050415320482696,0.16350376204426154,FAR1/PEX7,2
BP,GO:0014051,gamma-aminobutyric acid secretion,2/234,12/18805,0.16666666666666666,13.393874643874643,4.820755110635393,0.009373101588043272,0.18050415320482696,0.16350376204426154,CACNB4/APBA1,2
BP,GO:0045161,neuronal ion channel clustering,2/234,12/18805,0.16666666666666666,13.393874643874643,4.820755110635393,0.009373101588043272,0.18050415320482696,0.16350376204426154,SPTBN4/NRCAM,2
BP,GO:0046504,glycerol ether biosynthetic process,2/234,12/18805,0.16666666666666666,13.393874643874643,4.820755110635393,0.009373101588043272,0.18050415320482696,0.16350376204426154,FAR1/PEX7,2
BP,GO:0060379,cardiac muscle cell myoblast differentiation,2/234,12/18805,0.16666666666666666,13.393874643874643,4.820755110635393,0.009373101588043272,0.18050415320482696,0.16350376204426154,ITGB1/NRG1,2
BP,GO:0098911,regulation of ventricular cardiac muscle cell action potential,2/234,12/18805,0.16666666666666666,13.393874643874643,4.820755110635393,0.009373101588043272,0.18050415320482696,0.16350376204426154,CACNA1C/BIN1,2
BP,GO:0019722,calcium-mediated signaling,8/234,235/18805,0.03404255319148936,2.7357701400254593,3.005630556369667,0.009381465857356138,0.18050415320482696,0.16350376204426154,CAMTA1/CACNA1C/CMKLR1/KSR2/AKAP6/PDGFRA/MCTP1/ITPR3,8
BP,GO:0050878,regulation of body fluid levels,11/234,388/18805,0.028350515463917526,2.2783395012776455,2.8560646422055513,0.009576334233618493,0.18255309618678836,0.16535972978692465,TSPAN18/ADAMTS18/PRKCE/FOXA2/PDGFRA/METAP1/SLC6A3/ITPR3/LYN/GNAQ/PRRG1,11
BP,GO:0051962,positive regulation of nervous system development,9/234,285/18805,0.031578947368421054,2.53778677462888,2.9363881672824643,0.009608057694041492,0.18255309618678836,0.16535972978692465,EEF2K/ITGB1/VSTM5/BIN1/CLSTN2/NLGN1/SMURF1/SMO/LYN,9
BP,GO:0043266,regulation of potassium ion transport,5/234,104/18805,0.04807692307692308,3.863617685733071,3.2871134657078964,0.009706130274082903,0.1832710312621865,0.16601004770840716,RGS7/ITGB1/AKAP6/WWP2/BIN1,5
BP,GO:1903829,positive regulation of protein localization,13/234,499/18805,0.026052104208416832,2.0936317078601645,2.7793295320262312,0.009937289864223585,0.1860495692480575,0.1685268951360521,RPH3AL/ITGB1/SORBS1/LRP4/VRK1/CDH1/PRKCE/CACNB4/ABCA12/PLCB1/SEC24A/NEDD9/SMO,13
BP,GO:0032232,negative regulation of actin filament bundle assembly,3/234,36/18805,0.08333333333333333,6.696937321937321,3.8404978784836508,0.010036884656803103,0.1860495692480575,0.1685268951360521,CGNL1/ARHGEF18/DLC1,3
BP,GO:0032743,positive regulation of interleukin-2 production,3/234,36/18805,0.08333333333333333,6.696937321937321,3.8404978784836508,0.010036884656803103,0.1860495692480575,0.1685268951360521,DEFB124/PDE4D/CARD11,3
BP,GO:0097553,calcium ion transmembrane import into cytosol,7/234,191/18805,0.03664921465968586,2.945249921689712,3.033106364189034,0.010110379724222983,0.18627608704022952,0.16873207884253474,CACNA1C/AKAP6/PRKCE/PLCB1/PDE4D/ITPR3/LYN,7
BP,GO:0035773,insulin secretion involved in cellular response to glucose stimulus,4/234,68/18805,0.058823529411764705,4.727249874308698,3.45627541133766,0.010222160640456212,0.1872010141384752,0.16956989369330025,PRKCE/ABCA12/FOXA2/ADCY5,4
BP,GO:0010975,regulation of neuron projection development,12/234,448/18805,0.026785714285714284,2.1525869963369964,2.7715790729922016,0.010627270904667165,0.18870499746545488,0.170932227621063,EEF2K/PTPRF/LRP4/CDH1/ARHGAP35/NLGN1/SYNE1/SMURF1/NRCAM/LYN/TOX/FGF13,12
BP,GO:0019229,regulation of vasoconstriction,4/234,69/18805,0.057971014492753624,4.658739006565094,3.417692158579918,0.010747728835372134,0.18870499746545488,0.170932227621063,ITGB1/ITGA9/KCNMB2/DOCK4,4
BP,GO:0051223,regulation of protein transport,12/234,449/18805,0.026726057906458798,2.1477928159442636,2.76320466304672,0.010802430105503668,0.18870499746545488,0.170932227621063,RPH3AL/DNAJC1/CDH1/WWP2/EIPR1/PRKCE/ABCA12/PLCB1/FOXA2/ADCY5/SEC24A/SMO,12
BP,GO:0007596,blood coagulation,8/234,241/18805,0.03319502074688797,2.6676596801078127,2.924795966261816,0.01081368059594612,0.18870499746545488,0.170932227621063,ADAMTS18/FOXA2/PDGFRA/METAP1/ITPR3/LYN/GNAQ/PRRG1,8
BP,GO:0031114,regulation of microtubule depolymerization,3/234,37/18805,0.08108108108108109,6.515939015939016,3.7698730496163972,0.010823840612417436,0.18870499746545488,0.170932227621063,BMERB1/MID1/FGF13,3
BP,GO:0050900,leukocyte migration,11/234,395/18805,0.027848101265822784,2.2379638645461433,2.79122615886917,0.010845067643795902,0.18870499746545488,0.170932227621063,ASB2/ITGB1/CMKLR1/RIN3/ADD2/DPP4/PLCB1/DEFB124/ITGA9/NEDD9/LYN,11
BP,GO:0032231,regulation of actin filament bundle assembly,5/234,107/18805,0.04672897196261682,3.7552919562265354,3.2083175017424925,0.010891511096597091,0.18870499746545488,0.170932227621063,ARHGEF10L/CGNL1/ARHGEF18/SYNPO2/DLC1,5
BP,GO:0042060,wound healing,12/234,450/18805,0.02666666666666667,2.1430199430199433,2.754852020769524,0.010979816680313535,0.18870499746545488,0.170932227621063,ITGB1/ADAMTS18/ARHGAP35/PRKCE/FOXA2/PDGFRA/METAP1/ITPR3/NRG1/LYN/GNAQ/PRRG1,12
BP,GO:0050655,dermatan sulfate proteoglycan metabolic process,2/234,13/18805,0.15384615384615385,12.363576594345826,4.600612158189508,0.010987100181376813,0.18870499746545488,0.170932227621063,CSGALNACT1/IDS,2
BP,GO:1901503,ether biosynthetic process,2/234,13/18805,0.15384615384615385,12.363576594345826,4.600612158189508,0.010987100181376813,0.18870499746545488,0.170932227621063,FAR1/PEX7,2
BP,GO:1902306,negative regulation of sodium ion transmembrane transport,2/234,13/18805,0.15384615384615385,12.363576594345826,4.600612158189508,0.010987100181376813,0.18870499746545488,0.170932227621063,PRKCE/COMMD1,2
BP,GO:0097306,cellular response to alcohol,5/234,108/18805,0.046296296296296294,3.7205207344096234,3.1826828132789555,0.011307651076861656,0.1931194341216822,0.17493090016008334,CDH1/GRAMD1A/PRKCE/ADCY5/SMO,5
BP,GO:0014808,release of sequestered calcium ion into cytosol by sarcoplasmic reticulum,3/234,38/18805,0.07894736842105263,6.344466936572199,3.7018103976463057,0.011645525995320321,0.1977787655071161,0.1791514025507672,CACNA1C/AKAP6/PDE4D,3
BP,GO:0051960,regulation of nervous system development,12/234,454/18805,0.02643171806167401,2.124138710041794,2.721656843735594,0.011712000597029633,0.1978026767498338,0.17917306176508493,EEF2K/ITGB1/LRP4/VSTM5/CDH1/BIN1/CLSTN2/NLGN1/SMURF1/SMO/LYN/FGF13,12
BP,GO:0045165,cell fate commitment,9/234,295/18805,0.030508474576271188,2.4517601043024775,2.8210972721570537,0.01184569219708398,0.19895527226041604,0.18021710257383947,ITGB1/CHD3/JAK3/GLI2/FOXA2/SMO/TOX/NFIB/FGF13,9
BP,GO:0050817,coagulation,8/234,246/18805,0.032520325203252036,2.61343895490237,2.8592900368837335,0.01212590856525883,0.20110574012521393,0.1821650332990165,ADAMTS18/FOXA2/PDGFRA/METAP1/ITPR3/LYN/GNAQ/PRRG1,8
BP,GO:0042472,inner ear morphogenesis,5/234,110/18805,0.045454545454545456,3.6528749028749026,3.1323175513450283,0.012172189533894527,0.20110574012521393,0.1821650332990165,MYO7A/LRIG3/STRC/ALDH1A3/ANKRD24,5
BP,GO:0048675,axon extension,5/234,110/18805,0.045454545454545456,3.6528749028749026,3.1323175513450283,0.012172189533894527,0.20110574012521393,0.1821650332990165,ITGB1/DCLK1/CDH1/SMURF1/NRCAM,5
BP,GO:0060122,inner ear receptor cell stereocilium organization,3/234,39/18805,0.07692307692307693,6.181788297172913,3.6361477201773815,0.012502184683716234,0.20543714189547518,0.18608849141224484,MYO7A/STRC/ANKRD24,3
BP,GO:0070588,calcium ion transmembrane transport,10/234,350/18805,0.02857142857142857,2.296092796092796,2.7474417856487854,0.012569509339657364,0.20543714189547518,0.18608849141224484,CACNA1C/AKAP6/GNB5/PRKCE/BIN1/CACNB4/PLCB1/PDE4D/ITPR3/LYN,10
BP,GO:0071679,commissural neuron axon guidance,2/234,14/18805,0.14285714285714285,11.480463980463979,4.403368043005714,0.01271401225654848,0.20668768588185765,0.1872212556325968,SMO/NFIB,2
BP,GO:0032272,negative regulation of protein polymerization,4/234,73/18805,0.0547945205479452,4.403465636342348,3.270439582806154,0.01302336864852029,0.2105906419760728,0.19075662029411578,ASB2/SSH2/SPTBN4/ADD2,4
BP,GO:0030072,peptide hormone secretion,8/234,250/18805,0.032,2.5716239316239315,2.808041767386632,0.01325727104964738,0.21097338857025144,0.19110331873261002,RPH3AL/EIPR1/PRKCE/ABCA12/PLCB1/FOXA2/ADCY5/CPE,8
BP,GO:0051693,actin filament capping,3/234,40/18805,0.075,6.027243589743589,3.572736980451926,0.013394034208571885,0.21097338857025144,0.19110331873261002,ASB2/SPTBN4/ADD2,3
BP,GO:0052652,cyclic purine nucleotide metabolic process,3/234,40/18805,0.075,6.027243589743589,3.572736980451926,0.013394034208571885,0.21097338857025144,0.19110331873261002,CACNB4/ADCY5/PDE4D,3
BP,GO:0099590,neurotransmitter receptor internalization,3/234,40/18805,0.075,6.027243589743589,3.572736980451926,0.013394034208571885,0.21097338857025144,0.19110331873261002,AP3M1/SYNE1/NRG1,3
BP,GO:1903514,release of sequestered calcium ion into cytosol by endoplasmic reticulum,3/234,40/18805,0.075,6.027243589743589,3.572736980451926,0.013394034208571885,0.21097338857025144,0.19110331873261002,CACNA1C/AKAP6/PDE4D,3
BP,GO:0007405,neuroblast proliferation,4/234,74/18805,0.05405405405405406,4.3439593439593445,3.235279243979067,0.013636552415707824,0.211648037900006,0.1917144276822769,ITGB1/EML1/SMO/FGF13,4
BP,GO:0006814,sodium ion transport,8/234,252/18805,0.031746031746031744,2.5512142178808848,2.782789652076942,0.013851083565268445,0.211648037900006,0.1917144276822769,SPTBN4/PRKCE/COMMD1/SLC38A3/SLC6A3/UTRN/SHROOM2/FGF13,8
BP,GO:0021915,neural tube development,6/234,157/18805,0.03821656050955414,3.0712069247101095,2.9253146783897246,0.013897636237602217,0.211648037900006,0.1917144276822769,DEAF1/ARHGAP35/GLI2/MTHFD1L/SMO/DLC1,6
BP,GO:0030038,contractile actin filament bundle assembly,5/234,114/18805,0.043859649122807015,3.5247038536512223,3.0350231274654305,0.014033627394264198,0.211648037900006,0.1917144276822769,ARHGEF10L/SORBS1/CGNL1/ARHGEF18/DLC1,5
BP,GO:0043149,stress fiber assembly,5/234,114/18805,0.043859649122807015,3.5247038536512223,3.0350231274654305,0.014033627394264198,0.211648037900006,0.1917144276822769,ARHGEF10L/SORBS1/CGNL1/ARHGEF18/DLC1,5
BP,GO:0051650,establishment of vesicle localization,7/234,204/18805,0.03431372549019608,2.757562426680074,2.8331730494884253,0.014122654721524502,0.211648037900006,0.1917144276822769,AP3M1/MYO7A/CADPS/NLGN1/SNAP91/EXOC4/SHROOM2,7
BP,GO:0090276,regulation of peptide hormone secretion,7/234,204/18805,0.03431372549019608,2.757562426680074,2.8331730494884253,0.014122654721524502,0.211648037900006,0.1917144276822769,RPH3AL/EIPR1/PRKCE/ABCA12/PLCB1/FOXA2/ADCY5,7
BP,GO:0051924,regulation of calcium ion transport,8/234,253/18805,0.03162055335968379,2.5411303672173235,2.770254543431275,0.01415517053041233,0.211648037900006,0.1917144276822769,CACNA1C/AKAP6/GNB5/PRKCE/BIN1/CACNB4/PDE4D/LYN,8
BP,GO:0009187,cyclic nucleotide metabolic process,3/234,41/18805,0.07317073170731707,5.880237648530332,3.511442750073411,0.014321266547258078,0.211648037900006,0.1917144276822769,CACNB4/ADCY5/PDE4D,3
BP,GO:0018279,protein N-linked glycosylation via asparagine,3/234,41/18805,0.07317073170731707,5.880237648530332,3.511442750073411,0.014321266547258078,0.211648037900006,0.1917144276822769,MGAT5/STT3B/ST6GAL1,3
BP,GO:0050919,negative chemotaxis,3/234,41/18805,0.07317073170731707,5.880237648530332,3.511442750073411,0.014321266547258078,0.211648037900006,0.1917144276822769,DPP4/UNC5C/NRG1,3
BP,GO:1904861,excitatory synapse assembly,3/234,41/18805,0.07317073170731707,5.880237648530332,3.511442750073411,0.014321266547258078,0.211648037900006,0.1917144276822769,CSMD2/VSTM5/NLGN1,3
BP,GO:0072594,establishment of protein localization to organelle,12/234,467/18805,0.02569593147751606,2.065008510404656,2.616079509842118,0.014353854518488992,0.211648037900006,0.1917144276822769,HK1/AP3M1/MIPEP/CDH1/RGPD5/RGPD8/RGPD6/PEX5L/TNPO1/PEX7/SMURF1/SMO,12
BP,GO:0010763,positive regulation of fibroblast migration,2/234,15/18805,0.13333333333333333,10.715099715099715,4.225176999537881,0.014550802605625413,0.211648037900006,0.1917144276822769,ITGB1/PRKCE,2
BP,GO:0016558,protein import into peroxisome matrix,2/234,15/18805,0.13333333333333333,10.715099715099715,4.225176999537881,0.014550802605625413,0.211648037900006,0.1917144276822769,PEX5L/PEX7,2
BP,GO:0045059,positive thymic T cell selection,2/234,15/18805,0.13333333333333333,10.715099715099715,4.225176999537881,0.014550802605625413,0.211648037900006,0.1917144276822769,DOCK2/TOX,2
BP,GO:0045807,positive regulation of endocytosis,6/234,159/18805,0.03773584905660377,3.032575391065957,2.8891346995274394,0.01471215461812377,0.2122861092045641,0.19229240362851097,EEF2K/BIN1/IL2RB/NLGN1/DOCK2/SYNE1,6
BP,GO:0006874,intracellular calcium ion homeostasis,9/234,306/18805,0.029411764705882353,2.363624937154349,2.6995845051943625,0.014734331921764153,0.2122861092045641,0.19229240362851097,CACNA1C/AKAP6/PRKCE/CACNB4/PLCB1/ATP13A5/PDE4D/ITPR3/LYN,9
BP,GO:0045661,regulation of myoblast differentiation,4/234,76/18805,0.05263157894736842,4.229644624381466,3.1667927603477386,0.014917270679003468,0.21290376931535465,0.19285189076487805,CMTM5/PLCB1/PBRM1/BOC,4
BP,GO:0070527,platelet aggregation,4/234,76/18805,0.05263157894736842,4.229644624381466,3.1667927603477386,0.014917270679003468,0.21290376931535465,0.19285189076487805,ADAMTS18/PDGFRA/METAP1/LYN,4
BP,GO:0035264,multicellular organism growth,6/234,160/18805,0.0375,3.0136217948717947,2.8712572558239797,0.01513161799860103,0.21378889502889878,0.19365365283781136,RAI1/SPTBN4/ADARB1/SLC6A3/SMO/APBA1,6
BP,GO:0002791,regulation of peptide secretion,7/234,207/18805,0.033816425120772944,2.7175977538296374,2.789259490775721,0.015190263594158598,0.21378889502889878,0.19365365283781136,RPH3AL/EIPR1/PRKCE/ABCA12/PLCB1/FOXA2/ADCY5,7
BP,GO:0030073,insulin secretion,7/234,207/18805,0.033816425120772944,2.7175977538296374,2.789259490775721,0.015190263594158598,0.21378889502889878,0.19365365283781136,RPH3AL/EIPR1/PRKCE/ABCA12/PLCB1/FOXA2/ADCY5,7
BP,GO:0021983,pituitary gland development,3/234,42/18805,0.07142857142857142,5.740231990231989,3.452140856305004,0.015284048899508896,0.21411755140325825,0.1939513554262201,CDH1/GLI2/SLC6A3,3
BP,GO:0002790,peptide secretion,8/234,257/18805,0.0311284046692607,2.50157970002328,2.720707234372409,0.01542036617397926,0.21503629893989426,0.19478357272394853,RPH3AL/EIPR1/PRKCE/ABCA12/PLCB1/FOXA2/ADCY5/CPE,8
BP,GO:0090087,regulation of peptide transport,7/234,209/18805,0.03349282296650718,2.6915920336972974,2.7604152022333848,0.015933194292308824,0.22117310798456083,0.200342399753328,RPH3AL/EIPR1/PRKCE/ABCA12/PLCB1/FOXA2/ADCY5,7
BP,GO:0045927,positive regulation of growth,8/234,259/18805,0.03088803088803089,2.4822624822624824,2.6962817709943914,0.0160828532621114,0.22223579053099388,0.2013049958549446,AKAP6/SPTBN4/PLCB1/SLC6A3/SMURF1/SMO/EXTL3/NRG1,8
BP,GO:0019226,transmission of nerve impulse,4/234,78/18805,0.05128205128205128,4.121192198115275,3.100624067209255,0.016271531340302632,0.2228589345437274,0.20186945040387497,SPTBN4/CACNB4/KCNMB2/NRCAM,4
BP,GO:0150052,regulation of postsynapse assembly,3/234,43/18805,0.06976744186046512,5.606738223017293,3.3947172028970396,0.01628252444603701,0.2228589345437274,0.20186945040387497,LRP4/DCLK1/DOCK4,3
BP,GO:0001771,immunological synapse formation,2/234,16/18805,0.125,10.045405982905983,4.06304495043524,0.01649449351063772,0.2228589345437274,0.20186945040387497,DOCK2/NEDD9,2
BP,GO:0021513,spinal cord dorsal/ventral patterning,2/234,16/18805,0.125,10.045405982905983,4.06304495043524,0.01649449351063772,0.2228589345437274,0.20186945040387497,GLI2/SMO,2
BP,GO:0032230,"positive regulation of synaptic transmission, GABAergic",2/234,16/18805,0.125,10.045405982905983,4.06304495043524,0.01649449351063772,0.2228589345437274,0.20186945040387497,PRKCE/NLGN1,2
BP,GO:0006836,neurotransmitter transport,7/234,211/18805,0.03317535545023697,2.6660793129987446,2.731906876256644,0.016701582218354626,0.22383096459079896,0.20274993191465726,RPH3AL/ITGB1/CACNB4/CADPS/NLGN1/SLC6A3/MCTP1,7
BP,GO:0040013,negative regulation of locomotion,11/234,421/18805,0.026128266033254157,2.099752319467284,2.5617180822898855,0.016713693737536634,0.22383096459079896,0.20274993191465726,SRGAP2B/RIN3/BMERB1/CDH1/DPP4/PLCB1/ADARB1/ST6GAL1/MCTP1/NEDD9/DLC1,11
BP,GO:0055117,regulation of cardiac muscle contraction,4/234,79/18805,0.05063291139240506,4.069025208265715,3.068364127472503,0.016976620727217465,0.2263549430295662,0.20503619493259873,CACNA1C/BIN1/PDE4D/FGF13,4
BP,GO:0046883,regulation of hormone secretion,8/234,262/18805,0.030534351145038167,2.4538396294121485,2.6600668704891386,0.01711486829113675,0.22690996462941393,0.20553894302996775,RPH3AL/CRY1/EIPR1/PRKCE/ABCA12/PLCB1/FOXA2/ADCY5,8
BP,GO:0030201,heparan sulfate proteoglycan metabolic process,3/234,44/18805,0.06818181818181818,5.479312354312354,3.33906673871206,0.017316813090139483,0.22690996462941393,0.20553894302996775,CSGALNACT1/EXTL3/IDS,3
BP,GO:0030835,negative regulation of actin filament depolymerization,3/234,44/18805,0.06818181818181818,5.479312354312354,3.33906673871206,0.017316813090139483,0.22690996462941393,0.20553894302996775,ASB2/SPTBN4/ADD2,3
BP,GO:0031111,negative regulation of microtubule polymerization or depolymerization,3/234,44/18805,0.06818181818181818,5.479312354312354,3.33906673871206,0.017316813090139483,0.22690996462941393,0.20553894302996775,BMERB1/MID1/FGF13,3
BP,GO:0043603,amide metabolic process,12/234,480/18805,0.025,2.0090811965811968,2.5138545467417455,0.01742775105922744,0.2273835331332679,0.20596790951406818,ST6GALNAC3/FAR1/LRP4/PPCDC/FA2H/BIN1/DPP4/ABCA12/ST6GAL1/MGST2/CPE/ASMT,12
BP,GO:0035051,cardiocyte differentiation,6/234,166/18805,0.03614457831325301,2.904695705900525,2.7668381007770986,0.017823922244851177,0.23155864796729733,0.20974980023630535,ASB2/ITGB1/AKAP6/PDGFRA/SYNE1/NRG1,6
BP,GO:0006606,protein import into nucleus,6/234,167/18805,0.03592814371257485,2.887302318440043,2.7498908772574726,0.01830256538315751,0.23196781041268558,0.21012042660650468,CDH1/RGPD5/RGPD8/RGPD6/TNPO1/SMO,6
BP,GO:0048701,embryonic cranial skeleton morphogenesis,3/234,45/18805,0.06666666666666667,5.3575498575498575,3.28509255272265,0.018387012182620597,0.23196781041268558,0.21012042660650468,PDGFRA/MTHFD1L/PAX5,3
BP,GO:0070296,sarcoplasmic reticulum calcium ion transport,3/234,45/18805,0.06666666666666667,5.3575498575498575,3.28509255272265,0.018387012182620597,0.23196781041268558,0.21012042660650468,CACNA1C/AKAP6/PDE4D,3
BP,GO:1901016,regulation of potassium ion transmembrane transporter activity,3/234,45/18805,0.06666666666666667,5.3575498575498575,3.28509255272265,0.018387012182620597,0.23196781041268558,0.21012042660650468,ITGB1/AKAP6/WWP2,3
BP,GO:0021536,diencephalon development,4/234,81/18805,0.04938271604938271,3.968555450036931,3.0054102535569123,0.018443426681478314,0.23196781041268558,0.21012042660650468,CDH1/GLI2/SLC6A3/SMO,4
BP,GO:0010766,negative regulation of sodium ion transport,2/234,17/18805,0.11764705882352941,9.454499748617396,3.9146010247855503,0.018542163792856118,0.23196781041268558,0.21012042660650468,PRKCE/COMMD1,2
BP,GO:0035627,ceramide transport,2/234,17/18805,0.11764705882352941,9.454499748617396,3.9146010247855503,0.018542163792856118,0.23196781041268558,0.21012042660650468,ABCA12/ABCB1,2
BP,GO:0035641,locomotory exploration behavior,2/234,17/18805,0.11764705882352941,9.454499748617396,3.9146010247855503,0.018542163792856118,0.23196781041268558,0.21012042660650468,PRKCE/DPP4,2
BP,GO:0050872,white fat cell differentiation,2/234,17/18805,0.11764705882352941,9.454499748617396,3.9146010247855503,0.018542163792856118,0.23196781041268558,0.21012042660650468,CTBP2/PDGFRA,2
BP,GO:0071805,potassium ion transmembrane transport,7/234,216/18805,0.032407407407407406,2.604364514086736,2.6620567793816563,0.018736701054052778,0.23344086559147723,0.21145474528646277,RGS7/ITGB1/AKAP6/WWP2/BIN1/SLC12A8/KCNMB2,7
BP,GO:0007605,sensory perception of sound,6/234,169/18805,0.03550295857988166,2.853133060233652,2.7163705316214664,0.019286130479109778,0.23894886927531678,0.21644398962057784,MYO7A/COCH/STRC/ANKRD24/SPTBN4/SLC52A3,6
BP,GO:0031400,negative regulation of protein modification process,9/234,321/18805,0.028037383177570093,2.2531751737359214,2.542036159088114,0.019471620875028278,0.23894886927531678,0.21644398962057784,CRY1/PRKCE/ADARB1/PDE4D/SMO/LYN/PREX2/GNAQ/TAF1,9
BP,GO:0010463,mesenchymal cell proliferation,3/234,46/18805,0.06521739130434782,5.24108138238573,3.232705077464622,0.01949319723035479,0.23894886927531678,0.21644398962057784,SYNE1/SMO/NFIB,3
BP,GO:0045663,positive regulation of myoblast differentiation,3/234,46/18805,0.06521739130434782,5.24108138238573,3.232705077464622,0.01949319723035479,0.23894886927531678,0.21644398962057784,PLCB1/PBRM1/BOC,3
BP,GO:0034504,protein localization to nucleus,9/234,322/18805,0.027950310559006212,2.24617773530817,2.531844896216764,0.019822498292119222,0.24200961770298168,0.21921646811322715,DCLK1/CDH1/RGPD5/RGPD8/RGPD6/CACNB4/TNPO1/SYNE1/SMO,9
BP,GO:0010002,cardioblast differentiation,2/234,18/18805,0.1111111111111111,8.929249762583096,3.777939837974783,0.020690947876667448,0.2482184825858746,0.2248405645583961,ITGB1/NRG1,2
BP,GO:0010544,negative regulation of platelet activation,2/234,18/18805,0.1111111111111111,8.929249762583096,3.777939837974783,0.020690947876667448,0.2482184825858746,0.2248405645583961,ADAMTS18/PDGFRA,2
BP,GO:0021511,spinal cord patterning,2/234,18/18805,0.1111111111111111,8.929249762583096,3.777939837974783,0.020690947876667448,0.2482184825858746,0.2248405645583961,GLI2/SMO,2
BP,GO:0033631,cell-cell adhesion mediated by integrin,2/234,18/18805,0.1111111111111111,8.929249762583096,3.777939837974783,0.020690947876667448,0.2482184825858746,0.2248405645583961,ITGB1/DPP4,2
BP,GO:0008344,adult locomotory behavior,4/234,84/18805,0.047619047619047616,3.8268213268213267,2.914666608320854,0.020787151924380805,0.2482184825858746,0.2248405645583961,SPTBN4/CACNB4/FOXA2/PREX2,4
BP,GO:0051170,import into nucleus,6/234,172/18805,0.03488372093023256,2.8033691115086463,2.6669990632543565,0.020828180997524808,0.2482184825858746,0.2248405645583961,CDH1/RGPD5/RGPD8/RGPD6/TNPO1/SMO,6
BP,GO:0060326,cell chemotaxis,9/234,325/18805,0.027692307692307693,2.225443786982249,2.5014941771494286,0.020902609059863124,0.2482184825858746,0.2248405645583961,CMKLR1/RIN3/DPP4/DEFB124/ITGA9/PDGFRA/NEDD9/DOCK4/LYN,9
BP,GO:0009101,glycoprotein biosynthetic process,9/234,326/18805,0.027607361963190184,2.218617272298254,2.4914507214279937,0.02127190697445452,0.25162100078732197,0.22792262398186783,ST6GALNAC3/TMTC2/JAK3/MGAT5/PLCB1/STT3B/ST6GAL1/CSGALNACT1/EXTL3,9
BP,GO:0051149,positive regulation of muscle cell differentiation,4/234,85/18805,0.047058823529411764,3.781799899446958,2.885345555607626,0.021607142663821643,0.2536127942008409,0.22972682466391958,LAMC1/ATP11A/AKAP6/NRG1,4
BP,GO:0086003,cardiac muscle cell contraction,4/234,85/18805,0.047058823529411764,3.781799899446958,2.885345555607626,0.021607142663821643,0.2536127942008409,0.22972682466391958,CACNA1C/BIN1/PDE4D/FGF13,4
BP,GO:0031295,T cell costimulation,3/234,48/18805,0.0625,5.0227029914529915,3.1323645689907065,0.021813722138806967,0.2550527511614353,0.23103116240938873,DPP4/CARD11/LYN,3
BP,GO:0055002,striated muscle cell development,6/234,174/18805,0.034482758620689655,2.77114647804303,2.634671211688154,0.021901443256423188,0.2550972701131283,0.23107148844042372,ASB2/OBSCN/ITGB1/AKAP6/PDGFRA/SMO,6
BP,GO:0051648,vesicle localization,7/234,224/18805,0.03125,2.5113514957264957,2.5542908792710475,0.022345334190336363,0.2592741066359639,0.23485493869795068,AP3M1/MYO7A/CADPS/NLGN1/SNAP91/EXOC4/SHROOM2,7
BP,GO:0001843,neural tube closure,4/234,86/18805,0.046511627906976744,3.7378254820115284,2.856466070155688,0.022446689806334005,0.2592794601544331,0.23485978800692417,DEAF1/ARHGAP35/MTHFD1L/DLC1,4
BP,GO:0003206,cardiac chamber morphogenesis,5/234,129/18805,0.03875968992248062,3.1148545683429405,2.705508079474677,0.022693900718201935,0.2592794601544331,0.23485978800692417,CPE/PTCD2/DNAH11/SMO/NRG1,5
BP,GO:0045785,positive regulation of cell adhesion,12/234,499/18805,0.02404809619238477,1.9325831149478443,2.3700444800700433,0.022780496714308117,0.2592794601544331,0.23485978800692417,LAMC1/PRKCE/GLI2/DPP4/FOXA2/PBRM1/EDIL3/NEDD9/UTRN/CARD11/NRG1/LYN,12
BP,GO:0006991,response to sterol depletion,2/234,19/18805,0.10526315789473684,8.459289248762932,3.6515100018164053,0.022938034867835116,0.2592794601544331,0.23485978800692417,ARHGEF10L/LYN,2
BP,GO:0032695,negative regulation of interleukin-12 production,2/234,19/18805,0.10526315789473684,8.459289248762932,3.6515100018164053,0.022938034867835116,0.2592794601544331,0.23485978800692417,CMKLR1/JAK3,2
BP,GO:1902514,regulation of calcium ion transmembrane transport via high voltage-gated calcium channel,2/234,19/18805,0.10526315789473684,8.459289248762932,3.6515100018164053,0.022938034867835116,0.2592794601544331,0.23485978800692417,BIN1/PDE4D,2
BP,GO:0021575,hindbrain morphogenesis,3/234,49/18805,0.061224489795918366,4.920198848770277,3.0842631832797514,0.023028109947926624,0.2592794601544331,0.23485978800692417,GLI2/SMO/DLC1,3
BP,GO:0031294,lymphocyte costimulation,3/234,49/18805,0.061224489795918366,4.920198848770277,3.0842631832797514,0.023028109947926624,0.2592794601544331,0.23485978800692417,DPP4/CARD11/LYN,3
BP,GO:0060606,tube closure,4/234,87/18805,0.04597701149425287,3.6948619707240393,2.8280158264882895,0.023305893676984303,0.260983867551841,0.23640366949986705,DEAF1/ARHGAP35/MTHFD1L/DLC1,4
BP,GO:0021987,cerebral cortex development,5/234,130/18805,0.038461538461538464,3.0908941485864565,2.685275337232601,0.023370745608573038,0.260983867551841,0.23640366949986705,BMERB1/PLCB1/SMO/PAX5/FGF13,5
BP,GO:0003018,vascular process in circulatory system,8/234,278/18805,0.02877697841726619,2.312611449302097,2.474978555051103,0.023437038105806773,0.260983867551841,0.23640366949986705,ITGB1/SLCO3A1/ARHGAP35/ITGA9/SLC38A3/KCNMB2/ABCB1/DOCK4,8
BP,GO:0030336,negative regulation of cell migration,10/234,388/18805,0.02577319587628866,2.0712177284342235,2.393313415745134,0.023870862018903226,0.2643467302254539,0.2394498082651618,SRGAP2B/RIN3/BMERB1/CDH1/DPP4/PLCB1/ADARB1/MCTP1/NEDD9/DLC1,10
BP,GO:0042471,ear morphogenesis,5/234,131/18805,0.03816793893129771,3.067299536765186,2.6652366880594647,0.024060514423605503,0.2643467302254539,0.2394498082651618,MYO7A/LRIG3/STRC/ALDH1A3/ANKRD24,5
BP,GO:0045471,response to ethanol,5/234,131/18805,0.03816793893129771,3.067299536765186,2.6652366880594647,0.024060514423605503,0.2643467302254539,0.2394498082651618,RGS7/PRKCE/ST6GAL1/SETD7/SLC6A3,5
BP,GO:0042491,inner ear auditory receptor cell differentiation,3/234,50/18805,0.06,4.8217948717948715,3.0374507592988484,0.024278580916686845,0.2643467302254539,0.2394498082651618,MYO7A/STRC/ANKRD24,3
BP,GO:0045055,regulated exocytosis,7/234,228/18805,0.03070175438596491,2.4672926975558553,2.5021410850520875,0.024318944790594387,0.2643467302254539,0.2394498082651618,RPH3AL/TSPAN18/CACNB4/ABCA12/CADPS/NLGN1/LYN,7
BP,GO:0006898,receptor-mediated endocytosis,8/234,280/18805,0.02857142857142857,2.296092796092796,2.452739408768003,0.024329002107188056,0.2643467302254539,0.2394498082651618,ITGB1/AP3M1/DMBT1/RIN3/DPP4/SNAP91/SYNE1/NRG1,8
BP,GO:0008361,regulation of cell size,6/234,179/18805,0.0335195530726257,2.6937401518407103,2.5558119958263115,0.024746525195291202,0.2643467302254539,0.2394498082651618,CDH1/ARHGAP35/SLC12A8/SMURF1/NRCAM/FGF13,6
BP,GO:0033077,T cell differentiation in thymus,4/234,89/18805,0.0449438202247191,3.611831364640353,2.7723561618252717,0.02508364371729845,0.2643467302254539,0.2394498082651618,GLI2/DOCK2/CARD11/TOX,4
BP,GO:0033627,cell adhesion mediated by integrin,4/234,89/18805,0.0449438202247191,3.611831364640353,2.7723561618252717,0.02508364371729845,0.2643467302254539,0.2394498082651618,ITGB1/DPP4/ITGA9/LYN,4
BP,GO:0042310,vasoconstriction,4/234,89/18805,0.0449438202247191,3.611831364640353,2.7723561618252717,0.02508364371729845,0.2643467302254539,0.2394498082651618,ITGB1/ITGA9/KCNMB2/DOCK4,4
BP,GO:0051258,protein polymerization,8/234,282/18805,0.028368794326241134,2.279808450021216,2.4306882917379062,0.025244539863913423,0.2643467302254539,0.2394498082651618,ASB2/SSH2/SPIRE1/SPTBN4/PRKCE/ADD2/BIN1/FGF13,8
BP,GO:0015812,gamma-aminobutyric acid transport,2/234,20/18805,0.1,8.036324786324787,3.5340336526346174,0.025280667645933407,0.2643467302254539,0.2394498082651618,CACNB4/APBA1,2
BP,GO:0042407,cristae formation,2/234,20/18805,0.1,8.036324786324787,3.5340336526346174,0.025280667645933407,0.2643467302254539,0.2394498082651618,CHCHD3/APOOL,2
BP,GO:0070886,positive regulation of calcineurin-NFAT signaling cascade,2/234,20/18805,0.1,8.036324786324787,3.5340336526346174,0.025280667645933407,0.2643467302254539,0.2394498082651618,CAMTA1/AKAP6,2
BP,GO:0072662,protein localization to peroxisome,2/234,20/18805,0.1,8.036324786324787,3.5340336526346174,0.025280667645933407,0.2643467302254539,0.2394498082651618,PEX5L/PEX7,2
BP,GO:0072663,establishment of protein localization to peroxisome,2/234,20/18805,0.1,8.036324786324787,3.5340336526346174,0.025280667645933407,0.2643467302254539,0.2394498082651618,PEX5L/PEX7,2
BP,GO:0106058,positive regulation of calcineurin-mediated signaling,2/234,20/18805,0.1,8.036324786324787,3.5340336526346174,0.025280667645933407,0.2643467302254539,0.2394498082651618,CAMTA1/AKAP6,2
BP,GO:0098773,skin epidermis development,5/234,133/18805,0.03759398496240601,3.0211747317010476,2.625727581984655,0.025479125555495568,0.2643467302254539,0.2394498082651618,LRP4/FA2H/GLI2/ABCA12/SMO,5
BP,GO:0007019,microtubule depolymerization,3/234,51/18805,0.058823529411764705,4.727249874308698,2.9918653630849743,0.025565111409961656,0.2643467302254539,0.2394498082651618,BMERB1/MID1/FGF13,3
BP,GO:0043368,positive T cell selection,3/234,51/18805,0.058823529411764705,4.727249874308698,2.9918653630849743,0.025565111409961656,0.2643467302254539,0.2394498082651618,JAK3/DOCK2/TOX,3
BP,GO:0060119,inner ear receptor cell development,3/234,51/18805,0.058823529411764705,4.727249874308698,2.9918653630849743,0.025565111409961656,0.2643467302254539,0.2394498082651618,MYO7A/STRC/ANKRD24,3
BP,GO:0015833,peptide transport,8/234,283/18805,0.028268551236749116,2.271752589773791,2.419732254025981,0.02571123625001079,0.2649564684746874,0.24000211964327645,RPH3AL/EIPR1/PRKCE/ABCA12/PLCB1/FOXA2/ADCY5/CPE,8
BP,GO:0048588,developmental cell growth,7/234,232/18805,0.03017241379310345,2.424753168287651,2.4510828962517928,0.026409345174940348,0.2692558694410354,0.24389659087872184,ITGB1/DCLK1/AKAP6/CDH1/SMURF1/NRCAM/FGF13,7
BP,GO:0030198,extracellular matrix organization,9/234,339/18805,0.02654867256637168,2.133537553891536,2.364094057075548,0.026509449598790993,0.2692558694410354,0.24389659087872184,LAMC1/ITGB1/ADAMTS18/DPP4/APBB2/PDGFRA/COL23A1/COL19A1/CSGALNACT1,9
BP,GO:0050922,negative regulation of chemotaxis,3/234,52/18805,0.057692307692307696,4.636341222879684,2.9474492041192777,0.026887659873825027,0.2692558694410354,0.24389659087872184,RIN3/DPP4/ST6GAL1,3
BP,GO:0051155,positive regulation of striated muscle cell differentiation,3/234,52/18805,0.057692307692307696,4.636341222879684,2.9474492041192777,0.026887659873825027,0.2692558694410354,0.24389659087872184,ATP11A/AKAP6/NRG1,3
BP,GO:0051591,response to cAMP,4/234,91/18805,0.04395604395604396,3.5324504555273792,2.718277223639567,0.026941079076809676,0.2692558694410354,0.24389659087872184,EEF2K/AKAP6/SLC6A3/PDE4D,4
BP,GO:0140029,exocytic process,4/234,91/18805,0.04395604395604396,3.5324504555273792,2.718277223639567,0.026941079076809676,0.2692558694410354,0.24389659087872184,RPH3AL/NLGN1/EXOC4/LYN,4
BP,GO:0043062,extracellular structure organization,9/234,340/18805,0.026470588235294117,2.127262443438914,2.3545355146743034,0.026946935639102814,0.2692558694410354,0.24389659087872184,LAMC1/ITGB1/ADAMTS18/DPP4/APBB2/PDGFRA/COL23A1/COL19A1/CSGALNACT1,9
BP,GO:0002244,hematopoietic progenitor cell differentiation,5/234,135/18805,0.037037037037037035,2.9764165875276984,2.5869534878523255,0.026950314758777568,0.2692558694410354,0.24389659087872184,EML1/PLD4/SIPA1L3/PDGFRA/LYN,5
BP,GO:0046683,response to organophosphorus,5/234,135/18805,0.037037037037037035,2.9764165875276984,2.5869534878523255,0.026950314758777568,0.2692558694410354,0.24389659087872184,EEF2K/AKAP6/SLC6A3/PDE4D/TAF1,5
BP,GO:0045229,external encapsulating structure organization,9/234,341/18805,0.026392961876832845,2.1210241371531695,2.3450098019022696,0.027389504195635603,0.2692558694410354,0.24389659087872184,LAMC1/ITGB1/ADAMTS18/DPP4/APBB2/PDGFRA/COL23A1/COL19A1/CSGALNACT1,9
BP,GO:0030595,leukocyte chemotaxis,7/234,234/18805,0.029914529914529916,2.404028782233911,2.4259491837771194,0.027499211826883592,0.2692558694410354,0.24389659087872184,CMKLR1/RIN3/DPP4/DEFB124/ITGA9/NEDD9/LYN,7
BP,GO:0042476,odontogenesis,5/234,136/18805,0.03676470588235294,2.954531171442936,2.567833925750046,0.027705797555093746,0.2692558694410354,0.24389659087872184,LRP4/GLI2/SSUH2/PDGFRA/SMO,5
BP,GO:0006677,glycosylceramide metabolic process,2/234,21/18805,0.09523809523809523,7.653642653642653,3.424447284369499,0.027716141970747867,0.2692558694410354,0.24389659087872184,ST6GALNAC3/FA2H,2
BP,GO:0007213,G protein-coupled acetylcholine receptor signaling pathway,2/234,21/18805,0.09523809523809523,7.653642653642653,3.424447284369499,0.027716141970747867,0.2692558694410354,0.24389659087872184,PLCB1/GNAQ,2
BP,GO:0007413,axonal fasciculation,2/234,21/18805,0.09523809523809523,7.653642653642653,3.424447284369499,0.027716141970747867,0.2692558694410354,0.24389659087872184,ARHGAP35/NRCAM,2
BP,GO:0071397,cellular response to cholesterol,2/234,21/18805,0.09523809523809523,7.653642653642653,3.424447284369499,0.027716141970747867,0.2692558694410354,0.24389659087872184,GRAMD1A/SMO,2
BP,GO:0106030,neuron projection fasciculation,2/234,21/18805,0.09523809523809523,7.653642653642653,3.424447284369499,0.027716141970747867,0.2692558694410354,0.24389659087872184,ARHGAP35/NRCAM,2
BP,GO:0014020,primary neural tube formation,4/234,92/18805,0.043478260869565216,3.49405425492382,2.691804449073348,0.027899868050633603,0.2692558694410354,0.24389659087872184,DEAF1/ARHGAP35/MTHFD1L/DLC1,4
BP,GO:1904063,negative regulation of cation transmembrane transport,4/234,92/18805,0.043478260869565216,3.49405425492382,2.691804449073348,0.027899868050633603,0.2692558694410354,0.24389659087872184,GNB5/PRKCE/COMMD1/BIN1,4
BP,GO:2000177,regulation of neural precursor cell proliferation,4/234,92/18805,0.043478260869565216,3.49405425492382,2.691804449073348,0.027899868050633603,0.2692558694410354,0.24389659087872184,ITGB1/SMO/LYN/TOX,4
BP,GO:0030834,regulation of actin filament depolymerization,3/234,53/18805,0.05660377358490566,4.548863086598936,2.9041482839928983,0.028246167438139257,0.27173528168336497,0.24614248507052727,ASB2/SPTBN4/ADD2,3
BP,GO:0048568,embryonic organ development,11/234,457/18805,0.024070021881838075,1.934345134563953,2.2697941256190544,0.028400520208593013,0.27235830105401504,0.24670682671651772,ASB2/MYO7A/LRIG3/STRC/ALDH1A3/ANKRD24/GLI2/PDGFRA/MTHFD1L/SMO/PAX5,11
BP,GO:0002685,regulation of leukocyte migration,7/234,236/18805,0.029661016949152543,2.383655656960742,2.401071934059452,0.028619301424350967,0.27277213555634017,0.2470816851161308,CMKLR1/RIN3/DPP4/PLCB1/DEFB124/NEDD9/LYN,7
BP,GO:0009100,glycoprotein metabolic process,10/234,400/18805,0.025,2.0090811965811968,2.2898319103213867,0.028623128698181746,0.27277213555634017,0.2470816851161308,ST6GALNAC3/TMTC2/JAK3/MGAT5/PLCB1/STT3B/ST6GAL1/CSGALNACT1/EXTL3/IDS,10
BP,GO:0097529,myeloid leukocyte migration,7/234,237/18805,0.029535864978902954,2.373598038155,2.3887278671918306,0.029190780773163477,0.2752547575790707,0.24933048678214986,CMKLR1/RIN3/DPP4/PLCB1/DEFB124/ITGA9/LYN,7
BP,GO:0046622,positive regulation of organ growth,3/234,54/18805,0.05555555555555555,4.464624881291548,2.8619120808856917,0.029640558505161823,0.2752547575790707,0.24933048678214986,AKAP6/SMO/NRG1,3
BP,GO:0050771,negative regulation of axonogenesis,3/234,54/18805,0.05555555555555555,4.464624881291548,2.8619120808856917,0.029640558505161823,0.2752547575790707,0.24933048678214986,LRP4/CDH1/FGF13,3
BP,GO:0071320,cellular response to cAMP,3/234,54/18805,0.05555555555555555,4.464624881291548,2.8619120808856917,0.029640558505161823,0.2752547575790707,0.24933048678214986,EEF2K/AKAP6/PDE4D,3
BP,GO:0006909,phagocytosis,7/234,238/18805,0.029411764705882353,2.363624937154349,2.3764459959890707,0.029769935747360882,0.2752547575790707,0.24933048678214986,ITGB1/MYO7A/PLD4/PRKCE/IL2RB/DOCK2/LYN,7
BP,GO:0042475,odontogenesis of dentin-containing tooth,4/234,94/18805,0.0425531914893617,3.419712675031824,2.639943497550611,0.029877917443254506,0.2752547575790707,0.24933048678214986,LRP4/GLI2/PDGFRA/SMO,4
BP,GO:2000146,negative regulation of cell motility,10/234,403/18805,0.02481389578163772,1.9941252571525525,2.2645218874262043,0.029909505101926807,0.2752547575790707,0.24933048678214986,SRGAP2B/RIN3/BMERB1/CDH1/DPP4/PLCB1/ADARB1/MCTP1/NEDD9/DLC1,10
BP,GO:0007266,Rho protein signal transduction,5/234,139/18805,0.03597122302158273,2.890764311627621,2.511508027922846,0.030052566064745677,0.2752547575790707,0.24933048678214986,ITGB1/ARHGEF18/ARHGAP35/ARHGEF28/DLC1,5
BP,GO:0008360,regulation of cell shape,5/234,139/18805,0.03597122302158273,2.890764311627621,2.511508027922846,0.030052566064745677,0.2752547575790707,0.24933048678214986,COCH/ARHGEF18/ARHGAP35/SEPTIN7/PALM2AKAP2,5
BP,GO:0030048,actin filament-based movement,5/234,139/18805,0.03597122302158273,2.890764311627621,2.511508027922846,0.030052566064745677,0.2752547575790707,0.24933048678214986,MYO7A/CACNA1C/BIN1/PDE4D/FGF13,5
BP,GO:0006662,glycerol ether metabolic process,2/234,22/18805,0.09090909090909091,7.305749805749805,3.3218575230889265,0.030241805602437367,0.2752547575790707,0.24933048678214986,FAR1/PEX7,2
BP,GO:0015919,peroxisomal membrane transport,2/234,22/18805,0.09090909090909091,7.305749805749805,3.3218575230889265,0.030241805602437367,0.2752547575790707,0.24933048678214986,PEX5L/PEX7,2
BP,GO:0040019,positive regulation of embryonic development,2/234,22/18805,0.09090909090909091,7.305749805749805,3.3218575230889265,0.030241805602437367,0.2752547575790707,0.24933048678214986,PLCB1/FOXA2,2
BP,GO:0043574,peroxisomal transport,2/234,22/18805,0.09090909090909091,7.305749805749805,3.3218575230889265,0.030241805602437367,0.2752547575790707,0.24933048678214986,PEX5L/PEX7,2
BP,GO:0046485,ether lipid metabolic process,2/234,22/18805,0.09090909090909091,7.305749805749805,3.3218575230889265,0.030241805602437367,0.2752547575790707,0.24933048678214986,FAR1/PEX7,2
BP,GO:0043433,negative regulation of DNA-binding transcription factor activity,5/234,140/18805,0.03571428571428571,2.8701159951159947,2.4930671166012357,0.030861795204026675,0.27789280872273103,0.25172007881532704,RNF2/CMKLR1/WWP2/COMMD1/FOXA2,5
BP,GO:0061041,regulation of wound healing,5/234,140/18805,0.03571428571428571,2.8701159951159947,2.4930671166012357,0.030861795204026675,0.27789280872273103,0.25172007881532704,ITGB1/ADAMTS18/PRKCE/FOXA2/PDGFRA,5
BP,GO:0006470,protein dephosphorylation,4/234,95/18805,0.042105263157894736,3.3837156995051734,2.614536870469864,0.030897292548777336,0.27789280872273103,0.25172007881532704,PTPRF/SSH2/PTPN12/MTMR7,4
BP,GO:0051492,regulation of stress fiber assembly,4/234,95/18805,0.042105263157894736,3.3837156995051734,2.614536870469864,0.030897292548777336,0.27789280872273103,0.25172007881532704,ARHGEF10L/CGNL1/ARHGEF18/DLC1,4
BP,GO:0099084,postsynaptic specialization organization,3/234,55/18805,0.05454545454545454,4.383449883449884,2.8206932656172374,0.031070741324445258,0.2786284767737864,0.2523864595707151,CSMD2/NLGN1/ARHGEF9,3
BP,GO:0030183,B cell differentiation,5/234,141/18805,0.03546099290780142,2.8497605625265203,2.4747886428490133,0.031684604794818584,0.28310999798790215,0.2564458984544155,ITGB1/POU2AF1/JAK3/CARD11/PAX5,5
BP,GO:0072659,protein localization to plasma membrane,8/234,295/18805,0.02711864406779661,2.1793423149355355,2.2917280739041637,0.03178887240743431,0.28310999798790215,0.2564458984544155,ITGB1/SORBS1/CDH1/SPTBN4/PRKCE/ABCA12/SMURF1/FGF13,8
BP,GO:0035725,sodium ion transmembrane transport,6/234,190/18805,0.031578947368421054,2.53778677462888,2.391425229325313,0.03184987477363899,0.28310999798790215,0.2564458984544155,PRKCE/COMMD1/SLC6A3/UTRN/SHROOM2/FGF13,6
BP,GO:0016358,dendrite development,7/234,242/18805,0.028925619834710745,2.324556756374938,2.327928181704822,0.03216407532462356,0.2850693556468094,0.25822071827287163,EEF2K/ITGB1/LRP4/DCLK1/NLGN1/SYNE1/PREX2,7
BP,GO:0007528,neuromuscular junction development,3/234,56/18805,0.05357142857142857,4.305173992673993,2.7804474455989254,0.03253660855429885,0.28700969713556757,0.25997831291781326,LRP4/SPTBN4/CACNB4,3
BP,GO:0002689,negative regulation of leukocyte chemotaxis,2/234,23/18805,0.08695652173913043,6.98810850984764,3.2255075768913057,0.032855057435255755,0.28700969713556757,0.25997831291781326,RIN3/DPP4,2
BP,GO:0045762,positive regulation of adenylate cyclase activity,2/234,23/18805,0.08695652173913043,6.98810850984764,3.2255075768913057,0.032855057435255755,0.28700969713556757,0.25997831291781326,ACR/CACNA1C,2
BP,GO:0051905,establishment of pigment granule localization,2/234,23/18805,0.08695652173913043,6.98810850984764,3.2255075768913057,0.032855057435255755,0.28700969713556757,0.25997831291781326,MYO7A/SHROOM2,2
BP,GO:0051957,positive regulation of amino acid transport,2/234,23/18805,0.08695652173913043,6.98810850984764,3.2255075768913057,0.032855057435255755,0.28700969713556757,0.25997831291781326,ITGB1/SLC38A3,2
BP,GO:0061337,cardiac conduction,4/234,97/18805,0.041237113402061855,3.313948365494757,2.5647276574295224,0.0329969886923525,0.287423626431953,0.2603532571835142,CACNA1C/SPTBN4/BIN1/PDE4D,4
BP,GO:0050770,regulation of axonogenesis,5/234,143/18805,0.03496503496503497,2.809903771442233,2.4387080742178697,0.03337117447971611,0.2898524869095342,0.2625533607186086,LRP4/CDH1/ARHGAP35/SMURF1/FGF13,5
BP,GO:0002686,negative regulation of leukocyte migration,3/234,57/18805,0.05263157894736842,4.229644624381466,2.7411329335001313,0.034038037810077484,0.29233896782633995,0.2648056578371556,RIN3/DPP4/PLCB1,3
BP,GO:0034204,lipid translocation,3/234,57/18805,0.05263157894736842,4.229644624381466,2.7411329335001313,0.034038037810077484,0.29233896782633995,0.2648056578371556,ATP11A/ABCA12/ABCB1,3
BP,GO:0006813,potassium ion transport,7/234,245/18805,0.02857142857142857,2.296092796092796,2.2921633169937707,0.03404210349030406,0.29233896782633995,0.2648056578371556,RGS7/ITGB1/AKAP6/WWP2/BIN1/SLC12A8/KCNMB2,7
BP,GO:0009743,response to carbohydrate,7/234,245/18805,0.02857142857142857,2.296092796092796,2.2921633169937707,0.03404210349030406,0.29233896782633995,0.2648056578371556,PRKCE/ABCA12/PLCB1/FOXA2/ADCY5/EXTL3/LYN,7
BP,GO:0031623,receptor internalization,5/234,144/18805,0.034722222222222224,2.7903905508072175,2.420900675869015,0.03423503329063265,0.2931676090240091,0.26555625526551524,ITGB1/AP3M1/RIN3/SYNE1/NRG1,5
BP,GO:0034766,negative regulation of monoatomic ion transmembrane transport,4/234,99/18805,0.04040404040404041,3.246999913666581,2.5162025201543177,0.035178209077818684,0.29710898979849404,0.2691264256623478,GNB5/PRKCE/COMMD1/BIN1,4
BP,GO:0050848,regulation of calcium-mediated signaling,4/234,99/18805,0.04040404040404041,3.246999913666581,2.5162025201543177,0.035178209077818684,0.29710898979849404,0.2691264256623478,CAMTA1/CMKLR1/AKAP6/PDGFRA,4
BP,GO:0061387,regulation of extent of cell growth,4/234,99/18805,0.04040404040404041,3.246999913666581,2.5162025201543177,0.035178209077818684,0.29710898979849404,0.2691264256623478,CDH1/SMURF1/NRCAM/FGF13,4
BP,GO:0022604,regulation of cell morphogenesis,7/234,247/18805,0.02834008097165992,2.2775009515900204,2.2686083628666585,0.03533389726837335,0.29710898979849404,0.2691264256623478,EEF2K/COCH/ARHGEF18/ARHGAP35/SEPTIN7/SMURF1/PALM2AKAP2,7
BP,GO:0035335,peptidyl-tyrosine dephosphorylation,2/234,24/18805,0.08333333333333333,6.696937321937321,3.134751441970356,0.035553346644634075,0.29710898979849404,0.2691264256623478,PTPRF/PTPN12,2
BP,GO:0051590,positive regulation of neurotransmitter transport,2/234,24/18805,0.08333333333333333,6.696937321937321,3.134751441970356,0.035553346644634075,0.29710898979849404,0.2691264256623478,ITGB1/NLGN1,2
BP,GO:0086064,cell communication by electrical coupling involved in cardiac conduction,2/234,24/18805,0.08333333333333333,6.696937321937321,3.134751441970356,0.035553346644634075,0.29710898979849404,0.2691264256623478,CACNA1C/PDE4D,2
BP,GO:0032507,maintenance of protein location in cell,3/234,58/18805,0.05172413793103448,4.1567197170645445,2.702710537854611,0.03557489219955652,0.29710898979849404,0.2691264256623478,SRGN/HK1/SYNE1,3
BP,GO:0035315,hair cell differentiation,3/234,58/18805,0.05172413793103448,4.1567197170645445,2.702710537854611,0.03557489219955652,0.29710898979849404,0.2691264256623478,MYO7A/STRC/ANKRD24,3
BP,GO:0006887,exocytosis,9/234,358/18805,0.025139664804469275,2.020305113880533,2.18788307050773,0.0357161309544257,0.29747133726425784,0.2694546462199787,RPH3AL/TSPAN18/CACNB4/ABCA12/MICAL3/CADPS/NLGN1/EXOC4/LYN,9
BP,GO:0050954,sensory perception of mechanical stimulus,6/234,196/18805,0.030612244897959183,2.4600994243851386,2.3065578551928057,0.03623236407958633,0.29944972872301234,0.2712467071812328,MYO7A/COCH/STRC/ANKRD24/SPTBN4/SLC52A3,6
BP,GO:0001841,neural tube formation,4/234,100/18805,0.04,3.2145299145299147,2.4924020508463514,0.03629946927554683,0.29944972872301234,0.2712467071812328,DEAF1/ARHGAP35/MTHFD1L/DLC1,4
BP,GO:0021510,spinal cord development,4/234,100/18805,0.04,3.2145299145299147,2.4924020508463514,0.03629946927554683,0.29944972872301234,0.2712467071812328,VSTM5/GLI2/ADARB1/SMO,4
BP,GO:0048511,rhythmic process,8/234,303/18805,0.026402640264026403,2.1218019237821215,2.209752130822304,0.03634768088776038,0.29944972872301234,0.2712467071812328,CRY1/ENOX1/RAI1/PHLPP1/NLGN1/PDGFRA/GNAQ/ENOX2,8
BP,GO:0006942,regulation of striated muscle contraction,4/234,101/18805,0.039603960396039604,3.1827028856731827,2.4688998173797985,0.037441194000620445,0.3029202166068397,0.2743903347103507,CACNA1C/BIN1/PDE4D/FGF13,4
BP,GO:0034109,homotypic cell-cell adhesion,4/234,101/18805,0.039603960396039604,3.1827028856731827,2.4688998173797985,0.037441194000620445,0.3029202166068397,0.2743903347103507,ADAMTS18/PDGFRA/METAP1/LYN,4
BP,GO:0018108,peptidyl-tyrosine phosphorylation,6/234,198/18805,0.030303030303030304,2.4352499352499355,2.2789634353238415,0.03777505233642796,0.3029202166068397,0.2743903347103507,LRP4/JAK3/PDGFRA/NEDD9/NRG1/LYN,6
BP,GO:0007269,neurotransmitter secretion,5/234,148/18805,0.033783783783783786,2.71497458997459,2.3511646668894706,0.03782867059972948,0.3029202166068397,0.2743903347103507,RPH3AL/CACNB4/CADPS/NLGN1/MCTP1,5
BP,GO:0035148,tube formation,5/234,148/18805,0.033783783783783786,2.71497458997459,2.3511646668894706,0.03782867059972948,0.3029202166068397,0.2743903347103507,DEAF1/ARHGAP35/MTHFD1L/DLC1/NFIB,5
BP,GO:0071675,regulation of mononuclear cell migration,5/234,148/18805,0.033783783783783786,2.71497458997459,2.3511646668894706,0.03782867059972948,0.3029202166068397,0.2743903347103507,CMKLR1/PLCB1/DEFB124/NEDD9/LYN,5
BP,GO:0099643,signal release from synapse,5/234,148/18805,0.033783783783783786,2.71497458997459,2.3511646668894706,0.03782867059972948,0.3029202166068397,0.2743903347103507,RPH3AL/CACNB4/CADPS/NLGN1/MCTP1,5
BP,GO:0009913,epidermal cell differentiation,7/234,251/18805,0.027888446215139442,2.241206115708108,2.2221705944445143,0.03801412703699942,0.3029202166068397,0.2743903347103507,MYO7A/STRC/FA2H/ANKRD24/GLI2/ABCA12/EXTL3,7
BP,GO:0048738,cardiac muscle tissue development,7/234,251/18805,0.027888446215139442,2.241206115708108,2.2221705944445143,0.03801412703699942,0.3029202166068397,0.2743903347103507,ASB2/ITGB1/AKAP6/PDGFRA/PTCD2/SYNE1/NRG1,7
BP,GO:0002433,immune response-regulating cell surface receptor signaling pathway involved in phagocytosis,2/234,25/18805,0.08,6.429059829059829,3.049033829868239,0.0383341718474274,0.3029202166068397,0.2743903347103507,PRKCE/LYN,2
BP,GO:0038096,Fc-gamma receptor signaling pathway involved in phagocytosis,2/234,25/18805,0.08,6.429059829059829,3.049033829868239,0.0383341718474274,0.3029202166068397,0.2743903347103507,PRKCE/LYN,2
BP,GO:0045932,negative regulation of muscle contraction,2/234,25/18805,0.08,6.429059829059829,3.049033829868239,0.0383341718474274,0.3029202166068397,0.2743903347103507,BIN1/DOCK4,2
BP,GO:0051016,barbed-end actin filament capping,2/234,25/18805,0.08,6.429059829059829,3.049033829868239,0.0383341718474274,0.3029202166068397,0.2743903347103507,ASB2/ADD2,2
BP,GO:0051875,pigment granule localization,2/234,25/18805,0.08,6.429059829059829,3.049033829868239,0.0383341718474274,0.3029202166068397,0.2743903347103507,MYO7A/SHROOM2,2
BP,GO:0150105,protein localization to cell-cell junction,2/234,25/18805,0.08,6.429059829059829,3.049033829868239,0.0383341718474274,0.3029202166068397,0.2743903347103507,CGNL1/ARHGEF18,2
BP,GO:0018212,peptidyl-tyrosine modification,6/234,199/18805,0.03015075376884422,2.423012498389383,2.265291781626303,0.03856191196676304,0.3029202166068397,0.2743903347103507,LRP4/JAK3/PDGFRA/NEDD9/NRG1/LYN,6
BP,GO:0032271,regulation of protein polymerization,6/234,199/18805,0.03015075376884422,2.423012498389383,2.265291781626303,0.03856191196676304,0.3029202166068397,0.2743903347103507,ASB2/SSH2/SPTBN4/PRKCE/ADD2/BIN1,6
BP,GO:0016079,synaptic vesicle exocytosis,4/234,102/18805,0.0392156862745098,3.1514999162057986,2.4456887589402387,0.03860340009844965,0.3029202166068397,0.2743903347103507,RPH3AL/CACNB4/CADPS/NLGN1,4
BP,GO:0050850,positive regulation of calcium-mediated signaling,3/234,60/18805,0.05,4.0181623931623935,2.6283966875393094,0.038754259396714355,0.3029202166068397,0.2743903347103507,CAMTA1/AKAP6/PDGFRA,3
BP,GO:0016331,morphogenesis of embryonic epithelium,5/234,149/18805,0.03355704697986577,2.6967532840016064,2.334092005183449,0.03876183034870416,0.3029202166068397,0.2743903347103507,DEAF1/ALDH1A3/ARHGAP35/MTHFD1L/DLC1,5
BP,GO:0014706,striated muscle tissue development,10/234,423/18805,0.02364066193853428,1.89984037501768,2.1011385137806107,0.039547839223280576,0.3082703365096742,0.27923656520405393,ASB2/ITGB1/AKAP6/PDGFRA/PTCD2/COL19A1/SYNE1/SMO/NRG1/PAX5,10
BP,GO:0014074,response to purine-containing compound,5/234,150/18805,0.03333333333333333,2.6787749287749287,2.317159251202651,0.03970896203582302,0.30854525944831873,0.27948559512354637,EEF2K/AKAP6/SLC6A3/PDE4D/TAF1,5
BP,GO:0051588,regulation of neurotransmitter transport,4/234,103/18805,0.038834951456310676,3.1209028296406935,2.422762051289961,0.03978609924465163,0.30854525944831873,0.27948559512354637,ITGB1/CACNB4/NLGN1/MCTP1,4
BP,GO:0043010,camera-type eye development,9/234,366/18805,0.02459016393442623,1.9761454392601934,2.116907078048424,0.040180507372520824,0.3108110493955809,0.2815379865716204,CACNA1C/ALDH1A3/SDK2/ARHGAP35/BFSP1/PDGFRA/SLC6A3/NFIB/SHROOM2,9
BP,GO:0002520,immune system development,6/234,202/18805,0.0297029702970297,2.387027164254887,2.2247671498429247,0.04098495448722035,0.31544847364333223,0.2857386451007469,CACNA1C/PHLPP1/CACNB4/CTNNBL1/LYN/TOX,6
BP,GO:0036315,cellular response to sterol,2/234,26/18805,0.07692307692307693,6.181788297172913,2.9678743733421853,0.04119508027513253,0.31544847364333223,0.2857386451007469,GRAMD1A/SMO,2
BP,GO:0099149,regulation of postsynaptic neurotransmitter receptor internalization,2/234,26/18805,0.07692307692307693,6.181788297172913,2.9678743733421853,0.04119508027513253,0.31544847364333223,0.2857386451007469,SYNE1/NRG1,2
BP,GO:1901385,regulation of voltage-gated calcium channel activity,2/234,26/18805,0.07692307692307693,6.181788297172913,2.9678743733421853,0.04119508027513253,0.31544847364333223,0.2857386451007469,GNB5/CACNB4,2
BP,GO:0030534,adult behavior,5/234,152/18805,0.03289473684210526,2.6435278902384165,2.283704628846149,0.04164526608315546,0.31809449470550905,0.2881354564229957,SPTBN4/CACNB4/FOXA2/PREX2/PAX5,5
BP,GO:0051656,establishment of organelle localization,11/234,487/18805,0.022587268993839837,1.815186296705804,2.0459627799914517,0.04191161304079207,0.31932657554889193,0.2892514964113232,AGBL4/ITGB1/AP3M1/MYO7A/SPIRE1/CADPS/NLGN1/SNAP91/EXOC4/LYN/SHROOM2,11
BP,GO:0097035,regulation of membrane lipid distribution,3/234,62/18805,0.04838709677419355,3.888544251447477,2.557235485436126,0.04207334441140668,0.31975741752669073,0.2896417604743155,ATP11A/ABCA12/ABCB1,3
BP,GO:0002027,regulation of heart rate,4/234,106/18805,0.03773584905660377,3.032575391065957,2.355623129540062,0.04345719541807682,0.3278160646921924,0.2969414214801853,CACNA1C/SPTBN4/BIN1/PDE4D,4
BP,GO:0110020,regulation of actomyosin structure organization,4/234,106/18805,0.03773584905660377,3.032575391065957,2.355623129540062,0.04345719541807682,0.3278160646921924,0.2969414214801853,ARHGEF10L/CGNL1/ARHGEF18/DLC1,4
BP,GO:1905477,positive regulation of protein localization to membrane,4/234,106/18805,0.03773584905660377,3.032575391065957,2.355623129540062,0.04345719541807682,0.3278160646921924,0.2969414214801853,ITGB1/SORBS1/LRP4/PRKCE,4
BP,GO:0009306,protein secretion,9/234,372/18805,0.024193548387096774,1.9442721257237385,2.0648382332595223,0.04376771843627446,0.3278467725068856,0.29696923714612633,RPH3AL/DNAJC1/EIPR1/PRKCE/ABCA12/PLCB1/FOXA2/ADCY5/SEC24A,9
BP,GO:0050767,regulation of neurogenesis,9/234,372/18805,0.024193548387096774,1.9442721257237385,2.0648382332595223,0.04376771843627446,0.3278467725068856,0.29696923714612633,EEF2K/ITGB1/LRP4/CDH1/BIN1/SMURF1/SMO/LYN/FGF13,9
BP,GO:0033059,cellular pigmentation,3/234,63/18805,0.047619047619047616,3.8268213268213267,2.522760788467529,0.04378479922295907,0.3278467725068856,0.29696923714612633,AP3M1/MYO7A/SHROOM2,3
BP,GO:0002053,positive regulation of mesenchymal cell proliferation,2/234,27/18805,0.07407407407407407,5.952833175055397,2.8908550724717244,0.044133666959886436,0.3280350796040459,0.2971398089488172,SYNE1/SMO,2
BP,GO:0018904,ether metabolic process,2/234,27/18805,0.07407407407407407,5.952833175055397,2.8908550724717244,0.044133666959886436,0.3280350796040459,0.2971398089488172,FAR1/PEX7,2
BP,GO:0060396,growth hormone receptor signaling pathway,2/234,27/18805,0.07407407407407407,5.952833175055397,2.8908550724717244,0.044133666959886436,0.3280350796040459,0.2971398089488172,JAK3/LYN,2
BP,GO:0071326,cellular response to monosaccharide stimulus,5/234,155/18805,0.03225806451612903,2.592362834298318,2.2345180573634007,0.044655231031738116,0.33110220082069236,0.29991806002317567,PRKCE/ABCA12/PLCB1/FOXA2/ADCY5,5
BP,GO:0097479,synaptic vesicle localization,3/234,64/18805,0.046875,3.7670272435897436,2.4889859596368273,0.04553058157297908,0.33594299523418114,0.3043029347412112,AP3M1/NLGN1/SNAP91,3
BP,GO:0098900,regulation of action potential,3/234,64/18805,0.046875,3.7670272435897436,2.4889859596368273,0.04553058157297908,0.33594299523418114,0.3043029347412112,CACNA1C/BIN1/FGF13,3
BP,GO:0035592,establishment of protein localization to extracellular region,9/234,375/18805,0.024,1.9287179487179487,2.0391642573246602,0.045639624023591056,0.33594299523418114,0.3043029347412112,RPH3AL/DNAJC1/EIPR1/PRKCE/ABCA12/PLCB1/FOXA2/ADCY5/SEC24A,9
BP,GO:0001702,gastrulation with mouth forming second,2/234,28/18805,0.07142857142857142,5.740231990231989,2.817610223065784,0.04714757393305679,0.34407612345036925,0.3116700619619688,RNF2/FOXA2,2
BP,GO:0033081,regulation of T cell differentiation in thymus,2/234,28/18805,0.07142857142857142,5.740231990231989,2.817610223065784,0.04714757393305679,0.34407612345036925,0.3116700619619688,GLI2/TOX,2
BP,GO:0071378,cellular response to growth hormone stimulus,2/234,28/18805,0.07142857142857142,5.740231990231989,2.817610223065784,0.04714757393305679,0.34407612345036925,0.3116700619619688,JAK3/LYN,2
BP,GO:0006518,peptide metabolic process,3/234,65/18805,0.046153846153846156,3.709072978303748,2.455884818425901,0.04731046697442577,0.34407612345036925,0.3116700619619688,MIPEP/MGST2/CPE,3
BP,GO:1903078,positive regulation of protein localization to plasma membrane,3/234,65/18805,0.046153846153846156,3.709072978303748,2.455884818425901,0.04731046697442577,0.34407612345036925,0.3116700619619688,ITGB1/SORBS1/PRKCE,3
BP,GO:0008037,cell recognition,5/234,158/18805,0.03164556962025317,2.543140755166072,2.186477458742706,0.04779233329012748,0.3451307624028412,0.31262537203803065,ACR/ARHGAP35/DOCK2/NEDD9/NRCAM,5
BP,GO:0098876,vesicle-mediated transport to the plasma membrane,5/234,158/18805,0.03164556962025317,2.543140755166072,2.186477458742706,0.04779233329012748,0.3451307624028412,0.31262537203803065,EIPR1/COMMD1/DEF6/EXOC4/SNX31,5
BP,GO:0001933,negative regulation of protein phosphorylation,6/234,210/18805,0.02857142857142857,2.296092796092796,2.1201327647894024,0.04790959925460493,0.3451307624028412,0.31262537203803065,ADARB1/PDE4D/SMO/LYN/PREX2/GNAQ,6
BP,GO:0051260,protein homooligomerization,6/234,210/18805,0.02857142857142857,2.296092796092796,2.1201327647894024,0.04790959925460493,0.3451307624028412,0.31262537203803065,VSTM5/PRMT8/ALDH1A3/ATL2/ITPR3/CARD11,6
BP,GO:0017156,calcium-ion regulated exocytosis,3/234,66/18805,0.045454545454545456,3.6528749028749026,2.423432558662749,0.049124220280484895,0.35304404173209003,0.31979335636120065,RPH3AL/TSPAN18/CADPS,3
BP,GO:0007229,integrin-mediated signaling pathway,4/234,111/18805,0.036036036036036036,2.895972895972896,2.248836594315723,0.0499851845319831,0.3535019626994686,0.3202081490380228,LAMC1/ITGB1/ITGA9/NEDD9,4
CC,GO:0098858,actin-based cell projection,13/245,235/19880,0.05531914893617021,4.488753799392097,6.009565779791445,7.486656040697486e-6,0.002702682830691793,0.0023169230273316433,ITGB1/MYO7A/STRC/ANKRD24/TBC1D10A/NLGN1/PDGFRA/UNC5C/DEF6/UTRN/DOCK4/EXOC4/FGF13,13
CC,GO:0045121,membrane raft,13/245,291/19880,0.044673539518900345,3.6249386352479136,5.0387681173635945,7.013430841612017e-5,0.008150484379101427,0.006987148002495465,ITGB1/HK1/SORBS1/LRP4/AKAP6/CDH1/ADD2/DPP4/SLC6A3/CARD11/SMO/DLC1/LYN,13
CC,GO:0098857,membrane microdomain,13/245,293/19880,0.04436860068259386,3.6001950268161873,5.008649347549167,7.516390252157521e-5,0.008150484379101427,0.006987148002495465,ITGB1/HK1/SORBS1/LRP4/AKAP6/CDH1/ADD2/DPP4/SLC6A3/CARD11/SMO/DLC1/LYN,13
CC,GO:0044853,plasma membrane raft,8/245,115/19880,0.06956521739130435,5.6447204968944105,5.579881190873294,9.031007622273049e-5,0.008150484379101427,0.006987148002495465,SORBS1/LRP4/AKAP6/CDH1/ADD2/SLC6A3/SMO/DLC1,8
CC,GO:0005635,nuclear envelope,17/245,496/19880,0.034274193548387094,2.7811059907834097,4.487182758967225,1.5136005145261158e-4,0.009972995070971017,0.00854952777625158,RGS7/DNAJC1/AKAP6/CEP128/INPP4A/RGPD5/RGPD8/RGPD6/BIN1/SLC52A3/PLCB1/MGST2/ITPR3/SYNE1/GNAQ/FAM156A/FAM156B,17
CC,GO:0043194,axon initial segment,4/245,23/19880,0.17391304347826086,14.111801242236025,7.028041440328041,1.6575615076406123e-4,0.009972995070971017,0.00854952777625158,NFASC/SPTBN4/BIN1/NRCAM,4
CC,GO:0005901,caveola,6/245,81/19880,0.07407407407407407,6.01058201058201,5.0474719330152515,4.944633580581629e-4,0.025500181751285256,0.021860485303624045,SORBS1/AKAP6/CDH1/SLC6A3/SMO/DLC1,6
CC,GO:0098636,protein complex involved in cell adhesion,5/245,58/19880,0.08620689655172414,6.9950738916256165,5.10739747491044,7.344701005653228e-4,0.03314296328801019,0.02841239599555328,LAMC1/ITGB1/ITGA9/NLGN1/LYN,5
CC,GO:0099572,postsynaptic specialization,13/245,396/19880,0.03282828282828283,2.6637806637806642,3.735678229226514,0.0013309230979223876,0.05338480426110911,0.04576507494610316,EEF2K/CSMD2/LRP4/CACNA1C/DCLK1/SIPA1L3/ADD2/INPP4A/CLSTN2/NLGN1/NRCAM/LYN/ARHGEF9,13
CC,GO:0097060,synaptic membrane,14/245,452/19880,0.030973451327433628,2.5132743362831858,3.635278543716007,0.0015205241087820232,0.05448380172952996,0.046707210113666166,GPR179/CSMD2/ITGB1/LRP4/CACNA1C/GNB5/CLSTN2/NLGN1/SLC6A3/SNAP91/UTRN/SYNE1/NRCAM/APBA1,14
CC,GO:0033268,node of Ranvier,3/245,20/19880,0.15,12.17142857142857,5.583402607318575,0.001804989381964731,0.05448380172952996,0.046707210113666166,NFASC/SPTBN4/BIN1,3
CC,GO:0016324,apical plasma membrane,13/245,413/19880,0.031476997578692496,2.5541335178139053,3.565157285412271,0.001929802287227721,0.05448380172952996,0.046707210113666166,MYO7A/SLCO3A1/ARHGEF18/SIPA1L3/DPP4/SLC52A3/SLC38A3/PDE4D/SEPTIN7/ABCB1/NRG1/PALM2AKAP2/SHROOM2,13
CC,GO:0042383,sarcolemma,7/245,143/19880,0.04895104895104895,3.972027972027972,3.98423730019696,0.0020044954828018317,0.05448380172952996,0.046707210113666166,OBSCN/ITGB1/CACNA1C/AKAP6/BIN1/UTRN/FGF13,7
CC,GO:0030175,filopodium,6/245,107/19880,0.056074766355140186,4.550066755674233,4.112983635152562,0.002112945219427755,0.05448380172952996,0.046707210113666166,ITGB1/NLGN1/UNC5C/DEF6/UTRN/FGF13,6
CC,GO:0005938,cell cortex,11/245,325/19880,0.033846153846153845,2.746373626373626,3.5458045310070974,0.0024326168865578942,0.054975630237203935,0.04712883886787566,MYO7A/CDH1/SPIRE1/SPTBN4/BFSP1/MICAL3/NEDD9/SEPTIN7/EXOC4/DLC1/SHROOM2,11
CC,GO:0032279,asymmetric synapse,12/245,376/19880,0.031914893617021274,2.5896656534954405,3.476183753392588,0.0025478544286199082,0.054975630237203935,0.04712883886787566,EEF2K/CSMD2/ITGB1/LRP4/CACNA1C/DCLK1/ADD2/INPP4A/CLSTN2/NLGN1/NRCAM/ARHGEF9,12
CC,GO:0045177,apical part of cell,14/245,479/19880,0.029227557411273485,2.3716075156576197,3.3943014625053696,0.0025888800942727615,0.054975630237203935,0.04712883886787566,MYO7A/SLCO3A1/ARHGEF18/SIPA1L3/DPP4/SLC52A3/SLC38A3/PDE4D/ITPR3/SEPTIN7/ABCB1/NRG1/PALM2AKAP2/SHROOM2,14
CC,GO:0014704,intercalated disc,4/245,52/19880,0.07692307692307693,6.241758241758242,4.227699004248014,0.0038335548714941194,0.06912213161417573,0.05925617931059242,ITGB1/AKAP6/SPTBN4/FGF13,4
CC,GO:0009898,cytoplasmic side of plasma membrane,7/245,161/19880,0.043478260869565216,3.527950310559006,3.5975255244922857,0.0038835245904883567,0.06912213161417573,0.05925617931059242,PRMT8/GNB5/CDH1/JAK3/CACNB4/LYN/GNAQ,7
CC,GO:0001725,stress fiber,5/245,85/19880,0.058823529411764705,4.773109243697479,3.893999986329447,0.004020955024647342,0.06912213161417573,0.05925617931059242,ASB2/SORBS1/SIPA1L3/SYNPO2/SEPTIN7,5
CC,GO:0097517,contractile actin filament bundle,5/245,85/19880,0.058823529411764705,4.773109243697479,3.893999986329447,0.004020955024647342,0.06912213161417573,0.05925617931059242,ASB2/SORBS1/SIPA1L3/SYNPO2/SEPTIN7,5
CC,GO:0098562,cytoplasmic side of membrane,8/245,209/19880,0.03827751196172249,3.105946684894053,3.4187878534249307,0.004497161639659585,0.07379433417805047,0.06326150823253197,PRMT8/GNB5/CDH1/JAK3/CACNB4/ITPR3/LYN/GNAQ,8
CC,GO:0014069,postsynaptic density,11/245,360/19880,0.030555555555555555,2.4793650793650794,3.164109923919612,0.005248555244336601,0.07906495784263066,0.06777984430888882,EEF2K/CSMD2/LRP4/CACNA1C/DCLK1/ADD2/INPP4A/CLSTN2/NLGN1/NRCAM/ARHGEF9,11
CC,GO:0042641,actomyosin,5/245,91/19880,0.054945054945054944,4.45839874411303,3.69359006141145,0.005372507369810397,0.07906495784263066,0.06777984430888882,ASB2/SORBS1/SIPA1L3/SYNPO2/SEPTIN7,5
CC,GO:0098984,neuron to neuron synapse,12/245,414/19880,0.028985507246376812,2.351966873706004,3.1052224532466592,0.0054754125929799636,0.07906495784263066,0.06777984430888882,EEF2K/CSMD2/ITGB1/LRP4/CACNA1C/DCLK1/ADD2/INPP4A/CLSTN2/NLGN1/NRCAM/ARHGEF9,12
CC,GO:0032432,actin filament bundle,5/245,95/19880,0.05263157894736842,4.2706766917293235,3.5694084511043034,0.006434626035596934,0.08613729851106607,0.07384273439933933,ASB2/SORBS1/SIPA1L3/SYNPO2/SEPTIN7,5
CC,GO:0008305,integrin complex,3/245,31/19880,0.0967741935483871,7.852534562211981,4.265084324344379,0.006442401827697462,0.08613729851106607,0.07384273439933933,ITGB1/ITGA9/LYN,3
CC,GO:0045211,postsynaptic membrane,10/245,321/19880,0.03115264797507788,2.527814864263463,3.082583007743612,0.0066958775910603025,0.08632899322759889,0.07400706811171914,GPR179/CSMD2/CACNA1C/GNB5/CLSTN2/NLGN1/SLC6A3/UTRN/SYNE1/NRCAM,10
CC,GO:0032420,stereocilium,4/245,63/19880,0.06349206349206349,5.1519274376417235,3.6869388199832502,0.007594162401437744,0.09453422851444916,0.08104115230572403,MYO7A/STRC/ANKRD24/DOCK4,4
CC,GO:0019897,extrinsic component of plasma membrane,5/245,107/19880,0.04672897196261682,3.7917222963951933,3.2343921704039142,0.0104910016314606,0.11964327258523204,0.10256632786137403,GNB5/CDH1/JAK3/SNAP91/GNAQ,5
CC,GO:0001401,SAM complex,2/245,13/19880,0.15384615384615385,12.483516483516484,4.626422427455934,0.010788032372488368,0.11964327258523204,0.10256632786137403,CHCHD3/APOOL,2
CC,GO:0140275,MIB complex,2/245,13/19880,0.15384615384615385,12.483516483516484,4.626422427455934,0.010788032372488368,0.11964327258523204,0.10256632786137403,CHCHD3/APOOL,2
CC,GO:0032421,stereocilium bundle,4/245,70/19880,0.05714285714285714,4.636734693877551,3.4047345525859054,0.0109369196546057,0.11964327258523204,0.10256632786137403,MYO7A/STRC/ANKRD24/DOCK4,4
CC,GO:0034704,calcium channel complex,4/245,72/19880,0.05555555555555555,4.507936507936508,3.330907059781625,0.012040949144338044,0.12784654826782452,0.10959873214970234,CACNA1C/AKAP6/CACNB4/PDE4D,4
CC,GO:0044304,main axon,4/245,73/19880,0.0547945205479452,4.446183953033268,3.2949997906593116,0.012618755649150801,0.13015345112409826,0.11157636573985973,NFASC/SPTBN4/BIN1/NRCAM,4
CC,GO:0030027,lamellipodium,7/245,203/19880,0.034482758620689655,2.7980295566502464,2.8762740226749446,0.013154431803012165,0.13190971891353867,0.11308195760484141,ITGB1/CDH1/DPP4/APBB2/UNC5C/NEDD9/ARHGEF6,7
CC,GO:0030658,transport vesicle membrane,8/245,254/19880,0.031496062992125984,2.555680539932508,2.7873161838835134,0.013753005461046512,0.1341847289577781,0.11503225051344737,RPH3AL/BIN1/TMEM163/ABCA12/CPE/MCTP1/SEC24A/ITPR3,8
CC,GO:0044291,cell-cell contact zone,4/245,76/19880,0.05263157894736842,4.2706766917293235,3.1910441248368975,0.014457440241916432,0.1373456822982061,0.11774203410314213,ITGB1/AKAP6/SPTBN4/FGF13,4
CC,GO:0031965,nuclear membrane,9/245,312/19880,0.028846153846153848,2.340659340659341,2.666167141403909,0.015649680399802524,0.13923665463148616,0.1193631038392096,DNAJC1/AKAP6/CEP128/INPP4A/SLC52A3/PLCB1/ITPR3/SYNE1/GNAQ,9
CC,GO:0031594,neuromuscular junction,4/245,78/19880,0.05128205128205128,4.161172161172161,3.1246816585508252,0.01577258500296112,0.13923665463148616,0.1193631038392096,ITGB1/LRP4/NLGN1/UTRN,4
CC,GO:0055037,recycling endosome,7/245,211/19880,0.03317535545023697,2.6919431279620856,2.7599467601719287,0.015955433365336186,0.13923665463148616,0.1193631038392096,ITGB1/AP3M1/ATP11A/EIPR1/COMMD1/INPP4A/MCTP1,7
CC,GO:0098985,"asymmetric, glutamatergic, excitatory synapse",2/245,16/19880,0.125,10.142857142857142,4.086706308849118,0.016199278378178444,0.13923665463148616,0.1193631038392096,ITGB1/NLGN1,2
CC,GO:0019898,extrinsic component of membrane,6/245,165/19880,0.03636363636363636,2.9506493506493507,2.8105262449772455,0.016654415447348383,0.1398196273602969,0.1198628676014792,GNB5/CDH1/JAK3/BIN1/SNAP91/GNAQ,6
CC,GO:0030864,cortical actin cytoskeleton,4/245,80/19880,0.05,4.057142857142857,3.060504257136124,0.01716063188826775,0.14079518435601496,0.1206991812237014,CDH1/SPTBN4/DLC1/SHROOM2,4
CC,GO:0005891,voltage-gated calcium channel complex,3/245,45/19880,0.06666666666666667,5.409523809523809,3.3078568180117687,0.017934201746599678,0.14387215178938853,0.12333696639766797,CACNA1C/CACNB4/PDE4D,3
CC,GO:0030667,secretory granule membrane,9/245,322/19880,0.027950310559006212,2.267968056787933,2.562352553111249,0.018801368957172274,0.1475498737725911,0.12648975911690272,NFASC/DMBT1/ATP11A/ABCA12/TOM1/CADPS/CPE/CYSTM1/ITPR3,9
CC,GO:0043209,myelin sheath,3/245,47/19880,0.06382978723404255,5.179331306990881,3.2042499003326324,0.020130474048191016,0.15427624246629174,0.13225605856565031,TSPAN2/ITGB1/EXOC4,3
CC,GO:0098862,cluster of actin-based cell projections,6/245,173/19880,0.03468208092485549,2.8142031379025596,2.677093646030483,0.020513184593855965,0.15427624246629174,0.13225605856565031,SCART1/MYO7A/STRC/ANKRD24/ITPR3/DOCK4,6
CC,GO:0005769,early endosome,11/245,440/19880,0.025,2.0285714285714285,2.4371234057520788,0.021033049894527252,0.15495777575355793,0.13284031512333003,AP3M1/ATP11A/RIN3/PLD4/COMMD1/INPP4A/TMEM163/TOM1/APBB2/RASGEF1B/SNX31,11
CC,GO:0030133,transport vesicle,11/245,444/19880,0.024774774774774775,2.0102960102960106,2.4049249835533657,0.02230041070590851,0.15642771884465229,0.1341004500374042,RPH3AL/BIN1/TMEM163/ABCA12/CPE/MCTP1/SEC24A/ITPR3/SNAP91/TSNARE1/APBA1,11
CC,GO:0031234,extrinsic component of cytoplasmic side of plasma membrane,3/245,49/19880,0.061224489795918366,4.967930029154519,3.10638009113431,0.02246821171946288,0.15642771884465229,0.1341004500374042,GNB5/JAK3/GNAQ,3
CC,GO:0000939,inner kinetochore,2/245,19/19880,0.10526315789473684,8.541353383458647,3.673587537533423,0.022532524598121658,0.15642771884465229,0.1341004500374042,ITGB3BP/CENPP,2
CC,GO:0030018,Z disc,5/245,134/19880,0.03731343283582089,3.0277185501066093,2.6307850383603544,0.025302064853534915,0.17234047947407743,0.14774194770485136,ASB2/OBSCN/CACNA1C/BIN1/SYNPO2,5
CC,GO:0030315,T-tubule,3/245,53/19880,0.05660377358490566,4.592991913746631,2.925704957076369,0.027568198341530323,0.1842985111350453,0.15799318347777613,CACNA1C/AKAP6/BIN1,3
CC,GO:0032154,cleavage furrow,3/245,54/19880,0.05555555555555555,4.507936507936508,2.8833403489815357,0.028931422691576142,0.1898953380301634,0.16279116308752892,ITGB1/SPIRE1/SEPTIN7,3
CC,GO:0005742,mitochondrial outer membrane translocase complex,2/245,22/19880,0.09090909090909091,7.376623376623376,3.3427139240471764,0.029713769586022235,0.19154769322417906,0.16420767402801764,CHCHD3/APOOL,2
CC,GO:0044232,organelle membrane contact site,3/245,56/19880,0.05357142857142857,4.346938775510204,2.801631380703485,0.03176323032184696,0.20093864735426267,0.17225823683380442,GRAMD1A/CHCHD3/APOOL,3
CC,GO:0098799,outer mitochondrial membrane protein complex,2/245,23/19880,0.08695652173913043,7.055900621118012,3.2460162976408524,0.03228377159708375,0.20093864735426267,0.17225823683380442,CHCHD3/APOOL,2
CC,GO:0099091,"postsynaptic specialization, intracellular component",2/245,24/19880,0.08333333333333333,6.761904761904761,3.1549368490966456,0.034937711923220476,0.21208951946408933,0.1818175206952683,SIPA1L3/LYN,2
CC,GO:0005902,microvillus,4/245,100/19880,0.04,3.245714285714286,2.5148159970916257,0.035250335645001,0.21208951946408933,0.1818175206952683,MYO7A/TBC1D10A/PDGFRA/EXOC4,4
CC,GO:0099524,postsynaptic cytosol,2/245,25/19880,0.08,6.491428571428572,3.068917783800991,0.03767314959356967,0.22295093447997788,0.19112866230387374,PLCB1/GNAQ,2
CC,GO:0031674,I band,5/245,150/19880,0.03333333333333333,2.7047619047619045,2.3410499224692543,0.03838736531515628,0.2235135303027648,0.19161095760027075,ASB2/OBSCN/CACNA1C/BIN1/SYNPO2,5
CC,GO:0099634,postsynaptic specialization membrane,5/245,156/19880,0.03205128205128205,2.6007326007326004,2.2420662869362546,0.04418816954648196,0.2528023257135013,0.21671929948904906,CSMD2/CACNA1C/CLSTN2/NLGN1/NRCAM,5
CC,GO:0030863,cortical cytoskeleton,4/245,109/19880,0.03669724770642202,2.9777195281782443,2.3127489314514698,0.0459788936921299,0.2528023257135013,0.21671929948904906,CDH1/SPTBN4/DLC1/SHROOM2,4
CC,GO:0005778,peroxisomal membrane,3/245,65/19880,0.046153846153846156,3.745054945054945,2.4761419502306614,0.04621870774817475,0.2528023257135013,0.21671929948904906,FAR1/PEX5L/PEX7,3
CC,GO:0031903,microbody membrane,3/245,65/19880,0.046153846153846156,3.745054945054945,2.4761419502306614,0.04621870774817475,0.2528023257135013,0.21671929948904906,FAR1/PEX5L/PEX7,3
CC,GO:0032153,cell division site,3/245,67/19880,0.04477611940298507,3.633262260127932,2.4116887233460442,0.049803146874952166,0.26834232868444374,0.23004124400999115,ITGB1/SPIRE1/SEPTIN7,3
MF,GO:0030695,GTPase regulator activity,26/241,489/18639,0.053169734151329244,4.112160476542016,7.981802281626308,1.1404367153185497e-9,3.9353942905041816e-7,3.6912926779313054e-7,ARHGEF10L/OBSCN/SIPA1L2/RGS7/RIN3/GNB5/ARHGEF18/SIPA1L3/ARHGAP35/RGPD5/RGPD8/RGPD6/PLCB1/TBC1D10A/RASGEF1B/ARHGAP10/ARHGEF28/DOCK2/DEF6/RAPGEF5/DOCK4/DLC1/PREX2/GNAQ/ARHGEF9/ARHGEF6,26
MF,GO:0060589,nucleoside-triphosphatase regulator activity,26/241,490/18639,0.053061224489795916,4.103768312304174,7.968633490519605,1.1907395735262274e-9,3.9353942905041816e-7,3.6912926779313054e-7,ARHGEF10L/OBSCN/SIPA1L2/RGS7/RIN3/GNB5/ARHGEF18/SIPA1L3/ARHGAP35/RGPD5/RGPD8/RGPD6/PLCB1/TBC1D10A/RASGEF1B/ARHGAP10/ARHGEF28/DOCK2/DEF6/RAPGEF5/DOCK4/DLC1/PREX2/GNAQ/ARHGEF9/ARHGEF6,26
MF,GO:0005096,GTPase activator activity,19/241,271/18639,0.07011070110701106,5.422379078562569,8.393296102129646,2.624316287885683e-9,5.782243554308121e-7,5.423586994963745e-7,ARHGEF10L/SIPA1L2/RGS7/RIN3/GNB5/SIPA1L3/ARHGAP35/RGPD5/RGPD8/RGPD6/PLCB1/TBC1D10A/ARHGAP10/DOCK2/DOCK4/DLC1/PREX2/GNAQ/ARHGEF6,19
MF,GO:0005085,guanyl-nucleotide exchange factor activity,14/241,230/18639,0.06086956521739131,4.707667328161645,6.475487164347189,1.8766614055520163e-6,3.101182972674707e-4,2.9088251786056255e-4,ARHGEF10L/OBSCN/RIN3/ARHGEF18/TBC1D10A/RASGEF1B/ARHGEF28/DOCK2/DEF6/RAPGEF5/DOCK4/PREX2/ARHGEF9/ARHGEF6,14
MF,GO:0030506,ankyrin binding,4/241,19/18639,0.21052631578947367,16.282157676348547,7.6277158491991655,9.069815417248835e-5,0.011990295981602958,0.011246571117388556,OBSCN/CDH1/SPTBN4/NRCAM,4
MF,GO:0003779,actin binding,15/241,443/18639,0.033860045146726865,2.6187443215346144,3.946526512431964,6.830664752162361e-4,0.07525115668632201,0.0705835357723444,ITGB1/SORBS1/MYO7A/SSH2/SPIRE1/ANKRD24/SPTBN4/PRKCE/ADD2/BIN1/MICAL3/SYNPO2/UTRN/SYNE1/SHROOM2,15
MF,GO:0097110,scaffold protein binding,5/241,70/18639,0.07142857142857142,5.524303497332543,4.34039605424445,0.0021188001862632463,0.20007527473142941,0.18766515935474468,LRP4/ADCY5/NLGN1/PDE4D/LYN,5
MF,GO:1990782,protein tyrosine kinase binding,6/241,117/18639,0.05128205128205128,3.9661666134695177,3.6835570537967617,0.004166118371364041,0.23500529211712298,0.220428564466893,ITGB1/LRP4/CDH1/NEDD9/DOCK4/NRG1,6
MF,GO:0030507,spectrin binding,3/241,26/18639,0.11538461538461539,8.923874880306416,4.627420458775375,0.004455705798830704,0.23500529211712298,0.220428564466893,MYO7A/SPTBN4/ADD2,3
MF,GO:0140326,ATPase-coupled intramembrane lipid transporter activity,3/241,27/18639,0.1111111111111111,8.593360995850622,4.518999310107553,0.004965339637016187,0.23500529211712298,0.220428564466893,ATP11A/ABCA12/ABCB1,3
MF,GO:0141003,histone H2AX kinase activity,11/241,354/18639,0.031073446327683617,2.4032280751107673,3.050740599124396,0.006557216136150555,0.23500529211712298,0.220428564466893,OBSCN/KSR2/DCLK1/VRK1/KSR1/JAK3/SPEG/PDGFRA/RPS6KA2/LYN/TAF1,11
MF,GO:0140996,histone H3 kinase activity,11/241,357/18639,0.03081232492997199,2.3830328812022734,3.019796162824321,0.006967754340923664,0.23500529211712298,0.220428564466893,OBSCN/KSR2/DCLK1/VRK1/KSR1/JAK3/SPEG/PDGFRA/RPS6KA2/LYN/TAF1,11
MF,GO:0035173,histone kinase activity,11/241,360/18639,0.030555555555555555,2.363174273858921,2.989160833161783,0.007398156011230279,0.23500529211712298,0.220428564466893,OBSCN/KSR2/DCLK1/VRK1/KSR1/JAK3/SPEG/PDGFRA/RPS6KA2/LYN/TAF1,11
MF,GO:0032050,clathrin heavy chain binding,2/241,11/18639,0.18181818181818182,14.061863447755565,4.959538145193867,0.008479099209796519,0.23500529211712298,0.220428564466893,TOM1/SNAP91,2
MF,GO:0071889,14-3-3 protein binding,3/241,33/18639,0.09090909090909091,7.030931723877782,3.9686037754966192,0.008750511129761662,0.23500529211712298,0.220428564466893,KSR1/PRKCE/SYNPO2,3
MF,GO:0005078,MAP-kinase scaffold activity,2/241,12/18639,0.16666666666666666,12.890041493775934,4.715474532956683,0.01008874945441865,0.23500529211712298,0.220428564466893,KSR2/KSR1,2
MF,GO:0008179,adenylate cyclase binding,2/241,12/18639,0.16666666666666666,12.890041493775934,4.715474532956683,0.01008874945441865,0.23500529211712298,0.220428564466893,AKAP6/ADCY5,2
MF,GO:0140333,glycerophospholipid flippase activity,2/241,13/18639,0.15384615384615385,11.898499840408556,4.4988495184957955,0.011822200819628202,0.23500529211712298,0.220428564466893,ATP11A/ABCB1,2
MF,GO:0005161,platelet-derived growth factor receptor binding,2/241,14/18639,0.14285714285714285,11.048606994665086,4.304717005514865,0.013676010070484553,0.23500529211712298,0.220428564466893,PDGFRA/LYN,2
MF,GO:0008331,high voltage-gated calcium channel activity,2/241,14/18639,0.14285714285714285,11.048606994665086,4.304717005514865,0.013676010070484553,0.23500529211712298,0.220428564466893,CACNA1C/CACNB4,2
MF,GO:0042043,neurexin family protein binding,2/241,14/18639,0.14285714285714285,11.048606994665086,4.304717005514865,0.013676010070484553,0.23500529211712298,0.220428564466893,NLGN1/CPE,2
MF,GO:0004694,eukaryotic translation initiation factor 2alpha kinase activity,8/241,243/18639,0.03292181069958848,2.546181035807592,2.776672418610841,0.013997337557040853,0.23500529211712298,0.220428564466893,OBSCN/KSR2/DCLK1/VRK1/KSR1/SPEG/RPS6KA2/TAF1,8
MF,GO:0004676,3-phosphoinositide-dependent protein kinase activity,8/241,245/18639,0.0326530612244898,2.525395884494877,2.7507453606794043,0.01463977703410584,0.23500529211712298,0.220428564466893,OBSCN/KSR2/DCLK1/VRK1/KSR1/SPEG/RPS6KA2/TAF1,8
MF,GO:0004711,ribosomal protein S6 kinase activity,8/241,245/18639,0.0326530612244898,2.525395884494877,2.7507453606794043,0.01463977703410584,0.23500529211712298,0.220428564466893,OBSCN/KSR2/DCLK1/VRK1/KSR1/SPEG/RPS6KA2/TAF1,8
MF,GO:0035175,histone H3S10 kinase activity,8/241,245/18639,0.0326530612244898,2.525395884494877,2.7507453606794043,0.01463977703410584,0.23500529211712298,0.220428564466893,OBSCN/KSR2/DCLK1/VRK1/KSR1/SPEG/RPS6KA2/TAF1,8
MF,GO:0035979,histone H2AXS139 kinase activity,8/241,245/18639,0.0326530612244898,2.525395884494877,2.7507453606794043,0.01463977703410584,0.23500529211712298,0.220428564466893,OBSCN/KSR2/DCLK1/VRK1/KSR1/SPEG/RPS6KA2/TAF1,8
MF,GO:0044022,histone H3S28 kinase activity,8/241,245/18639,0.0326530612244898,2.525395884494877,2.7507453606794043,0.01463977703410584,0.23500529211712298,0.220428564466893,OBSCN/KSR2/DCLK1/VRK1/KSR1/SPEG/RPS6KA2/TAF1,8
MF,GO:0044023,histone H4S1 kinase activity,8/241,245/18639,0.0326530612244898,2.525395884494877,2.7507453606794043,0.01463977703410584,0.23500529211712298,0.220428564466893,OBSCN/KSR2/DCLK1/VRK1/KSR1/SPEG/RPS6KA2/TAF1,8
MF,GO:0044024,histone H2AS1 kinase activity,8/241,245/18639,0.0326530612244898,2.525395884494877,2.7507453606794043,0.01463977703410584,0.23500529211712298,0.220428564466893,OBSCN/KSR2/DCLK1/VRK1/KSR1/SPEG/RPS6KA2/TAF1,8
MF,GO:0044025,histone H2BS14 kinase activity,8/241,245/18639,0.0326530612244898,2.525395884494877,2.7507453606794043,0.01463977703410584,0.23500529211712298,0.220428564466893,OBSCN/KSR2/DCLK1/VRK1/KSR1/SPEG/RPS6KA2/TAF1,8
MF,GO:0072354,histone H3T3 kinase activity,8/241,245/18639,0.0326530612244898,2.525395884494877,2.7507453606794043,0.01463977703410584,0.23500529211712298,0.220428564466893,OBSCN/KSR2/DCLK1/VRK1/KSR1/SPEG/RPS6KA2/TAF1,8
MF,GO:0072371,histone H2AS121 kinase activity,8/241,245/18639,0.0326530612244898,2.525395884494877,2.7507453606794043,0.01463977703410584,0.23500529211712298,0.220428564466893,OBSCN/KSR2/DCLK1/VRK1/KSR1/SPEG/RPS6KA2/TAF1,8
MF,GO:0072518,Rho-dependent protein serine/threonine kinase activity,8/241,245/18639,0.0326530612244898,2.525395884494877,2.7507453606794043,0.01463977703410584,0.23500529211712298,0.220428564466893,OBSCN/KSR2/DCLK1/VRK1/KSR1/SPEG/RPS6KA2/TAF1,8
MF,GO:0140823,histone H2BS36 kinase activity,8/241,245/18639,0.0326530612244898,2.525395884494877,2.7507453606794043,0.01463977703410584,0.23500529211712298,0.220428564466893,OBSCN/KSR2/DCLK1/VRK1/KSR1/SPEG/RPS6KA2/TAF1,8
MF,GO:0140855,histone H3S57 kinase activity,8/241,245/18639,0.0326530612244898,2.525395884494877,2.7507453606794043,0.01463977703410584,0.23500529211712298,0.220428564466893,OBSCN/KSR2/DCLK1/VRK1/KSR1/SPEG/RPS6KA2/TAF1,8
MF,GO:0140995,histone H2A kinase activity,8/241,245/18639,0.0326530612244898,2.525395884494877,2.7507453606794043,0.01463977703410584,0.23500529211712298,0.220428564466893,OBSCN/KSR2/DCLK1/VRK1/KSR1/SPEG/RPS6KA2/TAF1,8
MF,GO:0140997,histone H4 kinase activity,8/241,245/18639,0.0326530612244898,2.525395884494877,2.7507453606794043,0.01463977703410584,0.23500529211712298,0.220428564466893,OBSCN/KSR2/DCLK1/VRK1/KSR1/SPEG/RPS6KA2/TAF1,8
MF,GO:0140998,histone H2B kinase activity,8/241,245/18639,0.0326530612244898,2.525395884494877,2.7507453606794043,0.01463977703410584,0.23500529211712298,0.220428564466893,OBSCN/KSR2/DCLK1/VRK1/KSR1/SPEG/RPS6KA2/TAF1,8
MF,GO:1990244,histone H2AT120 kinase activity,8/241,245/18639,0.0326530612244898,2.525395884494877,2.7507453606794043,0.01463977703410584,0.23500529211712298,0.220428564466893,OBSCN/KSR2/DCLK1/VRK1/KSR1/SPEG/RPS6KA2/TAF1,8
MF,GO:0004677,DNA-dependent protein kinase activity,8/241,246/18639,0.032520325203252036,2.515130047566036,2.737877715543529,0.014968926440857145,0.23500529211712298,0.220428564466893,OBSCN/KSR2/DCLK1/VRK1/KSR1/SPEG/RPS6KA2/TAF1,8
MF,GO:0140857,histone H3T45 kinase activity,8/241,246/18639,0.032520325203252036,2.515130047566036,2.737877715543529,0.014968926440857145,0.23500529211712298,0.220428564466893,OBSCN/KSR2/DCLK1/VRK1/KSR1/SPEG/RPS6KA2/TAF1,8
MF,GO:0035402,histone H3T11 kinase activity,8/241,247/18639,0.032388663967611336,2.5049473348228535,2.725073167211051,0.015303424464537797,0.23500529211712298,0.220428564466893,OBSCN/KSR2/DCLK1/VRK1/KSR1/SPEG/RPS6KA2/TAF1,8
MF,GO:0035403,histone H3T6 kinase activity,8/241,247/18639,0.032388663967611336,2.5049473348228535,2.725073167211051,0.015303424464537797,0.23500529211712298,0.220428564466893,OBSCN/KSR2/DCLK1/VRK1/KSR1/SPEG/RPS6KA2/TAF1,8
MF,GO:0004679,AMP-activated protein kinase activity,8/241,248/18639,0.03225806451612903,2.494846740730826,2.7123311070850034,0.01564331747829563,0.23500529211712298,0.220428564466893,OBSCN/KSR2/DCLK1/VRK1/KSR1/SPEG/RPS6KA2/TAF1,8
MF,GO:0098631,cell adhesion mediator activity,4/241,76/18639,0.05263157894736842,4.070539419087137,3.069871936229154,0.01693385234555136,0.244174317464864,0.2290288605570585,NFASC/ITGB1/ITGA9/NRCAM,4
MF,GO:0005521,lamin binding,2/241,16/18639,0.125,9.667531120331951,3.9696612419972457,0.017731266623772272,0.244174317464864,0.2290288605570585,PLCB1/SYNE1,2
MF,GO:0140327,flippase activity,2/241,16/18639,0.125,9.667531120331951,3.9696612419972457,0.017731266623772272,0.244174317464864,0.2290288605570585,ATP11A/ABCB1,2
MF,GO:0140328,floppase activity,2/241,16/18639,0.125,9.667531120331951,3.9696612419972457,0.017731266623772272,0.244174317464864,0.2290288605570585,ATP11A/ABCB1,2
MF,GO:0005178,integrin binding,6/241,161/18639,0.037267080745341616,2.8822453029561093,2.745266727091793,0.018431080360524536,0.24863151261850447,0.2332095882352084,ITGB1/ITGA9/EDIL3/UTRN/NRG1/LYN,6
MF,GO:0106310,protein serine kinase activity,10/241,361/18639,0.027700831024930747,2.142389167940598,2.5085699101632084,0.019438051184761516,0.2569710366625473,0.24103183469104286,OBSCN/KSR2/DCLK1/MAP3K9/VRK1/KSR1/PRKCE/SPEG/RPS6KA2/TAF1,10
MF,GO:0140303,intramembrane lipid transporter activity,3/241,45/18639,0.06666666666666667,5.156016597510373,3.194625725445228,0.020328613511910832,0.263474775124962,0.2471321642624454,ATP11A/ABCA12/ABCB1,3
MF,GO:0030276,clathrin binding,3/241,46/18639,0.06521739130434782,5.043929280173191,3.142900275294688,0.02154413059291221,0.2691052808799167,0.2524134253336586,BIN1/TOM1/SNAP91,3
MF,GO:0051020,GTPase binding,9/241,315/18639,0.02857142857142857,2.209721398933017,2.478297085115161,0.021765072880326208,0.2691052808799167,0.2524134253336586,RPH3AL/AP3M1/RIN3/RGPD8/BIN1/PEX5L/TNPO1/DOCK2/DOCK4,9
MF,GO:0034185,apolipoprotein binding,2/241,18/18639,0.1111111111111111,8.593360995850622,3.688855704034837,0.02222830641850453,0.2691052808799167,0.2524134253336586,LRP4/LPA,2
MF,GO:0030165,PDZ domain binding,4/241,83/18639,0.04819277108433735,3.7272409138629206,2.849989339481848,0.022630601608778583,0.2691052808799167,0.2524134253336586,TBC1D10A/NLGN1/DOCK4/EXOC4,4
MF,GO:0043495,protein-membrane adaptor activity,3/241,47/18639,0.06382978723404255,4.936611635914187,3.0926538466254683,0.02279863196562078,0.2691052808799167,0.2524134253336586,AKAP6/SPTBN4/SYNE1,3
MF,GO:0005546,"phosphatidylinositol-4,5-bisphosphate binding",4/241,86/18639,0.046511627906976744,3.5972208819839815,2.762955606910851,0.025388461646825723,0.29348744737074994,0.2752832335398865,OBSCN/COMMD1/PLCB1/SNAP91,4
MF,GO:0004674,protein serine/threonine kinase activity,11/241,433/18639,0.025404157043879907,1.964763830460073,2.324773036345001,0.025752302492440995,0.29348744737074994,0.2752832335398865,EEF2K/OBSCN/KSR2/DCLK1/MAP3K9/VRK1/KSR1/PRKCE/SPEG/RPS6KA2/TAF1,11
MF,GO:0035591,signaling adaptor activity,5/241,129/18639,0.03875968992248062,2.997684068319985,2.6058014391040647,0.02621931154328348,0.2937451683069556,0.2755249687599281,SORBS1/KSR2/GNB5/KSR1/BIN1,5
MF,GO:0052745,inositol phosphate phosphatase activity,2/241,20/18639,0.1,7.73402489626556,3.4485331670411283,0.02714194515225144,0.2990137624273034,0.2804667665732649,INPP4A/MTMR7,2
MF,GO:0005048,signal sequence binding,3/241,51/18639,0.058823529411764705,4.549426409567977,2.9050245052847785,0.02820612745733295,0.3056434467097882,0.2866852298942038,PEX5L/TNPO1/PEX7,3
MF,GO:0008373,sialyltransferase activity,2/241,21/18639,0.09523809523809523,7.36573799644339,3.34052527382396,0.029747391546123967,0.31211152082520544,0.2927521072793153,ST6GALNAC3/ST6GAL1,2
MF,GO:0010314,phosphatidylinositol-5-phosphate binding,2/241,21/18639,0.09523809523809523,7.36573799644339,3.34052527382396,0.029747391546123967,0.31211152082520544,0.2927521072793153,OBSCN/TOM1,2
MF,GO:0031267,small GTPase binding,8/241,283/18639,0.028268551236749116,2.186296790463763,2.301550011835949,0.03127895013700629,0.3230529068837681,0.30301482945224845,RPH3AL/AP3M1/RIN3/RGPD8/PEX5L/TNPO1/DOCK2/DOCK4,8
MF,GO:0002020,protease binding,5/241,136/18639,0.03676470588235294,2.8433915059799855,2.4693851350993947,0.0319265429233466,0.32466838265126313,0.304530101730383,ACR/ITGB1/BIN1/DPP4/SLC6A3,5
MF,GO:0015377,chloride:monoatomic cation symporter activity,2/241,22/18639,0.09090909090909091,7.030931723877782,3.239393978818839,0.03244799173071049,0.324971553545449,0.304814467773341,SLC12A8/SLC6A3,2
MF,GO:0004725,protein tyrosine phosphatase activity,4/241,98/18639,0.04081632653061224,3.1567448556185957,2.45001136766876,0.03837737044784611,0.378618535313825,0.3551338757860386,PTPRF/SSH2/PTPN12/MTMR7,4
MF,GO:0015296,monoatomic anion:monoatomic cation symporter activity,2/241,25/18639,0.08,6.187219917012449,2.9703503569457124,0.041092260533866616,0.3994409443071446,0.3746647283970192,SLC12A8/SLC6A3,2
MF,GO:0008238,exopeptidase activity,4/241,102/18639,0.0392156862745098,3.0329509397119843,2.3562975233354804,0.04341254338535349,0.41587958228577765,0.39008372317274154,AGBL4/DPP4/METAP1/CPE,4
MF,GO:0015026,coreceptor activity,3/241,61/18639,0.04918032786885246,3.8036188014420786,2.510193899137885,0.04441765947368746,0.4194296130301059,0.3934135553383747,ITGB1/LRP4/IL2RB,3
MF,GO:0042578,phosphoric ester hydrolase activity,9/241,363/18639,0.024793388429752067,1.9175268337848497,2.0204791814913694,0.04704748845739055,0.43405395043192424,0.40713078557911203,PTPRF/LHPP/SSH2/PHLPP1/INPP4A/PLCB1/PDE4D/PTPN12/MTMR7,9
MF,GO:0034593,phosphatidylinositol bisphosphate phosphatase activity,2/241,27/18639,0.07407407407407407,5.728907330567081,2.8142911914859243,0.047279704131767845,0.43405395043192424,0.40713078557911203,INPP4A/MTMR7,2
